cliente_id,idade,plano,ciclo,valor_mensal,regiao,canal_aquisicao,nps,data_assinatura,data_cancelamento,data_ultimo_acesso,data_extracao,dias_ativos_ult_mes,horas_assistidas_total,motivo_cancelamento,churn
5746,36,BASICO,Anual,19.9,Sudeste,Indicacao,6,2023-04-11,,2024-01-29,2024-01-31,15,276,,0
4100,48,Padrão,Mensal,34.9,Sudeste,orgânico,8,2022-06-02,,2024-01-30,2024-01-31,14,394.9,,0
4690,48,Premium,Mensal,55.9,Nordeste,orgânico,4,2021-03-20,2022-11-17,2022-10-31,2024-01-31,5,257,PREÇO,1
3454,46,BASICO,Anual,1990,Sul,Google,10,2023-04-02,,2024-01-13,2024-01-31,19,385,,0
1437,46,Basico,Mensal,19.9,Norte,indicação,8,2023-04-21,,2024-01-16,2024-01-31,11,205.3,,0
1521,27,premium,Mensal,55.9,Sul,Organico,10,2022-11-22,,2024-01-20,2024-01-31,7,200.9,,0
4918,37,Basico,Mensal,19.9,?,instagram,4,2023-10-12,2023-12-28,2023-12-09,2024-01-31,5,29.6,problema tecnico,1
3842,29,Padrão,Mensal,34.9,Sudeste,IG,9,2022-01-21,,2024-01-12,2024-01-31,22,900,,0
1958,48,BASICO,Mensal,19.9,Sudeste,Indicacao,2,2023-04-26,2023-12-17,2023-12-07,2024-01-31,5,65.4,Falta de tempo,1
3475,43,BASICO,Mensal,19.9,Sudeste,indicação,10,2023-10-07,,2024-01-25,2024-01-31,11,55.3,,0
4356,30,básico,Mensal,19.9,?,Organico,8,2020-12-22,,2024-01-11,2024-01-31,15,900,,0
3426,48,premium,Anual,55.9,Nordeste,indicação,5,2023-08-18,2023-11-16,2023-07-02,2024-01-31,2,17,Preço,1
5127,29,Padrao,Mensal,34.9,Sudeste,Organico,8,2023-05-16,,2024-01-02,2024-01-31,7,87.8,,0
3823,26,BASICO,Mensal,19.9,Sul,IG,7,2023-10-21,,2024-01-16,2024-01-31,11,54.9,,0
5581,18,Padrao,Mensal,3490,Sudeste,orgânico,7,2023-07-22,,2024-01-27,2024-01-31,15,160.7,,0
2624,20,padrão,Mensal,34.9,Sul,google,6,2022-04-05,,2024-01-26,2024-01-31,12,378.2,,0
5842,1,BASICO,Mensal,19.9,Sudeste,Google,9,2023-05-25,,2024-01-22,2024-01-31,11,170.1,,0
5149,27,padrão,Mensal,34.9,Sudeste,Organico,3,2022-04-16,2023-04-15,2023-03-29,2024-01-31,2,76.9,Falta de tempo,1
5858,21,Premium,Anual,55.9,Sudeste,Google,1,2023-02-22,2023-10-02,2023-09-17,2024-01-31,2,40.9,problema tecnico,1
3105,52,padrão,Mensal,34.9,Sudeste,Google,6,2022-01-20,,2024-01-27,2024-01-31,13,718,,0
1020,38,Padrao,Mensal,34.9,Sul,Organico,4,2022-10-02,2023-08-26,2023-07-27,2024-01-31,1,23.2,Pouco conteúdo novo,1
3041,19,padrão,Mensal,34.9,Sul,Instagram,7,2023-03-05,,2024-01-19,2024-01-31,19,374.8,,0
1777,26,premium,Mensal,55.9,Sul,Google,7,2022-02-19,,2024-01-04,2024-01-31,9,317.9,,0
2292,32,padrão,Mensal,34.9,Sudeste,instagram,2,2023-08-15,2023-12-25,2023-12-07,2024-01-31,3,34.9,Pouco conteúdo novo,1
2808,40,BASICO,Mensal,19.9,Centro-Oeste,Google,3,2023-10-12,2024-01-03,2023-12-15,2024-01-31,2,14.1,Pouco conteúdo novo,1
3419,33,padrão,Mensal,34.9,Sudeste,IG,6,2022-04-23,,2024-01-17,2024-01-31,10,361.3,,0
2771,33,Padrão,Anual,34.9,Norte,Instagram,5,2023-11-30,2024-01-05,2023-12-12,2024-01-31,3,11.5,Outro,1
2741,44,Basico,Mensal,19.9,Sudeste,Organico,8,2022-05-28,,2024-01-08,2024-01-31,13,520.9,,0
3821,24,padrão,Mensal,34.9,Sul,Google,4,2023-04-25,2023-09-15,2023-08-11,2024-01-31,1,21,preco,1
5979,31,Padrão,Mensal,3490,Sudeste,Instagram,10,2023-08-22,,2024-01-03,2024-01-31,14,117.2,,0
3087,42,Padrao,Mensal,34.9,Sudeste,Organico,3,2023-02-02,2023-10-01,2023-08-23,2024-01-31,3,60.1,Pouco conteúdo novo,1
4731,18,padrão,Anual,34.9,Norte,Indicacao,7,2022-05-31,,2024-01-05,2024-01-31,11,480.8,,0
3719,19,BASICO,Mensal,19.9,Sul,instagram,9,2022-03-28,,2024-01-31,2024-01-31,16,783.2,,0
5371,32,Padrão,Mensal,34.9,Nordeste,instagram,6,2023-11-14,,2024-01-10,2024-01-31,11,34.5,,0
1433,56,Padrão,Anual,3490,?,orgânico,9,2023-04-14,,2024-01-22,2024-01-31,11,180.4,,0
3537,46,BASICO,Anual,19.9,Sudeste,Organico,6,2023-04-01,2023-10-08,2023-10-04,2024-01-31,8,128.5,Falta de tempo,1
3606,38,premium,Mensal,55.9,Sudeste,IG,8,2023-01-03,,2024-01-08,2024-01-31,13,366.9,,0
5208,26,Basico,Anual,19.9,Sul,Organico,7,2023-03-10,,2024-01-24,2024-01-31,14,223.6,,0
2410,18,Basico,Anual,19.9,Sul,orgânico,7,2023-05-28,,2024-01-08,2024-01-31,16,297.1,,0
5636,43,Premium,Anual,55.9,Sudeste,Indicacao,6,2023-07-22,2023-12-30,2023-12-08,2024-01-31,2,17,PREÇO,1
5870,40,Padrao,Mensal,34.9,Sudeste,orgânico,7,2023-07-02,,2024-01-29,2024-01-31,15,167.6,,0
5906,61,premium,Mensal,55.9,Sudeste,Organico,2,2023-10-14,2024-01-02,2023-11-30,2024-01-31,1,5.2,PREÇO,1
4776,61,básico,Anual,1990,Sudeste,orgânico,4,2023-10-01,2023-12-15,2023-11-25,2024-01-31,6,47.8,problema tecnico,1
3809,0,Padrão,Mensal,3490,Sul,instagram,5,2022-06-13,,2024-01-13,2024-01-31,14,636.8,,0
2736,32,Premium,Mensal,55.9,Sul,Google,6,2023-07-04,2023-11-21,2023-11-04,2024-01-31,5,65.6,Pouco conteúdo novo,1
2563,23,Basico,Mensal,19.9,Sul,IG,3,2022-11-26,2023-12-14,2023-11-06,2024-01-31,3,86,Pouco conteúdo novo,1
3181,50,Padrão,Mensal,34.9,Nordeste,orgânico,6,2023-08-15,,2024-01-25,2024-01-31,22,227.1,,0
4454,44,Basico,Mensal,19.9,Sudeste,Organico,9,2022-10-19,,2024-01-02,2024-01-31,17,566.7,,0
2207,38,Padrao,Mensal,3490,Sudeste,Google,6,2021-08-31,,2024-01-28,2024-01-31,13,667.4,,0
2416,48,Padrão,Mensal,34.9,Sudeste,Indicacao,5,2023-03-12,,2024-01-22,2024-01-31,13,286,,0
3993,22,padrão,Mensal,34.9,Sul,instagram,8,2021-08-04,,2024-01-13,2024-01-31,23,900,,0
2155,41,premium,Mensal,55.9,Centro-Oeste,IG,6,2023-07-31,,2024-01-12,2024-01-31,13,115.6,,0
5993,35,Padrão,Mensal,34.9,Nordeste,orgânico,10,2023-02-20,,2024-01-17,2024-01-31,19,412.6,,0
4652,24,Padrão,Anual,34.9,Norte,Instagram,7,2022-09-23,2023-07-25,2023-06-27,2024-01-31,2,67,Pouco conteúdo novo,1
3496,53,básico,Mensal,19.9,Nordeste,orgânico,7,2023-04-09,,2024-01-17,2024-01-31,11,196.6,,0
4720,26,padrão,Mensal,34.9,Sudeste,Indicacao,7,2023-08-08,,2024-01-18,2024-01-31,13,135.9,,0
2749,35,Padrao,Mensal,34.9,Centro-Oeste,Instagram,9,2022-07-09,,2024-01-12,2024-01-31,11,447.2,,0
3175,46,Premium,Mensal,55.9,Sudeste,Instagram,7,2023-05-03,2024-01-09,2023-12-28,2024-01-31,0,0,Falta de tempo,1
5562,40,premium,Mensal,55.9,Sudeste,Instagram,8,2022-04-10,,2024-01-11,2024-01-31,17,753.4,,0
2361,18,Padrão,Mensal,34.9,Norte,orgânico,1,2023-04-06,2023-09-23,2023-09-03,2024-01-31,3,70.7,preco,1
3294,41,BASICO,Mensal,19.9,Sudeste,Instagram,9,2022-09-02,,2024-01-27,2024-01-31,17,648.2,,0
5850,34,básico,Anual,19.9,Sul,Organico,7,2023-05-05,2023-12-07,2023-12-03,2024-01-31,2,26.8,Concorrente,1
2740,35,Basico,Anual,19.9,Nordeste,Instagram,0,2023-08-28,2024-01-15,2023-12-07,2024-01-31,3,29.6,Falta de tempo,1
2541,29,BASICO,Mensal,19.9,Nordeste,Google,8,2023-07-10,,2024-01-27,2024-01-31,8,113.8,,0
5442,42,padrão,Anual,34.9,Sudeste,orgânico,8,2023-11-05,2024-01-25,2024-01-16,2024-01-31,2,9.3,Falta de tempo,1
5781,42,Basico,Anual,19.9,Nordeste,IG,2,2022-02-05,2023-04-06,2023-03-14,2024-01-31,3,121.8,Concorrente,1
4805,31,premium,Mensal,55.9,Sudeste,Organico,1,2023-06-13,2023-10-31,2023-10-14,2024-01-31,5,54.7,Preço,1
4471,44,Premium,Mensal,55.9,Norte,Indicacao,2,2023-07-01,2024-01-11,2023-12-18,2024-01-31,3,40.4,PREÇO,1
5259,41,padrão,Mensal,34.9,?,google,5,2023-05-03,,2024-01-28,2024-01-31,8,139.9,,0
3331,21,Basico,Anual,19.9,Nordeste,IG,10,2023-06-28,,2024-01-30,2024-01-31,13,217.2,,0
2794,40,premium,Anual,55.9,Sudeste,Organico,8,2023-03-01,,2024-01-03,2024-01-31,12,264.1,,0
4846,20,básico,Anual,19.9,Sudeste,google,5,2021-11-18,2023-04-19,2023-03-17,2024-01-31,1,56.6,Pouco conteúdo novo,1
5527,42,Padrão,Mensal,34.9,Sudeste,instagram,10,2022-09-22,,2024-01-31,2024-01-31,10,231.5,,0
4279,53,BASICO,Mensal,19.9,Nordeste,Organico,7,2019-02-14,,2024-01-28,2024-01-31,15,900,,0
3962,44,Padrão,Anual,34.9,Sul,indicação,4,2022-08-03,,2024-01-27,2024-01-31,16,611.2,,0
1922,30,Basico,Mensal,19.9,Sul,Google,9,2023-06-27,,2024-01-21,2024-01-31,11,144.4,,0
4993,50,premium,Mensal,55.9,Nordeste,indicação,9,2021-07-03,,2024-01-09,2024-01-31,16,749.4,,0
1111,30,padrão,Mensal,34.9,Sudeste,Instagram,3,2023-06-13,2023-11-23,2023-11-12,2024-01-31,2,20.3,Preço,1
5298,35,Padrao,Mensal,34.9,Sudeste,google,6,2023-03-25,,2024-01-22,2024-01-31,13,251.7,,0
1009,37,BASICO,Mensal,19.9,Centro-Oeste,Instagram,10,2023-07-09,,2024-01-18,2024-01-31,12,172.8,,0
4291,47,Padrão,Mensal,34.9,Sul,instagram,3,2022-03-22,,,2024-01-31,13,604.3,,0
1209,25,básico,Mensal,1990,Sudeste,Google,4,2023-11-13,2024-01-17,2023-12-16,2024-01-31,2,8.3,Pouco conteúdo novo,1
5432,37,Padrão,Mensal,34.9,Sul,IG,7,2022-05-25,,2024-01-09,2024-01-31,18,557.6,,0
2971,47,Premium,Mensal,55.9,Norte,instagram,5,2023-03-13,2023-12-05,2023-11-29,2024-01-31,0,0,PREÇO,1
3807,47,Basico,Anual,19.9,Nordeste,Instagram,5,2023-07-05,,2024-01-17,2024-01-31,19,308,,0
4836,44,padrão,Anual,34.9,Sudeste,Indicacao,8,2021-07-04,,2024-01-04,2024-01-31,22,900,,0
1884,31,Basico,Mensal,19.9,Nordeste,indicação,2,2023-10-18,2024-01-19,2023-12-11,2024-01-31,3,21.5,Problema técnico,1
2176,18,BASICO,Anual,19.9,Centro-Oeste,IG,9,2023-03-13,,2024-01-13,2024-01-31,9,189.1,,0
4711,40,Padrão,Mensal,34.9,Sudeste,Organico,5,2022-09-21,,2024-01-16,2024-01-31,16,533.4,,0
1685,28,BASICO,Mensal,1990,Sul,Instagram,10,2022-03-26,,2024-01-13,2024-01-31,19,863.4,,0
2275,21,premium,Mensal,55.9,Centro-Oeste,IG,3,2023-08-29,2023-11-29,2023-11-01,2024-01-31,0,0,PREÇO,1
2230,34,Padrao,Anual,34.9,Norte,instagram,4,2023-06-11,2023-11-04,2023-09-30,2024-01-31,2,31.4,PREÇO,1
2224,42,BASICO,Anual,19.9,Sudeste,indicação,4,2023-08-23,2023-11-27,2023-11-19,2024-01-31,5,51.7,Falta de tempo,1
4567,34,básico,Anual,19.9,Sudeste,orgânico,6,2023-07-21,,2024-01-12,2024-01-31,12,134.2,,0
3277,41,básico,Mensal,19.9,Norte,Organico,1,2022-05-14,,2024-01-04,2024-01-31,16,466.5,,0
3773,44,básico,Mensal,19.9,Sudeste,instagram,7,2023-10-08,,2024-01-27,2024-01-31,11,56,,0
3337,55,premium,Anual,55.9,Sudeste,orgânico,4,2023-06-29,2024-01-18,2023-12-13,2024-01-31,2,23.5,Preço,1
4390,32,Padrao,Anual,34.9,Sudeste,IG,8,2022-12-26,,2024-01-18,2024-01-31,21,637.6,,0
1439,28,BASICO,Mensal,19.9,Sudeste,IG,7,2021-10-16,,2024-01-14,2024-01-31,12,522.8,,0
5984,36,Premium,Anual,55.9,Sudeste,google,2,2022-06-07,2023-11-12,2023-10-18,2024-01-31,3,108.5,Preço,1
5150,30,padrão,Anual,34.9,Sudeste,Organico,10,2020-09-13,,2024-01-06,2024-01-31,14,853.8,,0
3640,26,BASICO,Mensal,19.9,Sudeste,instagram,5,2023-03-21,2023-08-26,2023-08-01,2024-01-31,3,47.2,preco,1
5522,18,Padrao,Mensal,34.9,Nordeste,Instagram,6,2022-11-14,,2024-01-23,2024-01-31,7,165.1,,0
1033,31,padrão,Mensal,34.9,Sudeste,Instagram,2,2023-09-15,2023-12-31,2023-12-03,2024-01-31,4,36.2,problema tecnico,1
1451,54,Padrão,Mensal,34.9,Sudeste,IG,8,2020-08-10,,2024-01-20,2024-01-31,10,840.9,,0
5437,44,Padrao,Mensal,34.9,Sudeste,IG,7,2020-06-14,,2024-01-10,2024-01-31,18,900,,0
3610,36,Basico,Mensal,1990,Nordeste,Organico,4,2023-08-12,2023-12-26,2023-11-21,2024-01-31,3,31.5,Pouco conteúdo novo,1
4064,36,premium,Anual,5590,Sul,instagram,9,2022-07-06,,2024-01-14,2024-01-31,10,339.1,,0
1821,43,Padrao,Mensal,34.9,Nordeste,IG,9,2023-05-12,,2024-01-02,2024-01-31,17,251.8,,0
1023,20,básico,Mensal,19.9,Sudeste,Instagram,2,2023-06-29,2023-11-24,2023-10-25,2024-01-31,3,36.9,Pouco conteúdo novo,1
4529,41,básico,Mensal,19.9,Nordeste,IG,5,2022-11-06,,2024-01-08,2024-01-31,10,270.7,,0
2959,32,padrão,Mensal,34.9,Nordeste,Instagram,7,2023-03-15,,2024-01-24,2024-01-31,19,276.8,,0
5153,22,premium,Mensal,55.9,Nordeste,IG,5,2023-10-14,,2024-01-11,2024-01-31,12,83.8,,0
4500,37,Basico,Mensal,19.9,Sudeste,Instagram,2,2023-10-23,2023-12-24,2023-12-03,2024-01-31,5,23.8,Pouco conteúdo novo,1
5857,20,Basico,Anual,19.9,Sudeste,Organico,5,2022-12-12,,2024-01-25,2024-01-31,18,488.9,,0
5295,23,básico,Mensal,19.9,Nordeste,orgânico,8,2023-03-30,,2024-01-12,2024-01-31,16,346.2,,0
4975,35,Basico,Mensal,19.9,Nordeste,instagram,6,2023-11-25,2024-01-09,2023-12-22,2024-01-31,1,3.1,Preço,1
1424,30,premium,Mensal,55.9,Sul,Indicacao,7,2023-03-20,,2024-01-19,2024-01-31,16,276,,0
1367,29,BASICO,Mensal,19.9,Centro-Oeste,google,4,2023-06-14,,2024-01-09,2024-01-31,14,173.4,,0
2119,53,Padrão,Mensal,34.9,Sudeste,Google,5,2023-08-03,2023-11-18,2023-10-31,2024-01-31,3,25.7,Falta de tempo,1
1057,36,padrão,Mensal,34.9,Norte,Instagram,6,2022-08-28,,2024-01-22,2024-01-31,10,376.9,,0
5753,52,Basico,Mensal,19.9,Norte,orgânico,10,2022-05-26,,2024-01-06,2024-01-31,11,512.7,,0
4420,31,Basico,Mensal,19.9,Sul,google,7,2022-08-18,,2024-01-13,2024-01-31,12,391.7,,0
5438,26,Basico,Anual,19.9,Sul,Organico,7,2022-08-24,,2024-01-10,2024-01-31,22,770.4,,0
5209,54,Padrão,Anual,34.9,Sudeste,Instagram,7,2023-10-17,,2024-01-02,2024-01-31,18,96,,0
1350,37,Padrao,Mensal,34.9,Sudeste,google,9,2023-12-31,,2024-01-23,2024-01-31,10,18,,0
5368,22,BASICO,Mensal,19.9,Sudeste,Organico,7,2022-03-24,,2024-01-24,2024-01-31,16,720.6,,0
1285,31,padrão,Anual,34.9,Sudeste,orgânico,6,2022-09-14,,2024-01-19,2024-01-31,20,644.2,,0
5218,50,premium,Anual,55.9,Sul,instagram,9,2022-07-28,,2024-01-23,2024-01-31,9,249.5,,0
4923,38,básico,Anual,19.9,Sudeste,Instagram,8,2022-06-15,,2024-01-22,2024-01-31,11,365.7,,0
5559,56,Premium,Mensal,55.9,Norte,orgânico,3,2023-03-23,2023-10-24,2023-10-14,2024-01-31,3,43.7,Pouco conteúdo novo,1
5284,36,premium,Mensal,5590,Centro-Oeste,instagram,8,2022-10-13,,2024-01-16,2024-01-31,11,392.4,,0
5311,22,Basico,Mensal,19.9,Sudeste,Organico,0,2023-10-01,2024-01-21,2024-01-08,2024-01-31,1,8,Concorrente,1
2365,38,premium,Anual,55.9,Nordeste,instagram,6,2020-11-24,,2024-01-03,2024-01-31,18,900,,0
2820,18,Padrao,Mensal,34.9,Centro-Oeste,Google,1,2023-07-08,2023-12-12,2023-12-05,2024-01-31,5,70.1,Falta de tempo,1
2171,42,Padrão,Mensal,3490,?,orgânico,10,2021-04-16,,2024-01-06,2024-01-31,10,505.2,,0
4937,35,BASICO,Mensal,19.9,Sul,Organico,6,2022-05-20,,2024-01-26,2024-01-31,9,392.5,,0
5862,24,Basico,Mensal,19.9,Sudeste,Indicacao,8,2022-08-06,,2024-01-14,2024-01-31,16,669,,0
2100,42,Basico,Anual,19.9,Sul,indicação,2,2022-08-16,2023-05-17,2023-05-03,2024-01-31,4,99.8,Pouco conteúdo novo,1
2021,28,Basico,Mensal,19.9,Sudeste,orgânico,6,2022-10-11,,2024-01-29,2024-01-31,17,563.2,,0
3698,38,Premium,Mensal,55.9,Sudeste,indicação,5,2022-06-27,,2024-01-21,2024-01-31,14,572.8,,0
2543,31,BASICO,Mensal,19.9,Nordeste,Organico,5,2023-11-29,2024-01-11,2023-12-20,2024-01-31,4,11.3,Pouco conteúdo novo,1
5226,33,básico,Mensal,19.9,Nordeste,google,8,2021-07-14,,2024-01-09,2024-01-31,11,601.5,,0
2094,31,básico,Mensal,19.9,Sudeste,Indicacao,10,2023-03-30,,2024-01-20,2024-01-31,11,253.1,,0
4123,41,Premium,Anual,55.9,Sudeste,IG,2,2023-09-27,2024-01-05,2023-12-13,2024-01-31,2,16.4,PREÇO,1
1808,55,Premium,Mensal,55.9,Sudeste,orgânico,8,2022-10-13,,2024-01-02,2024-01-31,11,332.4,,0
4898,27,premium,Mensal,55.9,Sul,orgânico,10,2023-01-18,,2024-01-27,2024-01-31,18,459.6,,0
5211,27,Basico,Mensal,19.9,Sul,Organico,5,2023-01-11,,2024-01-28,2024-01-31,12,344,,0
2698,47,BASICO,Anual,19.9,Sudeste,Google,7,2023-08-04,,2024-01-31,2024-01-31,14,193.3,,0
5076,45,Padrao,Mensal,34.9,Sudeste,Organico,8,2019-02-11,,2024-01-05,2024-01-31,14,900,,0
2989,29,Padrao,Mensal,34.9,Norte,Indicacao,6,2022-06-24,,2024-01-09,2024-01-31,14,427.4,,0
2374,38,BASICO,Mensal,1990,Norte,indicação,7,2022-12-07,,2024-01-04,2024-01-31,18,592.9,,0
4791,39,BASICO,Mensal,19.9,Sul,Indicacao,4,2023-06-10,2024-01-10,2023-12-20,2024-01-31,5,62.4,Falta de tempo,1
5661,34,Basico,Mensal,1990,Norte,instagram,8,2022-06-01,,2024-01-11,2024-01-31,15,703.4,,0
5155,31,Padrao,Mensal,34.9,Sudeste,Organico,8,2023-10-24,,2024-01-20,2024-01-31,13,79.8,,0
3818,43,Padrao,Mensal,3490,Sudeste,Organico,6,2022-08-23,,2024-01-14,2024-01-31,20,554.5,,0
4085,28,Basico,Mensal,19.9,Sudeste,Instagram,10,2023-03-31,,2024-01-15,2024-01-31,13,289.8,,0
4845,28,Padrao,Anual,34.9,Nordeste,indicação,9,2023-01-22,,2024-01-04,2024-01-31,16,298.4,,0
2037,38,BASICO,Mensal,1990,Nordeste,Indicacao,9,2022-06-02,,2024-01-23,2024-01-31,16,564.7,,0
5207,32,básico,Anual,19.9,Nordeste,orgânico,6,2023-08-28,,2024-01-12,2024-01-31,15,164.1,,0
5170,45,Basico,Anual,19.9,Nordeste,instagram,3,2023-01-24,2023-09-29,2023-09-06,2024-01-31,4,102.3,Pouco conteúdo novo,1
4526,43,padrão,Mensal,34.9,Norte,IG,8,2023-04-27,,2024-01-22,2024-01-31,17,267.9,,0
1279,25,básico,Mensal,19.9,Sudeste,Indicacao,5,2023-09-20,,2024-01-13,2024-01-31,11,81.6,,0
2074,35,Basico,Mensal,19.9,Sudeste,google,7,2022-10-01,,2024-01-29,2024-01-31,17,624.8,,0
5638,43,premium,Mensal,55.9,Sudeste,Indicacao,10,2023-07-25,,2024-01-20,2024-01-31,11,131.2,,0
5994,35,premium,Mensal,55.9,Sudeste,indicação,10,2021-08-08,,2024-01-18,2024-01-31,11,600.4,,0
1841,35,BASICO,Mensal,19.9,Nordeste,orgânico,5,2023-03-10,2023-09-07,2023-08-10,2024-01-31,3,57,Falta de tempo,1
2352,28,BASICO,Mensal,19.9,Nordeste,google,8,2021-12-20,,2024-01-08,2024-01-31,13,587.7,,0
5038,31,Basico,Mensal,19.9,Sudeste,Instagram,5,2023-02-19,,2024-01-23,2024-01-31,11,209.6,,0
1550,52,Basico,Anual,19.9,Nordeste,indicação,7,2022-11-10,,2024-01-26,2024-01-31,16,352.6,,0
4718,35,Basico,Anual,1990,Sul,IG,8,2022-12-04,,2024-01-21,2024-01-31,20,486.7,,0
4558,31,Padrão,Mensal,34.9,Nordeste,instagram,2,2023-05-28,2023-11-16,2023-11-05,2024-01-31,2,24.6,Pouco conteúdo novo,1
1261,36,Padrao,Mensal,34.9,Sul,google,6,2023-03-19,,2024-01-23,2024-01-31,10,205.7,,0
3643,18,Padrão,Mensal,34.9,Sudeste,orgânico,8,2022-03-30,,2024-01-25,2024-01-31,14,646.8,,0
5935,46,premium,Mensal,55.9,Sudeste,Organico,7,2023-09-25,,2024-01-22,2024-01-31,11,103.8,,0
1534,30,Padrao,Anual,3490,Centro-Oeste,Organico,10,2023-09-21,,2024-01-06,2024-01-31,13,78,,0
1928,25,premium,Mensal,55.9,Sudeste,Instagram,9,2022-10-05,,2024-01-14,2024-01-31,9,228.5,,0
4315,27,Padrao,Mensal,34.9,Sudeste,indicação,10,2023-08-30,,2024-01-25,2024-01-31,11,96.1,,0
1611,24,Padrao,Mensal,3490,Nordeste,orgânico,6,2023-09-12,,2024-01-02,2024-01-31,15,102.7,,0
3082,47,Padrão,Mensal,34.9,Sudeste,IG,4,2023-11-02,,2024-01-29,2024-01-31,21,124.7,,0
3937,38,Premium,Mensal,55.9,Centro-Oeste,Instagram,5,2023-02-24,,2024-01-23,2024-01-31,18,462.9,,0
1836,46,Basico,Mensal,1990,Sul,Organico,5,2023-10-28,2023-12-22,2023-11-23,2024-01-31,3,19.9,Falta de tempo,1
3278,25,padrão,Mensal,34.9,Centro-Oeste,orgânico,0,2023-07-05,2023-11-14,2023-10-09,2024-01-31,4,58.8,Pouco conteúdo novo,1
3943,35,BASICO,Anual,19.9,Sudeste,orgânico,2,2021-03-26,2022-11-19,2022-10-19,2024-01-31,4,282.6,Falta de tempo,1
3911,44,Basico,Mensal,19.9,Sudeste,orgânico,4,2022-11-18,2023-08-30,2023-08-10,2024-01-31,0,0,Falta de tempo,1
5512,36,premium,Mensal,55.9,Sudeste,indicação,7,2023-12-16,,2024-01-13,2024-01-31,11,16,,0
5849,300,Premium,Mensal,55.9,Sul,Indicacao,6,2023-10-18,2024-01-23,2024-01-12,2024-01-31,2,11.2,Preço,1
1241,37,Padrão,Mensal,3490,Sul,instagram,9,2023-09-22,,2024-01-15,2024-01-31,14,93.7,,0
2631,26,Padrao,Mensal,34.9,Sudeste,IG,7,2023-01-06,,2024-01-06,2024-01-31,24,480.5,,0
2081,41,Padrão,Mensal,34.9,Norte,indicação,0,2023-06-01,2023-11-19,2023-11-05,2024-01-31,3,50.2,Falta de tempo,1
5791,47,Padrão,Mensal,34.9,Centro-Oeste,Organico,9,2022-10-31,,2024-01-26,2024-01-31,8,220.3,,0
3216,26,Premium,Mensal,55.9,Sudeste,orgânico,9,2022-06-18,,2024-01-15,2024-01-31,18,776.8,,0
2370,54,Padrao,Mensal,3490,Norte,indicação,5,2023-09-14,,,2024-01-31,19,112.4,,0
1115,38,BASICO,Anual,19.9,Sudeste,Instagram,5,2023-01-13,2023-10-04,2023-08-26,2024-01-31,3,55.3,problema tecnico,1
3684,28,padrão,Mensal,34.9,Nordeste,Google,8,2022-11-14,,2024-01-20,2024-01-31,12,317.5,,0
1346,51,padrão,Mensal,34.9,Sudeste,Instagram,5,2023-05-13,,2024-01-10,2024-01-31,9,155.1,,0
5431,51,Basico,Mensal,1990,Sul,IG,3,2023-03-04,2023-11-12,2023-11-04,2024-01-31,6,146.4,preco,1
5082,33,Premium,Anual,55.9,Norte,orgânico,7,2023-06-12,,,2024-01-31,16,214,,0
4163,26,Basico,Anual,19.9,?,Google,5,2023-07-09,2023-11-27,2023-10-26,2024-01-31,1,9.8,Outro,1
4363,53,Basico,Mensal,19.9,Sul,orgânico,7,2022-03-06,,2024-01-08,2024-01-31,16,752.2,,0
1017,33,Padrao,Mensal,34.9,Sul,Organico,3,2023-08-25,2023-11-21,2023-10-24,2024-01-31,4,38.6,preco,1
3165,38,Padrão,Mensal,34.9,Sul,Instagram,8,2022-04-30,,2024-01-19,2024-01-31,14,456.4,,0
3664,47,Basico,Anual,19.9,Sul,Indicacao,4,2023-05-04,2023-11-13,2023-10-12,2024-01-31,4,79.3,Pouco conteúdo novo,1
3686,42,Padrão,Mensal,34.9,Sudeste,Indicacao,1,2023-06-29,2023-11-18,2023-11-01,2024-01-31,2,24.9,Falta de tempo,1
3875,40,Padrao,Mensal,34.9,Centro-Oeste,indicação,7,2023-03-10,,2024-01-05,2024-01-31,11,262.6,,0
5068,50,padrão,Mensal,34.9,Sudeste,google,9,2022-12-10,,2024-01-25,2024-01-31,11,325.6,,0
4620,19,Basico,Mensal,19.9,Sul,instagram,6,2023-08-26,2024-01-05,2023-12-28,2024-01-31,2,23.3,Concorrente,1
2865,47,Basico,Mensal,19.9,Sudeste,Google,5,2021-10-04,,2024-01-26,2024-01-31,20,798.1,,0
3991,33,básico,Mensal,19.9,Norte,Indicacao,7,2021-10-21,2023-08-02,2023-07-16,2024-01-31,3,168.5,Outro,1
1024,47,padrão,Mensal,34.9,Sudeste,Google,5,2022-04-07,,2024-01-04,2024-01-31,10,426,,0
2767,42,Basico,Mensal,19.9,Sul,Indicacao,10,2023-11-22,,2024-01-22,2024-01-31,15,43.5,,0
2157,18,Basico,Mensal,19.9,Sudeste,orgânico,9,2021-10-12,,2024-01-23,2024-01-31,12,688.8,,0
3073,41,Padrao,Mensal,34.9,Sudeste,orgânico,2,2023-07-09,2023-11-03,2023-10-23,2024-01-31,4,56.4,PREÇO,1
4007,30,básico,Anual,19.9,Sudeste,Indicacao,7,2023-07-20,2023-12-11,2023-11-25,2024-01-31,7,87.7,PREÇO,1
2059,31,básico,Mensal,19.9,Centro-Oeste,instagram,10,2022-12-22,,2024-01-04,2024-01-31,18,423.4,,0
3971,41,Padrao,Anual,34.9,Sul,google,7,2021-11-26,,2024-01-06,2024-01-31,15,900,,0
4755,24,Premium,Mensal,55.9,Norte,instagram,7,2023-05-15,,2024-01-24,2024-01-31,12,178.8,,0
4908,26,Padrao,Anual,34.9,Nordeste,Organico,10,2023-07-27,,2024-01-14,2024-01-31,14,176.7,,0
3325,40,Padrão,Mensal,34.9,Nordeste,IG,4,2023-06-28,2023-11-26,2023-11-02,2024-01-31,1,13.3,Falta de tempo,1
5096,39,Basico,Mensal,19.9,Centro-Oeste,IG,5,2022-11-24,2023-12-31,2023-12-20,2024-01-31,2,50.8,preco,1
2277,24,básico,Mensal,1990,Sudeste,instagram,6,2022-05-15,,2024-01-20,2024-01-31,18,779.6,,0
5812,29,Basico,Mensal,19.9,Centro-Oeste,IG,7,2021-09-16,,2024-01-28,2024-01-31,14,819.7,,0
3376,65,padrão,Mensal,34.9,Sul,Indicacao,7,2023-04-29,,2024-01-15,2024-01-31,8,167.7,,0
1213,34,BASICO,Anual,19.9,Sudeste,Indicacao,0,2022-10-14,2023-10-21,2023-09-24,2024-01-31,7,216.8,PREÇO,1
2503,20,Padrão,Mensal,34.9,Sul,Indicacao,10,2023-03-13,,2024-01-05,2024-01-31,14,221.7,,0
4691,36,Premium,Mensal,55.9,Sul,orgânico,7,2023-05-03,,2024-01-31,2024-01-31,13,252.8,,0
5317,37,básico,Mensal,19.9,Nordeste,instagram,7,2023-09-24,,2024-01-29,2024-01-31,11,66.2,,0
1967,19,Padrao,Mensal,34.9,Sudeste,orgânico,4,2022-06-07,2023-12-10,2023-12-07,2024-01-31,0,0,problema tecnico,1
4213,22,Padrão,Mensal,34.9,Norte,Google,7,2022-11-24,,2024-01-14,2024-01-31,17,405.6,,0
3004,51,Padrao,Mensal,34.9,Nordeste,IG,8,2022-10-30,,2024-01-23,2024-01-31,18,639.8,,0
1591,26,Basico,Mensal,19.9,Sudeste,google,6,2022-10-05,,2024-01-11,2024-01-31,7,199.9,,0
2234,47,BASICO,Anual,19.9,Sudeste,Organico,7,2021-09-06,,2024-01-22,2024-01-31,12,700.7,,0
3505,35,padrão,Mensal,34.9,Norte,orgânico,7,2022-01-28,,2024-01-30,2024-01-31,14,637.4,,0
4401,22,Premium,Mensal,55.9,Sul,instagram,10,2022-05-26,,2024-01-02,2024-01-31,12,553,,0
1666,20,premium,Mensal,55.9,Sudeste,google,10,2022-03-09,,2024-01-23,2024-01-31,15,683.5,,0
2629,29,básico,Mensal,19.9,Sul,orgânico,9,2019-07-01,,2024-01-06,2024-01-31,18,900,,0
2099,30,Basico,Mensal,1990,Sudeste,Organico,6,2023-07-15,2023-11-17,2023-10-22,2024-01-31,4,49.4,Preço,1
4532,18,BASICO,Mensal,19.9,Nordeste,orgânico,7,2022-06-19,,2024-01-17,2024-01-31,12,427.7,,0
3931,24,Basico,Anual,19.9,Norte,Instagram,2,2023-06-29,,2024-01-05,2024-01-31,18,216.6,,0
3538,47,básico,Anual,19.9,Sudeste,orgânico,9,2023-01-13,,2024-01-27,2024-01-31,8,178.4,,0
1445,30,Padrao,Mensal,34.9,Centro-Oeste,Instagram,6,2023-01-05,2023-11-01,2023-10-06,2024-01-31,5,130.7,Pouco conteúdo novo,1
5985,41,Padrao,Anual,34.9,Sudeste,instagram,8,2023-02-13,,2024-01-20,2024-01-31,19,296.3,,0
3635,35,padrão,Anual,34.9,Nordeste,Indicacao,6,2022-09-08,2023-08-01,2023-07-18,2024-01-31,3,104.9,Concorrente,1
3393,43,BASICO,Mensal,19.9,Norte,IG,7,2023-02-20,,2024-01-13,2024-01-31,8,167.5,,0
3904,33,básico,Mensal,19.9,Nordeste,indicação,7,2023-02-21,,2024-01-07,2024-01-31,13,252.8,,0
5215,40,Basico,Mensal,19.9,Sul,indicação,9,2023-08-09,,2024-01-27,2024-01-31,11,82.5,,0
4438,33,Padrão,Mensal,34.9,Sul,orgânico,4,2023-07-02,2023-11-24,2023-11-03,2024-01-31,5,54.1,Pouco conteúdo novo,1
3831,38,Padrao,Mensal,34.9,Nordeste,Instagram,7,2023-02-20,,2024-01-05,2024-01-31,8,135.9,,0
4335,29,Padrao,Anual,3490,Sudeste,Instagram,1,2023-08-09,2023-11-22,2023-10-14,2024-01-31,6,54.4,Concorrente,1
1879,38,Padrao,Mensal,34.9,Sudeste,Instagram,6,2021-09-03,,2024-01-03,2024-01-31,10,642.7,,0
4853,35,Padrao,Mensal,34.9,Sudeste,indicação,2,2023-04-10,2023-10-08,2023-09-05,2024-01-31,5,98.3,Problema técnico,1
4290,35,premium,Anual,55.9,Sul,instagram,10,2021-02-03,,2024-01-13,2024-01-31,18,900,,0
4560,34,básico,Mensal,19.9,Sudeste,Organico,4,2022-09-17,,2024-01-04,2024-01-31,10,382.7,,0
4095,41,BASICO,Mensal,19.9,Sudeste,indicação,7,2022-08-26,,2024-01-20,2024-01-31,12,372.4,,0
5776,36,premium,Mensal,55.9,Sul,Instagram,7,2023-08-10,,2024-01-29,2024-01-31,6,51.2,,0
4249,35,padrão,Mensal,3490,Sudeste,Organico,5,2023-08-19,2023-12-23,2023-11-15,2024-01-31,3,28.4,PREÇO,1
2218,43,padrão,Mensal,3490,Sul,Google,7,2021-09-10,,2024-01-25,2024-01-31,21,900,,0
3799,19,Basico,Mensal,19.9,Centro-Oeste,Instagram,4,2023-08-03,2023-12-23,2023-12-18,2024-01-31,3,28.2,PREÇO,1
5921,36,Padrão,Mensal,34.9,Nordeste,Organico,9,2022-07-24,,2024-01-05,2024-01-31,18,643.5,,0
4222,32,premium,Anual,55.9,Sul,Google,8,2023-05-30,,2024-01-23,2024-01-31,13,232.8,,0
2056,18,Padrao,Anual,34.9,Sudeste,Organico,10,2023-06-29,,2024-01-14,2024-01-31,15,187.4,,0
1529,21,BASICO,Mensal,19.9,Sul,instagram,8,2023-04-28,,2024-01-27,2024-01-31,17,288.2,,0
5182,30,premium,Mensal,55.9,Nordeste,instagram,8,2022-12-18,,2024-01-08,2024-01-31,12,315.6,,0
2943,39,BASICO,Mensal,19.9,Sudeste,orgânico,4,2023-10-29,2024-01-08,2023-12-03,2024-01-31,4,22.1,PREÇO,1
1590,31,Padrão,Anual,34.9,Sul,indicação,7,2023-10-27,,2024-01-26,2024-01-31,16,68.5,,0
2746,23,Padrão,Anual,34.9,Sudeste,Instagram,4,2023-08-03,,2024-01-29,2024-01-31,19,188.7,,0
4594,65,Padrão,Mensal,3490,Centro-Oeste,google,7,2023-10-31,,2024-01-21,2024-01-31,9,41.1,,0
3491,31,Basico,Mensal,1990,Sudeste,Indicacao,9,2022-07-25,,2024-01-19,2024-01-31,11,303.6,,0
5532,52,Premium,Anual,55.9,Centro-Oeste,Indicacao,9,2022-06-17,,2024-01-05,2024-01-31,17,742.7,,0
2278,23,básico,Mensal,19.9,Nordeste,Indicacao,10,2023-10-27,,2024-01-21,2024-01-31,12,52.7,,0
5018,19,BASICO,Mensal,19.9,Sudeste,IG,7,2022-08-25,,2024-01-21,2024-01-31,15,581.1,,0
1660,36,básico,Mensal,19.9,Sudeste,IG,6,2021-11-10,2023-08-15,2023-08-04,2024-01-31,3,183.4,PREÇO,1
1762,53,Premium,Anual,55.9,Sudeste,Indicacao,10,2022-08-06,,2024-01-22,2024-01-31,9,268,,0
3117,29,padrão,Mensal,34.9,Sudeste,orgânico,0,2022-09-26,2023-09-25,2023-09-01,2024-01-31,5,130.4,Concorrente,1
1006,18,básico,Anual,19.9,Sudeste,Organico,6,2023-05-03,,2024-01-23,2024-01-31,14,247,,0
1322,19,básico,Mensal,19.9,Sul,instagram,5,2022-12-03,2023-12-11,2023-12-06,2024-01-31,3,79.3,Problema técnico,1
4942,41,Basico,Mensal,19.9,Centro-Oeste,orgânico,10,2023-11-15,,2024-01-11,2024-01-31,18,67.6,,0
1203,40,BASICO,Mensal,19.9,Nordeste,indicação,0,2023-04-26,2023-10-24,2023-09-26,2024-01-31,5,91.8,PREÇO,1
1838,52,Padrao,Mensal,34.9,Sudeste,Instagram,3,2022-08-13,,2024-01-28,2024-01-31,11,327.5,,0
3205,35,Padrão,Mensal,34.9,Sudeste,instagram,9,2022-11-19,,2024-01-19,2024-01-31,17,344.7,,0
3343,59,Premium,Anual,5590,Nordeste,google,8,2022-02-27,,2024-01-03,2024-01-31,9,301.3,,0
2414,25,Basico,Mensal,19.9,Sul,Indicacao,9,2023-09-19,,2024-01-10,2024-01-31,14,82.9,,0
1447,19,padrão,Mensal,3490,Centro-Oeste,IG,6,2021-12-26,,2024-01-11,2024-01-31,17,818.2,,0
2091,25,Padrão,Mensal,3490,Sul,Indicacao,6,2023-03-27,2023-12-16,2023-12-07,2024-01-31,3,43.6,Pouco conteúdo novo,1
4611,25,Basico,Anual,19.9,Sudeste,google,6,2023-02-08,,2024-01-09,2024-01-31,17,372,,0
1893,38,Padrão,Mensal,3490,Sul,google,6,2023-04-29,2023-11-19,2023-10-25,2024-01-31,2,33,Pouco conteúdo novo,1
3410,27,Basico,Mensal,19.9,Nordeste,Organico,7,2023-10-22,2023-12-26,2023-12-15,2024-01-31,1,6.3,Pouco conteúdo novo,1
1199,18,Padrão,Mensal,34.9,Sudeste,IG,6,2023-08-04,2024-01-24,2024-01-14,2024-01-31,3,40.3,Preço,1
3023,44,Basico,Mensal,19.9,Sudeste,IG,6,2022-09-11,,2024-01-31,2024-01-31,5,145.9,,0
3757,47,BASICO,Mensal,19.9,Sul,orgânico,7,2023-05-26,,2024-01-25,2024-01-31,15,179,,0
5341,32,BASICO,Anual,19.9,Centro-Oeste,google,8,2023-01-23,,2024-01-02,2024-01-31,17,308.7,,0
1331,33,Premium,Mensal,55.9,Nordeste,indicação,3,2023-07-29,2023-12-27,2023-12-14,2024-01-31,4,49.5,preco,1
1500,18,Padrao,Mensal,34.9,Sul,Organico,4,2022-10-22,,2024-01-12,2024-01-31,11,244.4,,0
4051,39,padrão,Mensal,34.9,Sudeste,Organico,4,2023-04-18,,2024-01-19,2024-01-31,15,300.9,,0
2174,46,Padrao,Anual,3490,Centro-Oeste,IG,6,2023-05-28,,2024-01-03,2024-01-31,14,253.5,,0
3816,28,Padrao,Mensal,34.9,Centro-Oeste,Google,5,2021-04-20,,2024-01-06,2024-01-31,15,885.6,,0
3100,25,premium,Mensal,5590,Sul,Google,4,2023-05-23,2023-12-15,2023-11-30,2024-01-31,1,17.3,preco,1
2735,37,premium,Mensal,55.9,Sul,orgânico,2,2023-08-25,2024-01-14,2023-12-28,2024-01-31,4,44.6,problema tecnico,1
5938,26,Padrao,Mensal,34.9,?,Instagram,3,2023-01-23,2023-11-07,2023-10-14,2024-01-31,3,71.3,Preço,1
2831,28,BASICO,Mensal,19.9,Sudeste,Google,7,2022-03-30,,2024-01-12,2024-01-31,18,673.1,,0
4041,26,Premium,Mensal,55.9,Centro-Oeste,Organico,7,2023-07-27,,2024-01-17,2024-01-31,13,134.2,,0
4668,22,BASICO,Mensal,19.9,Nordeste,Organico,3,2023-09-14,2024-01-12,2024-01-01,2024-01-31,2,17.2,preco,1
2137,26,BASICO,Mensal,19.9,Norte,orgânico,5,2022-11-05,,2024-01-06,2024-01-31,17,445.8,,0
1898,30,BASICO,Anual,19.9,Sudeste,instagram,8,2023-05-02,,2024-01-09,2024-01-31,14,253.7,,0
4440,29,Basico,Anual,19.9,Sul,Instagram,7,2023-08-29,,2024-01-14,2024-01-31,11,110.6,,0
1698,18,premium,Anual,55.9,Sudeste,google,10,2022-06-28,,2024-01-29,2024-01-31,10,361.5,,0
4094,37,básico,Mensal,19.9,Norte,instagram,10,2022-10-01,,2024-01-13,2024-01-31,10,299.3,,0
2999,50,BASICO,Mensal,19.9,Nordeste,Indicacao,8,2022-05-02,,2024-01-28,2024-01-31,11,498.7,,0
4890,36,Padrao,Mensal,3490,Sudeste,Instagram,6,2022-05-29,,2024-01-08,2024-01-31,13,450.4,,0
5058,44,Padrao,Anual,34.9,Nordeste,Organico,3,2023-02-04,2023-12-07,2023-11-12,2024-01-31,3,50.9,Preço,1
1205,47,Padrão,Mensal,34.9,Sul,indicação,10,2021-03-29,,2024-01-14,2024-01-31,17,900,,0
3738,18,padrão,Mensal,34.9,Sudeste,Organico,2,2022-03-01,2023-09-09,2023-08-28,2024-01-31,2,107.9,Preço,1
2417,30,básico,Anual,19.9,Centro-Oeste,orgânico,6,2022-06-29,,2024-01-31,2024-01-31,11,411.4,,0
1671,26,Padrao,Mensal,34.9,Norte,Google,4,2023-01-17,2023-12-26,2023-12-16,2024-01-31,1,27.3,Pouco conteúdo novo,1
1981,34,básico,Anual,1990,Sul,orgânico,6,2023-11-01,2024-01-11,2023-12-10,2024-01-31,7,32.7,Pouco conteúdo novo,1
4605,31,padrão,Mensal,34.9,Nordeste,instagram,9,2022-01-26,,2024-01-16,2024-01-31,16,621.6,,0
3425,24,Padrao,Mensal,34.9,Norte,Instagram,8,2021-07-02,,2024-01-06,2024-01-31,18,848.8,,0
5406,51,Basico,Mensal,19.9,Nordeste,instagram,7,2021-11-27,,2024-01-16,2024-01-31,13,672.4,,0
3824,22,Padrao,Mensal,34.9,Sudeste,orgânico,7,2023-05-17,2023-10-01,2023-09-06,2024-01-31,4,59.3,PREÇO,1
3934,48,Padrão,Anual,34.9,Sudeste,Instagram,8,2023-11-26,,2024-01-07,2024-01-31,6,27.3,,0
5244,22,Padrão,Anual,34.9,Centro-Oeste,instagram,6,2023-05-20,2024-01-04,2023-12-19,2024-01-31,3,37.6,problema tecnico,1
2065,29,básico,Mensal,19.9,Sudeste,instagram,7,2022-01-21,,2024-01-17,2024-01-31,18,801.5,,0
4999,25,BASICO,Anual,19.9,Sudeste,Instagram,7,2023-04-21,,2024-01-14,2024-01-31,7,132.1,,0
2947,63,Padrão,Mensal,34.9,Sudeste,Google,6,2022-10-26,,2024-01-16,2024-01-31,14,474.4,,0
3193,29,BASICO,Mensal,19.9,Sudeste,Organico,8,2023-02-27,,2024-01-26,2024-01-31,11,246.8,,0
5750,20,BASICO,Mensal,19.9,Sudeste,orgânico,10,2023-10-12,,2024-01-20,2024-01-31,11,58,,0
2208,26,premium,Mensal,55.9,Nordeste,indicação,7,2022-04-26,,2024-01-02,2024-01-31,11,552.5,,0
2506,37,premium,Mensal,55.9,Centro-Oeste,Instagram,4,2023-05-27,2023-10-13,2023-09-09,2024-01-31,6,75,preco,1
4515,62,Padrão,Mensal,34.9,Sudeste,Google,9,2023-01-16,,2024-01-17,2024-01-31,21,367.3,,0
4277,38,básico,Mensal,19.9,?,google,7,2022-06-23,,2024-01-13,2024-01-31,15,600.6,,0
5016,29,Padrao,Mensal,3490,Sudeste,instagram,6,2022-04-24,,2024-01-16,2024-01-31,18,669.5,,0
4468,32,padrão,Mensal,34.9,Centro-Oeste,orgânico,2,2023-10-25,2024-01-19,2024-01-15,2024-01-31,2,11.8,Outro,1
5660,43,Padrão,Anual,34.9,Sudeste,Indicacao,6,2022-03-11,,2024-01-18,2024-01-31,15,571.3,,0
4522,36,premium,Anual,55.9,Sul,Google,5,2022-11-30,2023-11-22,2023-11-17,2024-01-31,2,47.7,preco,1
3645,24,premium,Mensal,55.9,Sudeste,Organico,9,2022-06-02,,2024-01-11,2024-01-31,11,505.3,,0
2979,38,Padrao,Mensal,3490,Sudeste,indicação,8,2023-01-10,,2024-01-19,2024-01-31,14,257.7,,0
1240,18,Premium,Mensal,5590,Sudeste,Google,4,2023-11-24,,2024-01-07,2024-01-31,11,43.2,,0
1471,32,BASICO,Anual,19.9,Sudeste,indicação,7,2023-09-12,2023-12-30,2023-11-22,2024-01-31,5,34.9,PREÇO,1
1549,54,Padrão,Anual,34.9,Sul,Organico,10,2021-11-30,,2024-01-04,2024-01-31,16,746.8,,0
1229,29,premium,Mensal,55.9,Sul,Organico,1,2022-09-08,2023-11-10,2023-10-17,2024-01-31,1,23.9,Outro,1
3745,35,padrão,Anual,34.9,Sul,Instagram,7,2023-12-01,2024-01-26,2024-01-18,2024-01-31,3,11.4,preco,1
3051,42,Premium,Anual,5590,Norte,orgânico,4,2023-05-28,2023-10-23,2023-09-16,2024-01-31,2,33.8,preco,1
5242,50,Padrão,Mensal,34.9,Sul,Indicacao,7,2022-08-15,,2024-01-24,2024-01-31,15,390.3,,0
4273,38,Padrão,Mensal,34.9,Sudeste,Google,8,2023-09-02,2024-01-19,2024-01-07,2024-01-31,4,39.6,Pouco conteúdo novo,1
5989,32,Padrão,Mensal,34.9,Sudeste,Indicacao,7,2022-01-15,,2024-01-04,2024-01-31,9,309.3,,0
1538,58,Padrao,Mensal,3490,Norte,indicação,5,2022-04-03,,2024-01-13,2024-01-31,14,725.5,,0
5707,44,padrão,Mensal,34.9,Sudeste,orgânico,3,2023-11-01,2024-01-05,2023-12-13,2024-01-31,6,32.5,Concorrente,1
4378,25,Basico,Mensal,19.9,Nordeste,Indicacao,7,2022-10-01,,2024-01-10,2024-01-31,16,612.3,,0
2638,47,Padrao,Mensal,3490,Sudeste,google,8,2020-12-01,,2024-01-13,2024-01-31,14,900,,0
3617,51,básico,Mensal,19.9,Sudeste,indicação,9,2023-05-01,,2024-01-14,2024-01-31,11,181.6,,0
2968,40,Basico,Mensal,19.9,Sudeste,Indicacao,10,2022-04-25,,2024-01-17,2024-01-31,15,450.3,,0
2425,28,básico,Mensal,19.9,Centro-Oeste,Organico,3,2023-06-18,2023-10-13,2023-09-19,2024-01-31,3,45.9,problema tecnico,1
1192,35,Padrao,Mensal,34.9,Sudeste,instagram,10,2022-08-04,,2024-01-02,2024-01-31,14,465.5,,0
1873,29,padrão,Mensal,34.9,Sudeste,Organico,6,2022-08-13,,,2024-01-31,13,485,,0
2463,26,BASICO,Mensal,19.9,Sudeste,google,10,2023-05-29,,2024-01-08,2024-01-31,19,333.4,,0
1418,50,Padrão,Mensal,34.9,Sudeste,instagram,10,2023-08-17,,2024-01-09,2024-01-31,12,124.8,,0
2890,37,premium,Mensal,55.9,Sudeste,IG,9,2020-08-19,,2024-01-30,2024-01-31,15,900,,0
4980,29,Premium,Anual,55.9,Norte,Indicacao,4,2022-07-02,2023-11-04,2023-10-10,2024-01-31,1,44.4,Pouco conteúdo novo,1
1456,28,BASICO,Mensal,19.9,Sudeste,indicação,6,2020-02-14,,2024-01-30,2024-01-31,16,900,,0
3733,31,Padrao,Mensal,34.9,Sudeste,orgânico,6,2023-06-26,2024-01-03,2023-12-11,2024-01-31,4,59.7,Falta de tempo,1
4789,28,BASICO,Anual,19.9,Sudeste,Organico,10,2023-06-27,,2024-01-05,2024-01-31,9,141.3,,0
5510,27,premium,Anual,55.9,Centro-Oeste,orgânico,10,2023-12-11,,2024-01-25,2024-01-31,20,36.4,,0
4878,32,Basico,Anual,19.9,Sudeste,orgânico,3,2022-07-24,2023-07-08,2023-06-06,2024-01-31,3,77.6,problema tecnico,1
1022,20,BASICO,Mensal,19.9,Nordeste,instagram,7,2023-04-06,,2024-01-12,2024-01-31,10,144.5,,0
5186,23,básico,Mensal,19.9,Nordeste,orgânico,3,2023-09-22,2023-12-23,2023-12-17,2024-01-31,1,6.6,Preço,1
5448,45,BASICO,Mensal,19.9,Sul,Instagram,7,2023-01-30,,2024-01-05,2024-01-31,20,537.6,,0
2679,56,padrão,Mensal,34.9,Centro-Oeste,Organico,8,2022-09-05,2023-11-24,2023-11-21,2024-01-31,2,57.9,Concorrente,1
5248,42,BASICO,Mensal,19.9,Norte,Organico,6,2023-11-11,,2024-01-27,2024-01-31,12,40.6,,0
2901,33,Padrão,Mensal,34.9,Nordeste,Indicacao,3,2023-06-30,,2024-01-23,2024-01-31,11,171.4,,0
4885,51,Premium,Anual,55.9,Sul,Google,6,2022-09-23,2023-11-18,2023-11-04,2024-01-31,0,0,problema tecnico,1
1725,31,premium,Mensal,5590,Nordeste,indicação,5,2023-09-24,2024-01-26,2024-01-19,2024-01-31,3,23.5,problema tecnico,1
1577,20,Padrão,Anual,34.9,Nordeste,IG,8,2022-08-09,,2024-01-07,2024-01-31,14,361.5,,0
2373,36,Padrao,Mensal,34.9,Sudeste,instagram,10,2023-03-02,,2024-01-18,2024-01-31,9,227.9,,0
5041,25,padrão,Anual,3490,Sudeste,Instagram,10,2021-11-24,,2024-01-13,2024-01-31,16,825.2,,0
2843,52,Padrao,Mensal,3490,Sudeste,instagram,3,2023-06-20,2024-01-19,2023-12-29,2024-01-31,1,10.7,Pouco conteúdo novo,1
5164,50,padrão,Mensal,34.9,Sul,instagram,8,2021-11-10,,2024-01-17,2024-01-31,18,900,,0
4113,31,Padrao,Anual,34.9,Sudeste,indicação,8,2021-10-18,,2024-01-19,2024-01-31,10,432.7,,0
2547,18,Padrão,Mensal,34.9,Sudeste,orgânico,6,2022-12-07,2023-12-02,2023-11-16,2024-01-31,2,40.7,PREÇO,1
1379,51,básico,Mensal,19.9,Centro-Oeste,Google,6,2021-06-13,,2024-01-11,2024-01-31,22,900,,0
5274,43,Padrão,Mensal,34.9,Norte,Organico,8,2021-11-06,,2024-01-13,2024-01-31,11,566,,0
5023,31,Basico,Mensal,19.9,Nordeste,IG,10,2023-01-02,,2024-01-12,2024-01-31,22,469.3,,0
3925,42,básico,Anual,19.9,Sudeste,indicação,7,2022-06-21,,2024-01-21,2024-01-31,13,406.6,,0
2188,41,BASICO,Mensal,19.9,Sul,Google,7,2023-05-19,2023-12-08,2023-11-22,2024-01-31,3,35.4,preco,1
2260,32,Padrao,Anual,34.9,Sul,instagram,6,2023-01-09,,2024-01-11,2024-01-31,16,421.3,,0
2992,27,Padrão,Mensal,34.9,Sul,Google,6,2023-02-26,,2024-01-26,2024-01-31,6,96.3,,0
2627,37,Padrao,Anual,34.9,Centro-Oeste,IG,2,2023-07-04,2023-12-23,2023-11-27,2024-01-31,1,11.8,problema tecnico,1
2938,38,Padrão,Mensal,34.9,Norte,indicação,9,2022-05-26,,2024-01-10,2024-01-31,15,642.1,,0
4695,42,padrão,Anual,34.9,Nordeste,Google,6,2020-09-27,,2024-01-02,2024-01-31,12,900,,0
3392,19,BASICO,Anual,19.9,Sudeste,instagram,2,2023-07-30,2023-12-17,2023-11-24,2024-01-31,4,36.5,Pouco conteúdo novo,1
5350,20,Basico,Mensal,19.9,Sudeste,indicação,8,2021-12-10,,2024-01-08,2024-01-31,19,900,,0
3021,28,BASICO,Mensal,19.9,Sul,Organico,0,2023-04-09,2023-09-29,2023-08-25,2024-01-31,2,30.4,Falta de tempo,1
5061,44,básico,Mensal,19.9,Sul,indicação,8,2023-02-10,,2024-01-29,2024-01-31,18,396,,0
1971,36,Padrão,Mensal,34.9,Nordeste,indicação,7,2023-08-24,,2024-01-11,2024-01-31,18,141.7,,0
5278,51,Padrão,Mensal,34.9,Norte,Organico,4,2023-03-10,2023-10-17,2023-09-30,2024-01-31,1,22.9,problema tecnico,1
2460,29,Padrao,Mensal,34.9,Sudeste,google,5,2022-06-22,2023-05-15,2023-04-30,2024-01-31,1,28.3,Falta de tempo,1
1924,33,BASICO,Anual,19.9,Sudeste,Organico,10,2022-10-16,,2024-01-08,2024-01-31,13,378.2,,0
2456,29,BASICO,Mensal,19.9,Nordeste,instagram,3,2023-07-09,,2024-01-16,2024-01-31,8,74.1,,0
4432,38,Padrão,Anual,34.9,Norte,indicação,7,2023-02-20,,2024-01-13,2024-01-31,11,197.5,,0
2203,53,Basico,Mensal,1990,Sudeste,Instagram,2,2023-12-30,2024-01-24,2024-01-08,2024-01-31,4,6.7,Outro,1
3314,45,BASICO,Mensal,1990,Centro-Oeste,Indicacao,8,2022-12-01,,2024-01-21,2024-01-31,14,279,,0
1738,37,BASICO,Anual,19.9,Nordeste,google,8,2021-10-02,,2024-01-09,2024-01-31,13,683.7,,0
1349,32,Padrao,Mensal,34.9,Sul,orgânico,10,2022-10-28,,2024-01-10,2024-01-31,16,497.4,,0
4940,51,BASICO,Mensal,19.9,Sudeste,Indicacao,10,2023-03-25,,2024-01-08,2024-01-31,14,240.5,,0
4209,39,Basico,Mensal,19.9,Centro-Oeste,Instagram,8,2022-07-26,,2024-01-13,2024-01-31,9,265,,0
2173,22,Padrão,Mensal,34.9,Sul,Indicacao,6,2022-08-28,2024-01-13,2024-01-03,2024-01-31,3,104.3,Falta de tempo,1
2028,42,Premium,Anual,55.9,Sudeste,orgânico,6,2020-07-17,,2024-01-15,2024-01-31,16,900,,0
4511,43,Basico,Mensal,19.9,Sul,IG,8,2020-11-29,,2024-01-11,2024-01-31,17,900,,0
3811,31,premium,Anual,55.9,Sudeste,IG,8,2023-03-07,,2024-01-18,2024-01-31,13,277.9,,0
5752,48,Padrão,Anual,3490,Sudeste,IG,8,2023-08-20,,2024-01-05,2024-01-31,17,136.1,,0
3119,46,Padrao,Mensal,34.9,Norte,Google,2,2023-05-10,,2024-01-07,2024-01-31,7,128.4,,0
1939,38,Padrao,Mensal,34.9,Nordeste,instagram,7,2022-07-10,,2024-01-23,2024-01-31,15,536.2,,0
1915,26,premium,Anual,5590,Sudeste,Indicacao,4,2023-10-13,2024-01-07,,2024-01-31,6,40.1,Pouco conteúdo novo,1
4488,56,Basico,Anual,19.9,Nordeste,Indicacao,7,2023-12-25,,2024-01-20,2024-01-31,10,15.6,,0
1779,26,básico,Mensal,19.9,Centro-Oeste,orgânico,3,2021-10-16,,2024-01-18,2024-01-31,13,642.8,,0
1528,36,Premium,Mensal,55.9,Nordeste,orgânico,8,2021-12-22,,2024-01-14,2024-01-31,17,853.1,,0
4616,31,básico,Mensal,19.9,Centro-Oeste,Indicacao,6,2021-08-24,,2024-01-08,2024-01-31,12,768.9,,0
3503,28,padrão,Mensal,34.9,Sudeste,google,10,2023-04-11,,2024-01-21,2024-01-31,19,307.2,,0
5332,54,Premium,Mensal,55.9,Sudeste,Indicacao,8,2022-06-21,,2024-01-06,2024-01-31,11,494.6,,0
2691,31,Basico,Mensal,19.9,Nordeste,orgânico,8,2022-05-26,,,2024-01-31,12,350.6,,0
1820,37,Basico,Anual,19.9,Sul,orgânico,4,2023-01-29,2024-01-09,2023-12-06,2024-01-31,5,125.5,Pouco conteúdo novo,1
4573,33,padrão,Mensal,34.9,Norte,Instagram,6,2022-08-19,,2024-01-16,2024-01-31,22,569.7,,0
5356,28,Premium,Mensal,55.9,Sudeste,orgânico,9,2022-06-23,,2024-01-20,2024-01-31,21,759,,0
1982,46,Basico,Anual,19.9,Sudeste,Indicacao,2,2021-11-11,2023-07-06,2023-06-20,2024-01-31,3,141.1,problema tecnico,1
1979,30,BASICO,Mensal,19.9,Sul,Indicacao,9,2023-03-28,,2024-01-30,2024-01-31,18,275.6,,0
3670,33,BASICO,Anual,19.9,Sudeste,indicação,9,2022-03-27,,2024-01-30,2024-01-31,13,404.9,,0
1031,44,Basico,Mensal,19.9,Sudeste,instagram,5,2022-02-09,,2024-01-03,2024-01-31,21,900,,0
5106,47,Basico,Mensal,19.9,Norte,Instagram,1,2021-01-05,,2024-01-26,2024-01-31,12,860.1,,0
3708,30,Padrão,Mensal,34.9,Sul,Instagram,2,2021-08-30,2023-09-28,2023-09-02,2024-01-31,6,376,Problema técnico,1
1557,47,Padrao,Mensal,34.9,Sudeste,orgânico,7,2023-05-24,,2024-01-04,2024-01-31,15,188.9,,0
1567,56,Padrao,Anual,34.9,Centro-Oeste,Indicacao,6,2022-10-14,,2024-01-07,2024-01-31,18,616.3,,0
2315,31,padrão,Mensal,34.9,Sudeste,Indicacao,10,2022-12-14,,2024-01-19,2024-01-31,23,483.5,,0
1894,39,premium,Mensal,55.9,Sudeste,orgânico,8,2023-09-20,,2024-01-30,2024-01-31,11,62,,0
2742,28,BASICO,Anual,19.9,Norte,orgânico,8,2021-07-19,,2024-01-25,2024-01-31,18,900,,0
5216,36,Premium,Mensal,55.9,Nordeste,google,6,2022-07-31,,2024-01-30,2024-01-31,11,342.1,,0
3107,30,básico,Mensal,19.9,Sudeste,orgânico,9,2023-05-16,,2024-01-21,2024-01-31,12,226.8,,0
5782,34,Padrao,Mensal,34.9,Sudeste,Organico,7,2023-06-28,,2024-01-14,2024-01-31,15,181.5,,0
5257,45,premium,Anual,55.9,Centro-Oeste,google,8,2023-05-27,,2024-01-05,2024-01-31,18,297.7,,0
3209,40,básico,Mensal,19.9,Sul,Indicacao,9,2022-12-25,,2024-01-17,2024-01-31,18,405.2,,0
5067,40,padrão,Mensal,34.9,Sudeste,instagram,2,2022-11-12,2023-07-05,2023-06-24,2024-01-31,5,143.6,preco,1
1641,47,Padrão,Anual,34.9,Sul,indicação,9,2022-03-20,,2024-01-20,2024-01-31,15,485.9,,0
2069,57,Premium,Anual,55.9,Sul,IG,6,2023-07-17,,2024-01-06,2024-01-31,20,280.2,,0
1018,46,padrão,Mensal,34.9,Sudeste,instagram,5,2022-12-14,,2024-01-07,2024-01-31,19,412.7,,0
2577,20,Padrao,Mensal,34.9,Centro-Oeste,IG,5,2023-04-19,2023-09-15,2023-09-09,2024-01-31,4,84.2,Pouco conteúdo novo,1
4645,41,básico,Anual,1990,Sudeste,instagram,10,2023-09-26,,2024-01-30,2024-01-31,17,116,,0
3753,44,premium,Anual,55.9,Nordeste,indicação,0,2023-03-02,2023-10-13,2023-09-29,2024-01-31,2,31.9,Falta de tempo,1
5905,21,BASICO,Mensal,19.9,Nordeste,indicação,8,2022-01-09,,2024-01-21,2024-01-31,22,900,,0
1151,47,padrão,Mensal,34.9,Sudeste,Organico,7,2022-08-06,,2024-01-23,2024-01-31,15,388.6,,0
5188,42,premium,Mensal,55.9,Sudeste,google,7,2023-08-18,,2024-01-30,2024-01-31,15,122.9,,0
2162,52,Basico,Mensal,1990,Nordeste,orgânico,10,2022-01-08,,2024-01-26,2024-01-31,11,633.2,,0
3375,43,Padrão,Mensal,34.9,Sudeste,IG,7,2022-11-03,,2024-01-02,2024-01-31,12,257.8,,0
1676,41,Basico,Mensal,19.9,Sudeste,Organico,6,2022-01-16,,2024-01-08,2024-01-31,12,534.2,,0
1236,32,básico,Mensal,19.9,?,Instagram,7,2020-11-14,,2024-01-17,2024-01-31,11,749.6,,0
5212,24,Padrao,Mensal,34.9,Sudeste,Organico,3,2023-06-05,2024-01-13,2023-12-13,2024-01-31,1,11.5,preco,1
3252,33,Padrao,Mensal,34.9,Norte,google,3,2022-02-06,2023-11-05,2023-10-08,2024-01-31,1,33.9,Falta de tempo,1
1626,18,básico,Anual,19.9,Centro-Oeste,IG,9,2022-05-20,,2024-01-04,2024-01-31,15,622.4,,0
2036,39,padrão,Mensal,34.9,Sudeste,Instagram,8,2022-09-23,,2024-01-22,2024-01-31,16,435.8,,0
2914,47,básico,Anual,19.9,Nordeste,orgânico,7,2023-02-10,,2024-01-02,2024-01-31,14,277,,0
2117,24,básico,Mensal,19.9,Centro-Oeste,Indicacao,8,2022-08-01,,2024-01-13,2024-01-31,12,378.7,,0
4913,55,Padrão,Anual,34.9,?,google,0,2023-01-22,2023-09-09,2023-08-26,2024-01-31,3,84.9,PREÇO,1
3195,50,básico,Mensal,19.9,Sul,IG,6,2023-08-20,2023-12-03,2023-11-16,2024-01-31,2,16.8,preco,1
5593,38,básico,Mensal,19.9,?,indicação,1,2023-07-31,2023-12-17,2023-12-14,2024-01-31,2,22.4,Preço,1
2752,33,Premium,Mensal,55.9,Nordeste,Organico,7,2023-05-22,,2024-01-31,2024-01-31,9,107.9,,0
2364,50,Basico,Mensal,1990,Sudeste,Instagram,6,2022-04-28,2023-06-07,2023-04-30,2024-01-31,4,142,Preço,1
3246,18,premium,Mensal,55.9,Norte,Organico,6,2022-04-21,,2024-01-16,2024-01-31,11,535.3,,0
5358,30,padrão,Mensal,34.9,Sul,indicação,6,2023-06-21,,2024-01-19,2024-01-31,19,317.3,,0
5007,24,Padrao,Mensal,34.9,Sul,Instagram,5,2023-06-28,,2024-01-18,2024-01-31,6,96.2,,0
1021,51,Premium,Mensal,5590,Sudeste,google,7,2023-03-27,,2024-01-16,2024-01-31,8,146.2,,0
2847,25,básico,Mensal,19.9,Sudeste,instagram,6,2023-11-21,2023-12-29,2023-12-11,2024-01-31,4,18.1,Preço,1
1670,51,Padrão,Mensal,34.9,Sudeste,orgânico,9,2021-11-20,,2024-01-03,2024-01-31,17,900,,0
3298,26,BASICO,Mensal,19.9,Sul,orgânico,10,2022-04-07,,2024-01-13,2024-01-31,10,507,,0
2622,39,Padrão,Anual,34.9,Nordeste,Organico,9,2023-08-04,,2024-01-13,2024-01-31,17,148,,0
1796,32,BASICO,Mensal,19.9,Norte,indicação,1,2023-09-30,2024-01-23,2024-01-12,2024-01-31,1,7.9,Preço,1
2830,39,Padrão,Mensal,34.9,Norte,Indicacao,2,2022-07-17,,2024-01-09,2024-01-31,14,409.4,,0
4925,48,premium,Mensal,55.9,Sul,google,9,2023-05-22,,2024-01-19,2024-01-31,20,298.5,,0
4349,42,Padrao,Mensal,34.9,Nordeste,Organico,10,2023-11-01,,2024-01-25,2024-01-31,13,78.1,,0
2668,38,BASICO,Anual,19.9,Sudeste,Organico,0,2023-07-20,2024-01-21,2023-12-27,2024-01-31,3,42.5,problema tecnico,1
4849,44,Premium,Mensal,55.9,Norte,orgânico,5,2023-08-11,2023-12-10,2023-11-05,2024-01-31,2,14.2,PREÇO,1
2070,21,Basico,Mensal,19.9,Sudeste,Indicacao,5,2023-11-26,2024-01-03,2023-12-19,2024-01-31,3,12,Pouco conteúdo novo,1
5543,39,padrão,Anual,34.9,Sudeste,Google,1,2023-07-24,2024-01-04,2023-12-15,2024-01-31,2,25.3,preco,1
3296,36,Basico,Mensal,19.9,Nordeste,Google,6,2023-02-04,2023-12-12,2023-12-07,2024-01-31,2,52.6,Falta de tempo,1
5865,29,Padrao,Mensal,34.9,Centro-Oeste,IG,4,2022-01-08,,2024-01-18,2024-01-31,9,527.3,,0
5294,35,premium,Anual,55.9,Sudeste,google,7,2023-07-13,,2024-01-22,2024-01-31,11,103,,0
5710,38,padrão,Mensal,34.9,Centro-Oeste,Instagram,8,2021-05-11,,2024-01-26,2024-01-31,13,900,,0
5948,44,Padrão,Mensal,34.9,Norte,instagram,6,2023-07-27,2023-11-19,2023-11-13,2024-01-31,6,68.5,Preço,1
1038,34,premium,Mensal,55.9,Sul,IG,8,2023-01-02,,2024-01-29,2024-01-31,13,284.1,,0
5210,47,Padrão,Mensal,34.9,Sudeste,Indicacao,8,2022-09-02,,2024-01-30,2024-01-31,10,310.4,,0
3457,27,básico,Anual,19.9,Centro-Oeste,orgânico,6,2021-12-25,,2024-01-27,2024-01-31,11,514.7,,0
1869,34,Padrão,Mensal,34.9,Sudeste,orgânico,7,2023-02-18,,2024-01-17,2024-01-31,15,322.7,,0
2344,31,Padrao,Mensal,34.9,Nordeste,Organico,5,2022-01-10,2023-09-14,2023-09-01,2024-01-31,7,285.2,PREÇO,1
5507,18,Premium,Mensal,5590,Sul,orgânico,3,2022-11-25,,2024-01-11,2024-01-31,16,317.2,,0
2834,33,Premium,Mensal,55.9,Sudeste,Organico,8,2023-01-19,,2024-01-28,2024-01-31,14,381.7,,0
4276,51,Padrão,Anual,34.9,Nordeste,Indicacao,9,2021-12-28,,2024-01-19,2024-01-31,12,511.6,,0
2946,36,BASICO,Mensal,19.9,Sudeste,IG,3,2023-06-28,2024-01-20,2023-12-25,2024-01-31,3,43.9,Pouco conteúdo novo,1
5877,45,Basico,Mensal,19.9,Sudeste,Google,8,2023-02-20,,2024-01-30,2024-01-31,18,283.9,,0
3559,39,padrão,Mensal,34.9,Sudeste,google,5,2022-11-11,,2024-01-15,2024-01-31,17,441.7,,0
3445,47,BASICO,Mensal,19.9,Centro-Oeste,orgânico,7,2022-08-27,,2024-01-20,2024-01-31,11,408.7,,0
3009,23,BASICO,Anual,19.9,Nordeste,Organico,5,2023-08-08,2023-12-30,2023-12-18,2024-01-31,2,22.8,problema tecnico,1
5328,42,Premium,Mensal,55.9,Sul,Instagram,4,2023-03-02,,2024-01-19,2024-01-31,11,208.6,,0
4719,18,Basico,Mensal,1990,Sudeste,Organico,9,2022-07-20,,2024-01-11,2024-01-31,6,255.4,,0
1649,25,premium,Mensal,55.9,Sudeste,orgânico,7,2022-10-18,,2024-01-19,2024-01-31,13,405.7,,0
3396,34,Padrao,Anual,34.9,Nordeste,Google,2,2024-01-01,2024-01-16,2024-01-03,2024-01-31,4,7.7,Pouco conteúdo novo,1
1531,35,padrão,Mensal,3490,Centro-Oeste,Organico,7,2022-06-16,2023-11-20,2023-11-11,2024-01-31,5,141.3,problema tecnico,1
1198,25,BASICO,Mensal,19.9,Sudeste,Organico,6,2022-10-29,,2024-01-16,2024-01-31,20,651.9,,0
4598,31,BASICO,Mensal,19.9,Nordeste,Organico,7,2022-01-08,,2024-01-14,2024-01-31,13,616.4,,0
1747,33,padrão,Mensal,34.9,Sudeste,orgânico,2,2023-09-01,2023-12-21,2023-12-16,2024-01-31,4,45.5,PREÇO,1
5289,45,Padrao,Mensal,34.9,Centro-Oeste,Google,5,2023-10-03,,2024-01-07,2024-01-31,19,151.6,,0
5650,40,Padrão,Mensal,34.9,Sul,Google,10,2023-10-02,,2024-01-08,2024-01-31,14,81.3,,0
5730,31,padrão,Anual,34.9,Sudeste,IG,8,2022-03-08,,2024-01-31,2024-01-31,16,739.1,,0
5646,45,BASICO,Mensal,19.9,Nordeste,Organico,7,2023-04-20,,2024-01-25,2024-01-31,13,192.4,,0
5454,27,Basico,Mensal,19.9,Sudeste,orgânico,10,2022-07-27,,2024-01-02,2024-01-31,9,281.2,,0
1544,34,premium,Mensal,55.9,Sudeste,indicação,6,2023-06-17,2023-11-13,2023-11-01,2024-01-31,2,22.6,preco,1
2623,32,BASICO,Mensal,1990,Sul,IG,6,2023-11-13,2024-01-20,2023-12-18,2024-01-31,6,27.7,problema tecnico,1
5028,31,premium,Mensal,55.9,Norte,google,10,2023-10-07,,2024-01-20,2024-01-31,8,40.2,,0
3238,55,Basico,Mensal,19.9,Nordeste,Google,2,2023-05-02,2023-09-18,2023-09-14,2024-01-31,4,67.3,Pouco conteúdo novo,1
2962,46,Basico,Mensal,1990,Sudeste,Indicacao,5,2022-06-24,2023-05-14,2023-05-11,2024-01-31,2,57.2,preco,1
1934,55,premium,Mensal,55.9,?,Organico,7,2022-04-28,,2024-01-26,2024-01-31,10,495.3,,0
2291,34,Padrão,Mensal,34.9,Nordeste,Instagram,6,2021-09-07,,2024-01-04,2024-01-31,13,834,,0
1380,39,Padrao,Mensal,34.9,Centro-Oeste,Indicacao,7,2022-03-21,,2024-01-09,2024-01-31,17,857.7,,0
4574,0,Padrão,Mensal,34.9,Sudeste,Google,7,2023-10-01,2023-12-06,2023-11-12,2024-01-31,2,11.9,PREÇO,1
5201,44,padrão,Mensal,34.9,Nordeste,Indicacao,9,2023-04-06,,2024-01-13,2024-01-31,9,185.7,,0
5049,44,BASICO,Mensal,19.9,Nordeste,Indicacao,4,2022-05-21,,2024-01-23,2024-01-31,16,677.3,,0
4301,47,Premium,Anual,5590,Sul,google,7,2023-02-19,,2024-01-03,2024-01-31,17,382.8,,0
5878,20,BASICO,Anual,19.9,Nordeste,orgânico,4,2022-11-16,2023-10-30,2023-10-21,2024-01-31,2,49.7,Pouco conteúdo novo,1
5046,19,Padrão,Mensal,3490,Sudeste,orgânico,8,2022-09-22,,2024-01-09,2024-01-31,20,738.8,,0
3290,46,básico,Mensal,19.9,Sudeste,Organico,7,2020-07-18,,2024-01-13,2024-01-31,11,667.3,,0
1569,49,BASICO,Mensal,19.9,Sul,Google,7,2023-02-19,,2024-01-07,2024-01-31,15,306,,0
3570,33,Padrão,Mensal,3490,?,indicação,2,2023-12-16,2024-01-28,2024-01-15,2024-01-31,5,11.8,problema tecnico,1
1715,27,BASICO,Mensal,19.9,Sul,indicação,7,2023-09-12,2024-01-23,2024-01-05,2024-01-31,3,19.6,Problema técnico,1
3422,54,Basico,Mensal,19.9,Sudeste,instagram,1,2023-03-30,2023-11-08,2023-11-01,2024-01-31,4,92.2,Falta de tempo,1
1308,29,Padrão,Mensal,3490,Norte,IG,4,2023-04-18,2023-10-27,2023-10-10,2024-01-31,3,47.2,Concorrente,1
3259,50,básico,Mensal,19.9,Sudeste,Organico,9,2023-11-01,,2024-01-20,2024-01-31,20,121.1,,0
3436,35,premium,Anual,55.9,Sudeste,orgânico,6,2023-01-06,,2024-01-15,2024-01-31,19,497,,0
2614,38,padrão,Anual,34.9,Sudeste,Organico,6,2022-06-26,,2024-01-08,2024-01-31,12,485.4,,0
1454,25,premium,Mensal,55.9,Sul,instagram,9,2023-03-28,,2024-01-18,2024-01-31,13,309,,0
1519,32,premium,Mensal,5590,Sudeste,google,7,2022-10-30,,2024-01-25,2024-01-31,16,396.8,,0
2046,22,Padrão,Mensal,34.9,Sudeste,google,6,2022-10-30,2023-11-02,2023-10-26,2024-01-31,4,103.4,Preço,1
5298,35,Padrão,Mensal,3490,?,Google,6,2023-03-25,,2024-01-22,2024-01-31,13,251.7,,0
1997,25,Padrão,Mensal,34.9,Sul,IG,5,2023-06-29,,2024-01-25,2024-01-31,11,144.9,,0
3230,39,básico,Anual,19.9,Sudeste,Organico,4,2023-05-13,2024-01-20,2023-12-17,2024-01-31,2,35.2,Problema técnico,1
4660,53,padrão,Mensal,34.9,Nordeste,google,3,2023-05-21,2023-10-13,2023-09-16,2024-01-31,4,75.5,Concorrente,1
3474,36,Premium,Mensal,55.9,Sul,IG,7,2023-01-15,,2024-01-29,2024-01-31,10,216.2,,0
3208,41,premium,Anual,55.9,Sul,orgânico,5,2023-11-09,2024-01-06,2023-12-11,2024-01-31,3,11.2,Concorrente,1
4910,27,Padrao,Anual,34.9,Sudeste,Indicacao,8,2023-01-03,,2024-01-03,2024-01-31,15,301,,0
4490,45,Basico,Mensal,19.9,Sul,Indicacao,6,2022-08-13,,2024-01-30,2024-01-31,10,310.2,,0
1601,44,Basico,Mensal,19.9,Nordeste,Organico,6,2021-03-10,,2024-01-31,2024-01-31,16,900,,0
4863,28,Premium,Mensal,55.9,Sul,indicação,5,2023-09-26,2024-01-05,2023-11-30,2024-01-31,4,35.4,Falta de tempo,1
5580,34,padrão,Mensal,34.9,Centro-Oeste,IG,5,2022-09-16,2023-07-15,2023-07-02,2024-01-31,5,179.9,Pouco conteúdo novo,1
1617,26,padrão,Mensal,34.9,Sudeste,orgânico,10,2023-02-25,,2024-01-04,2024-01-31,12,292.2,,0
2129,33,BASICO,Mensal,19.9,?,orgânico,5,2023-06-14,,2024-01-17,2024-01-31,10,117.2,,0
1800,34,padrão,Mensal,34.9,Norte,Instagram,1,2023-05-30,2024-01-16,2024-01-03,2024-01-31,5,70.9,preco,1
2134,37,Basico,Mensal,19.9,Sudeste,Google,9,2023-08-25,,2024-01-22,2024-01-31,14,122.8,,0
1933,41,premium,Mensal,55.9,Sudeste,orgânico,3,2023-09-30,2024-01-03,2023-12-29,2024-01-31,4,22.7,Preço,1
1312,28,premium,Mensal,55.9,Centro-Oeste,Google,4,2023-09-11,2024-01-11,2023-12-11,2024-01-31,3,24.2,Pouco conteúdo novo,1
1157,41,padrão,Mensal,34.9,Sudeste,Organico,5,2022-03-20,,2024-01-17,2024-01-31,20,900,,0
1195,25,Padrao,Mensal,34.9,Norte,indicação,7,2023-03-18,,2024-01-21,2024-01-31,15,295.5,,0
3091,62,básico,Anual,19.9,Sudeste,google,7,2023-09-01,,2024-01-28,2024-01-31,15,174.9,,0
5195,34,Basico,Mensal,19.9,Sudeste,indicação,5,2023-11-30,2024-01-05,2023-12-10,2024-01-31,4,14.1,Concorrente,1
1932,41,básico,Mensal,19.9,Nordeste,Instagram,6,2022-07-08,,2024-01-28,2024-01-31,15,504.1,,0
5499,18,BASICO,Mensal,19.9,Sul,IG,7,2023-04-22,,2024-01-14,2024-01-31,10,167.6,,0
5577,44,Padrao,Mensal,3490,Sudeste,instagram,1,2023-10-27,2023-12-22,2023-11-22,2024-01-31,3,14,preco,1
1272,22,padrão,Mensal,34.9,Sudeste,instagram,10,2023-03-11,,2024-01-20,2024-01-31,17,294.2,,0
3746,43,premium,Mensal,55.9,Sudeste,Google,4,2023-09-22,2023-12-14,2023-11-26,2024-01-31,3,20.4,problema tecnico,1
1832,31,Basico,Anual,19.9,Sudeste,orgânico,10,2023-10-31,,2024-01-19,2024-01-31,12,61.7,,0
5436,25,básico,Anual,1990,Norte,Organico,3,2023-03-02,2023-11-10,2023-10-21,2024-01-31,6,143.2,Preço,1
5324,45,Basico,Mensal,19.9,Sul,Organico,7,2022-03-16,,2024-01-05,2024-01-31,10,441.1,,0
3772,53,premium,Anual,55.9,Sul,Organico,5,2023-09-22,2024-01-04,2023-12-27,2024-01-31,1,6.6,Pouco conteúdo novo,1
3814,42,padrão,Mensal,3490,Norte,Indicacao,3,2022-07-06,2023-07-01,2023-06-21,2024-01-31,2,67.1,Problema técnico,1
5166,36,padrão,Mensal,34.9,Centro-Oeste,google,6,2023-04-01,2023-11-28,2023-11-14,2024-01-31,1,21.2,Pouco conteúdo novo,1
4915,35,Padrão,Mensal,34.9,Centro-Oeste,Instagram,6,2023-05-22,,2024-01-03,2024-01-31,14,229.1,,0
2073,32,Padrão,Anual,34.9,Nordeste,orgânico,1,2023-04-15,2023-11-09,2023-10-05,2024-01-31,6,107.1,Concorrente,1
4433,31,Premium,Mensal,55.9,Sudeste,Organico,9,2023-10-19,,2024-01-08,2024-01-31,12,57,,0
1966,23,básico,Mensal,19.9,?,Indicacao,4,2023-07-26,2024-01-02,2023-12-02,2024-01-31,3,35.8,Problema técnico,1
2621,45,premium,Mensal,55.9,Sudeste,Indicacao,6,2022-06-27,2023-08-30,2023-08-06,2024-01-31,4,110.7,Preço,1
2240,37,básico,Anual,1990,Sul,instagram,10,2023-07-12,,2024-01-31,2024-01-31,15,187.6,,0
2496,18,Padrão,Mensal,34.9,Sul,IG,8,2023-01-09,,2024-01-13,2024-01-31,13,244.6,,0
1375,60,BASICO,Mensal,19.9,Nordeste,Organico,4,2023-04-15,2023-12-03,2023-11-18,2024-01-31,3,40,problema tecnico,1
5712,33,Padrao,Anual,34.9,Sudeste,Indicacao,7,2023-07-10,,2024-01-17,2024-01-31,12,162.7,,0
5256,18,padrão,Mensal,34.9,Sudeste,orgânico,5,2023-07-09,,2024-01-25,2024-01-31,13,157.7,,0
1849,59,padrão,Anual,3490,?,orgânico,5,2023-03-16,2023-10-29,2023-10-07,2024-01-31,3,52.6,preco,1
4866,27,Padrão,Mensal,3490,Nordeste,Indicacao,6,2023-02-10,,2024-01-17,2024-01-31,17,414.8,,0
2126,43,BASICO,Mensal,19.9,Norte,orgânico,6,2023-04-14,2023-10-23,2023-09-18,2024-01-31,1,18.2,Pouco conteúdo novo,1
3890,18,BASICO,Mensal,19.9,Sul,instagram,9,2022-12-24,,2024-01-02,2024-01-31,7,188.4,,0
4068,33,Basico,Mensal,19.9,Sul,instagram,5,2023-10-31,2024-01-03,2023-12-15,2024-01-31,0,0,Problema técnico,1
2235,49,Padrão,Mensal,34.9,Nordeste,indicação,5,2023-01-10,2023-08-21,2023-08-01,2024-01-31,0,0,Pouco conteúdo novo,1
2009,42,padrão,Mensal,34.9,Sudeste,Organico,8,2023-10-31,2023-12-31,2023-12-22,2024-01-31,2,12.1,Concorrente,1
4957,31,Premium,Mensal,55.9,Sudeste,google,4,2022-11-15,,2024-01-06,2024-01-31,9,242.9,,0
5362,31,Padrao,Mensal,3490,Nordeste,orgânico,6,2023-09-26,2024-01-26,2024-01-01,2024-01-31,4,26.3,Problema técnico,1
2455,44,básico,Mensal,19.9,Nordeste,google,10,2023-01-16,,2024-01-11,2024-01-31,9,234,,0
4921,20,BASICO,Mensal,19.9,Sul,instagram,4,2022-11-10,2023-08-17,2023-07-16,2024-01-31,2,57.2,Concorrente,1
4071,56,Padrao,Mensal,3490,Sudeste,orgânico,8,2023-01-11,,2024-01-14,2024-01-31,20,486.9,,0
1686,50,BASICO,Anual,19.9,Sudeste,Indicacao,8,2022-06-04,,2024-01-06,2024-01-31,12,546.7,,0
4446,44,Basico,Anual,19.9,Sudeste,Organico,1,2023-08-12,2024-01-06,2023-12-21,2024-01-31,0,0,PREÇO,1
2429,49,Premium,Mensal,55.9,Norte,Organico,5,2022-08-20,,2024-01-04,2024-01-31,23,856.2,,0
2921,25,Basico,Mensal,19.9,Sul,Google,7,2020-05-24,,2024-01-14,2024-01-31,12,749.2,,0
3634,58,básico,Anual,19.9,Nordeste,Instagram,4,2023-03-16,,2024-01-18,2024-01-31,14,331.2,,0
2723,41,Padrao,Mensal,34.9,Sudeste,Indicacao,6,2022-12-23,,2024-01-19,2024-01-31,11,304.3,,0
1377,45,básico,Mensal,19.9,Sul,indicação,9,2023-08-09,,2024-01-24,2024-01-31,11,98.8,,0
5487,62,Premium,Mensal,5590,Sudeste,IG,9,2022-10-03,,2024-01-21,2024-01-31,18,534.3,,0
2259,43,padrão,Mensal,34.9,Sul,Indicacao,8,2022-07-13,,2024-01-05,2024-01-31,14,571.4,,0
2125,54,Premium,Mensal,55.9,Sudeste,Instagram,7,2023-09-28,,2024-01-15,2024-01-31,16,121.3,,0
3644,21,padrão,Anual,34.9,Sudeste,indicação,6,2023-06-23,,2024-01-28,2024-01-31,11,180.6,,0
4538,37,Premium,Mensal,55.9,Centro-Oeste,indicação,9,2023-03-01,,2024-01-26,2024-01-31,11,242.8,,0
5048,18,Padrão,Mensal,34.9,Sul,instagram,9,2022-06-09,,2024-01-05,2024-01-31,7,268.8,,0
4887,20,Padrao,Anual,3490,Nordeste,orgânico,4,2023-05-06,,2024-01-06,2024-01-31,13,228,,0
4472,42,Basico,Anual,19.9,Sul,google,8,2022-12-26,,2024-01-08,2024-01-31,7,174.2,,0
2477,38,básico,Anual,19.9,Centro-Oeste,Indicacao,4,2023-06-23,,2024-01-03,2024-01-31,14,153.7,,0
4115,33,Padrao,Anual,34.9,Nordeste,google,4,2022-12-25,2023-09-13,2023-08-21,2024-01-31,2,48.5,Pouco conteúdo novo,1
4658,24,premium,Anual,55.9,Centro-Oeste,IG,5,2023-03-28,,2024-01-16,2024-01-31,18,272.7,,0
3629,18,Basico,Mensal,19.9,Centro-Oeste,orgânico,9,2022-07-04,,2024-01-31,2024-01-31,10,332.4,,0
4943,26,Basico,Mensal,19.9,Norte,Google,9,2023-05-10,,2024-01-11,2024-01-31,15,226.4,,0
5682,33,premium,Anual,55.9,Norte,IG,4,2022-09-27,2023-09-19,2023-08-28,2024-01-31,2,75.5,Pouco conteúdo novo,1
3011,34,BASICO,Mensal,19.9,Sudeste,instagram,9,2022-05-08,,2024-01-06,2024-01-31,21,900,,0
3657,32,premium,Mensal,55.9,Sudeste,orgânico,5,2023-05-11,,2024-01-02,2024-01-31,15,209.8,,0
4339,23,básico,Mensal,19.9,Sul,IG,6,2023-07-26,,2024-01-25,2024-01-31,11,148.8,,0
4332,43,Premium,Mensal,55.9,Centro-Oeste,instagram,9,2021-07-06,,2024-01-09,2024-01-31,14,900,,0
5267,48,Basico,Mensal,19.9,Nordeste,Organico,10,2021-02-24,,2024-01-20,2024-01-31,16,900,,0
1463,24,premium,Anual,55.9,Sudeste,Organico,8,2021-11-16,,2024-01-20,2024-01-31,13,586.9,,0
2253,23,padrão,Anual,34.9,Sul,instagram,6,2021-01-08,,2024-01-20,2024-01-31,16,900,,0
2790,23,Padrao,Mensal,34.9,Sul,instagram,3,2023-02-16,2023-10-16,2023-10-08,2024-01-31,4,98,Pouco conteúdo novo,1
5611,41,Premium,Anual,55.9,Sudeste,Indicacao,6,2021-12-29,,2024-01-23,2024-01-31,14,791.3,,0
3939,54,básico,Mensal,19.9,Nordeste,orgânico,0,2022-08-09,2023-06-24,2023-05-28,2024-01-31,6,238.8,Pouco conteúdo novo,1
3638,41,Basico,Mensal,19.9,Sudeste,orgânico,7,2021-07-30,,2024-01-23,2024-01-31,23,900,,0
3775,29,padrão,Mensal,34.9,Sudeste,Organico,5,2023-03-11,,2024-01-29,2024-01-31,9,135.5,,0
1246,34,Padrao,Anual,34.9,Sudeste,google,5,2023-06-27,,2024-01-06,2024-01-31,20,332.4,,0
3656,35,Basico,Mensal,19.9,Sudeste,indicação,3,2023-09-21,2023-12-16,2023-11-12,2024-01-31,3,22,PREÇO,1
2182,45,Padrão,Mensal,3490,Sul,instagram,2,2023-07-01,2024-01-20,2023-12-29,2024-01-31,4,57.4,Preço,1
1138,36,BASICO,Mensal,19.9,Nordeste,orgânico,2,2022-10-24,2023-06-17,2023-05-20,2024-01-31,3,90,Pouco conteúdo novo,1
3058,30,Basico,Mensal,19.9,Sudeste,Organico,6,2021-12-23,,2024-01-13,2024-01-31,22,854.3,,0
1920,32,BASICO,Mensal,19.9,Sudeste,Organico,5,2023-04-10,,2024-01-15,2024-01-31,19,302.7,,0
5535,39,Padrao,Anual,34.9,Sul,instagram,5,2023-10-10,,2024-01-18,2024-01-31,15,65.5,,0
1929,44,BASICO,Anual,19.9,Sudeste,Instagram,3,2023-09-22,2023-12-31,2023-12-13,2024-01-31,2,16,Outro,1
3852,38,Basico,Mensal,19.9,Sudeste,Google,7,2022-10-07,2023-07-14,2023-06-21,2024-01-31,2,44.9,Outro,1
1125,24,básico,Mensal,19.9,Sul,Instagram,6,2022-03-29,,2024-01-21,2024-01-31,11,474,,0
5500,37,padrão,Mensal,34.9,Sul,orgânico,2,2023-02-28,2024-01-11,2024-01-08,2024-01-31,3,47.7,Pouco conteúdo novo,1
5225,18,Basico,Anual,19.9,Sudeste,indicação,7,2021-10-21,,2024-01-12,2024-01-31,18,852.9,,0
3115,41,básico,Anual,1990,Nordeste,Indicacao,3,2023-10-14,,2024-01-15,2024-01-31,17,106.2,,0
4012,27,Padrao,Mensal,34.9,Nordeste,Google,7,2021-11-17,,2024-01-17,2024-01-31,8,295.6,,0
3323,28,BASICO,Anual,19.9,Centro-Oeste,indicação,6,2022-06-21,,2024-01-17,2024-01-31,9,361.9,,0
2902,44,Padrao,Mensal,34.9,Sudeste,IG,10,2021-06-20,,2024-01-24,2024-01-31,15,900,,0
1960,48,premium,Mensal,55.9,Centro-Oeste,Instagram,8,2022-06-30,,2024-01-20,2024-01-31,11,443.2,,0
2228,53,Premium,Anual,5590,Sudeste,Indicacao,10,2023-01-17,,2024-01-02,2024-01-31,20,435.7,,0
3502,56,padrão,Mensal,34.9,Sudeste,instagram,7,2023-06-22,,2024-01-10,2024-01-31,13,209,,0
3433,58,padrão,Mensal,3490,?,Instagram,6,2023-04-11,,2024-01-21,2024-01-31,12,175.6,,0
3878,50,Basico,Mensal,19.9,Sudeste,google,8,2022-05-07,,2024-01-10,2024-01-31,16,623.7,,0
5743,33,BASICO,Anual,19.9,?,IG,8,2023-01-14,,2024-01-02,2024-01-31,8,139.4,,0
5807,34,Padrão,Mensal,34.9,Nordeste,Organico,6,2023-01-29,,2024-01-21,2024-01-31,11,186.2,,0
5785,46,Basico,Mensal,1990,Sul,IG,0,2023-04-19,2023-09-29,2023-09-22,2024-01-31,8,124.8,Problema técnico,1
3666,51,Padrao,Mensal,34.9,Sudeste,Organico,6,2023-09-22,,2024-01-28,2024-01-31,14,121.8,,0
2274,49,Padrão,Mensal,34.9,Sudeste,Indicacao,5,2023-07-30,,2024-01-22,2024-01-31,6,79.3,,0
1737,39,BASICO,Anual,19.9,Sudeste,Organico,6,2022-08-21,,2024-01-06,2024-01-31,9,333.3,,0
4583,43,Padrão,Mensal,34.9,Centro-Oeste,Organico,4,2023-01-03,2024-01-19,2024-01-04,2024-01-31,4,113.2,Outro,1
4914,43,Padrao,Anual,34.9,Sudeste,google,8,2023-07-29,,2024-01-31,2024-01-31,18,187.6,,0
1232,30,Premium,Mensal,55.9,Centro-Oeste,google,10,2021-12-25,,2024-01-22,2024-01-31,24,900,,0
3584,18,BASICO,Mensal,19.9,Sul,Indicacao,6,2023-06-16,2023-10-22,2023-10-14,2024-01-31,3,40.4,Outro,1
3618,48,básico,Mensal,19.9,Sudeste,indicação,9,2023-07-26,,2024-01-20,2024-01-31,19,251.7,,0
5232,25,Padrão,Anual,34.9,Sudeste,IG,8,2021-03-25,,2024-01-16,2024-01-31,17,900,,0
4893,49,Premium,Mensal,55.9,Nordeste,indicação,8,2021-11-26,,2024-01-08,2024-01-31,18,900,,0
3103,40,premium,Mensal,55.9,Sudeste,Instagram,6,2023-03-07,,2024-01-31,2024-01-31,11,281.2,,0
1853,45,Basico,Mensal,19.9,Sudeste,Google,2,2023-06-04,2023-11-25,2023-11-08,2024-01-31,2,34.6,Pouco conteúdo novo,1
5174,31,Basico,Mensal,19.9,Norte,IG,1,2023-09-22,2023-12-30,2023-11-29,2024-01-31,4,35.8,preco,1
5952,26,premium,Anual,55.9,Sul,Indicacao,5,2023-06-25,,2024-01-03,2024-01-31,17,245.4,,0
2087,26,Padrão,Mensal,34.9,Sudeste,Organico,4,2022-06-16,2023-07-06,2023-06-24,2024-01-31,3,106.2,Preço,1
5299,55,Padrão,Mensal,34.9,Sudeste,Google,9,2022-08-20,,2024-01-18,2024-01-31,16,645.5,,0
2969,30,básico,Mensal,19.9,Norte,orgânico,7,2022-12-16,,2024-01-05,2024-01-31,18,468.4,,0
4107,39,premium,Mensal,55.9,Nordeste,Instagram,8,2023-02-20,,2024-01-15,2024-01-31,17,382.8,,0
1288,36,premium,Mensal,55.9,Nordeste,Indicacao,10,2023-05-31,,2024-01-20,2024-01-31,13,211.4,,0
4351,31,Premium,Mensal,5590,Sudeste,Google,6,2023-05-01,,2024-01-25,2024-01-31,12,235.6,,0
5220,35,básico,Anual,19.9,Sul,indicação,4,2021-10-03,,2024-01-03,2024-01-31,17,900,,0
1781,18,básico,Mensal,19.9,Sudeste,google,5,2022-09-04,,2024-01-06,2024-01-31,25,900,,0
3908,26,básico,Anual,1990,?,Google,4,2023-09-21,2024-01-16,2023-12-16,2024-01-31,3,24.7,Falta de tempo,1
1255,58,BASICO,Mensal,19.9,Sudeste,instagram,6,2022-08-19,2023-07-07,2023-06-15,2024-01-31,1,40,problema tecnico,1
5415,19,básico,Mensal,19.9,Sudeste,Google,4,2022-07-23,2023-08-30,2023-07-25,2024-01-31,4,167.2,problema tecnico,1
3674,41,Padrão,Mensal,34.9,Norte,instagram,2,2023-09-03,2023-11-21,2023-11-15,2024-01-31,4,47.4,Pouco conteúdo novo,1
5243,47,padrão,Mensal,34.9,Sudeste,Indicacao,6,2023-01-20,2024-01-15,2024-01-06,2024-01-31,4,72.3,Pouco conteúdo novo,1
5766,46,Padrao,Mensal,34.9,Sudeste,instagram,9,2022-06-02,,2024-01-17,2024-01-31,14,524.1,,0
4167,49,padrão,Mensal,34.9,Sudeste,IG,4,2022-12-14,,2024-01-30,2024-01-31,11,293.9,,0
5157,43,Basico,Mensal,1990,Sudeste,orgânico,2,2022-09-14,2024-01-07,2023-12-19,2024-01-31,5,138.5,problema tecnico,1
5506,30,BASICO,Mensal,19.9,Nordeste,instagram,8,2022-09-22,,2024-01-13,2024-01-31,17,621.4,,0
4089,37,Premium,Mensal,5590,Sudeste,orgânico,10,2023-02-04,,2024-01-09,2024-01-31,20,558.2,,0
3150,26,premium,Anual,55.9,Norte,IG,7,2023-06-15,,2024-01-15,2024-01-31,13,141.5,,0
1490,35,BASICO,Mensal,19.9,Sul,orgânico,6,2023-02-27,,2024-01-20,2024-01-31,19,400.1,,0
3125,18,Basico,Mensal,1990,Sul,Google,4,2022-02-19,,2024-01-14,2024-01-31,15,556.4,,0
5080,45,básico,Anual,1990,Norte,indicação,5,2023-01-18,,2024-01-21,2024-01-31,10,189.8,,0
5381,36,padrão,Mensal,34.9,Sudeste,Google,5,2022-02-18,,2024-01-12,2024-01-31,23,900,,0
5991,24,Padrao,Anual,34.9,Sul,IG,9,2022-05-26,,2024-01-22,2024-01-31,17,674.5,,0
4111,20,básico,Anual,1990,Nordeste,Google,5,2023-10-23,2024-01-11,2023-12-29,2024-01-31,2,13.6,PREÇO,1
1086,48,padrão,Anual,34.9,Sul,Google,8,2021-12-24,,2024-01-15,2024-01-31,17,757.4,,0
2965,29,padrão,Anual,34.9,Sudeste,orgânico,8,2023-10-17,,2024-01-24,2024-01-31,12,83.9,,0
3439,51,BASICO,Anual,19.9,Nordeste,Organico,9,2023-04-28,,2024-01-26,2024-01-31,21,366.8,,0
5118,31,básico,Anual,19.9,Sudeste,Organico,7,2022-07-07,,2024-01-23,2024-01-31,10,405.9,,0
2651,46,Padrão,Mensal,3490,Sudeste,Indicacao,6,2023-01-11,2023-10-10,2023-09-14,2024-01-31,2,39.3,Pouco conteúdo novo,1
4059,29,padrão,Mensal,34.9,Centro-Oeste,google,5,2023-02-14,,2024-01-14,2024-01-31,17,273.3,,0
1037,40,BASICO,Mensal,19.9,Nordeste,indicação,8,2022-01-14,,2024-01-19,2024-01-31,10,560.6,,0
2233,40,premium,Mensal,55.9,Sudeste,IG,10,2023-02-24,,2024-01-14,2024-01-31,14,270.4,,0
4639,66,padrão,Anual,3490,Sudeste,orgânico,10,2023-04-15,,2024-01-22,2024-01-31,18,273.2,,0
5673,25,BASICO,Mensal,19.9,Sudeste,Indicacao,7,2023-06-24,,2024-01-02,2024-01-31,11,149.4,,0
4237,19,BASICO,Anual,19.9,Nordeste,IG,5,2021-09-24,,2024-01-03,2024-01-31,16,900,,0
5937,31,básico,Mensal,19.9,Nordeste,orgânico,2,2023-10-12,2023-12-16,2023-11-10,2024-01-31,2,14.2,Pouco conteúdo novo,1
4408,48,Padrão,Anual,34.9,?,Organico,8,2023-04-24,,2024-01-05,2024-01-31,14,195.9,,0
3378,37,BASICO,Mensal,19.9,Centro-Oeste,instagram,5,2023-07-18,,2024-01-22,2024-01-31,17,144.1,,0
4148,40,premium,Mensal,55.9,Sul,indicação,10,2022-06-05,,2024-01-18,2024-01-31,20,757.8,,0
5553,32,básico,Mensal,19.9,Sudeste,google,8,2022-06-25,,2024-01-28,2024-01-31,13,440,,0
1818,35,Padrao,Mensal,34.9,Sudeste,Organico,2,2022-06-20,2023-08-29,2023-08-05,2024-01-31,2,90,preco,1
2123,29,Premium,Mensal,55.9,Norte,Indicacao,10,2022-10-21,,2024-01-07,2024-01-31,13,437.5,,0
4140,32,padrão,Mensal,34.9,Sudeste,Organico,1,2023-06-03,2023-12-17,2023-11-19,2024-01-31,2,33.5,Pouco conteúdo novo,1
2213,18,BASICO,Anual,19.9,Sul,google,1,2023-08-26,2023-11-14,2023-10-06,2024-01-31,3,23.3,Pouco conteúdo novo,1
4830,27,Padrão,Mensal,34.9,Sudeste,Indicacao,10,2022-12-05,,2024-01-13,2024-01-31,12,357.7,,0
4607,37,Basico,Mensal,19.9,Sudeste,orgânico,8,2023-07-16,,2024-01-04,2024-01-31,20,168.4,,0
3477,51,premium,Mensal,55.9,Sudeste,Instagram,5,2023-06-12,2023-10-19,2023-10-05,2024-01-31,2,19.8,Pouco conteúdo novo,1
4682,44,BASICO,Mensal,19.9,Nordeste,orgânico,10,2023-04-25,,2024-01-20,2024-01-31,16,252.1,,0
3663,34,Basico,Anual,1990,Sudeste,Indicacao,3,2020-09-03,,2024-01-16,2024-01-31,10,900,,0
2196,38,básico,Mensal,19.9,?,indicação,0,2023-05-18,2023-12-20,2023-12-03,2024-01-31,2,32.6,Falta de tempo,1
2796,41,Padrão,Mensal,34.9,Norte,orgânico,10,2023-05-05,,2024-01-24,2024-01-31,23,470.8,,0
5480,35,Padrão,Mensal,34.9,Sudeste,instagram,7,2023-07-19,,2024-01-15,2024-01-31,13,184.1,,0
5445,46,Premium,Anual,55.9,Sudeste,Instagram,6,2023-03-13,2023-08-30,2023-08-04,2024-01-31,3,64.1,Preço,1
1602,31,Premium,Mensal,55.9,Nordeste,Instagram,10,2023-11-16,,2024-01-10,2024-01-31,13,53.6,,0
2925,21,Padrão,Mensal,34.9,Norte,Instagram,0,2023-10-16,2024-01-07,2023-12-10,2024-01-31,4,25.8,Falta de tempo,1
1406,45,Padrão,Anual,3490,Nordeste,Indicacao,10,2020-11-27,,2024-01-11,2024-01-31,11,867.6,,0
5142,39,Padrão,Mensal,34.9,Nordeste,indicação,10,2022-09-20,,2024-01-25,2024-01-31,17,578.7,,0
5742,43,Padrao,Mensal,34.9,Sudeste,Indicacao,7,2023-01-17,,2024-01-16,2024-01-31,14,344.2,,0
5525,59,básico,Anual,19.9,Nordeste,indicação,4,2023-05-12,,2024-01-25,2024-01-31,18,215,,0
4899,35,BASICO,Mensal,19.9,Sul,IG,1,2023-07-25,2023-12-11,2023-11-29,2024-01-31,5,56.3,Pouco conteúdo novo,1
2054,42,básico,Mensal,1990,Sudeste,google,9,2022-12-01,,2024-01-27,2024-01-31,6,177.5,,0
4673,18,Basico,Mensal,19.9,Sudeste,IG,10,2023-08-09,,2024-01-17,2024-01-31,6,43.9,,0
5323,18,Padrao,Mensal,34.9,Centro-Oeste,Indicacao,7,2023-06-16,,2024-01-12,2024-01-31,17,183.6,,0
5526,33,Basico,Anual,19.9,Sul,Organico,6,2023-07-31,2023-11-26,2023-10-22,2024-01-31,0,0,PREÇO,1
2482,41,BASICO,Mensal,19.9,Sul,orgânico,7,2023-01-10,,2024-01-12,2024-01-31,17,440.5,,0
3458,36,padrão,Mensal,34.9,Sul,Organico,6,2023-02-03,2023-09-05,2023-08-09,2024-01-31,1,24.4,problema tecnico,1
1226,30,BASICO,Mensal,19.9,Norte,Indicacao,5,2023-10-27,,2024-01-24,2024-01-31,11,46.3,,0
4884,45,Basico,Mensal,19.9,Sudeste,orgânico,8,2020-08-09,,2024-01-31,2024-01-31,14,900,,0
3257,49,Premium,Anual,55.9,Nordeste,Google,8,2022-09-16,,2024-01-11,2024-01-31,17,494.3,,0
5560,42,Premium,Anual,55.9,Nordeste,Google,1,2022-12-04,2023-12-23,2023-12-12,2024-01-31,6,149.2,Pouco conteúdo novo,1
1434,43,Premium,Mensal,55.9,Sudeste,Google,4,2022-09-30,2023-07-05,2023-06-16,2024-01-31,3,67.7,PREÇO,1
1382,18,básico,Mensal,19.9,Nordeste,orgânico,10,2022-03-18,,2024-01-19,2024-01-31,12,624.8,,0
2011,50,Padrão,Anual,34.9,Sudeste,indicação,4,2023-04-04,2023-12-07,2023-11-06,2024-01-31,3,53.1,Falta de tempo,1
3223,34,Basico,Anual,19.9,Sul,Indicacao,6,2023-06-18,,2024-01-05,2024-01-31,20,260.9,,0
3053,27,Basico,Mensal,19.9,?,indicação,3,2023-05-12,2023-11-18,2023-10-14,2024-01-31,2,36.1,Pouco conteúdo novo,1
2530,39,básico,Mensal,19.9,Sul,Organico,7,2022-03-01,,2024-01-22,2024-01-31,5,221.4,,0
2103,32,padrão,Mensal,34.9,Centro-Oeste,indicação,6,2021-04-03,,2024-01-29,2024-01-31,12,619.7,,0
3731,41,Padrao,Mensal,34.9,Sudeste,indicação,6,2023-05-20,2023-10-16,2023-09-24,2024-01-31,1,14.4,Pouco conteúdo novo,1
4638,18,Padrão,Anual,34.9,Sul,orgânico,10,2023-03-19,,2024-01-12,2024-01-31,8,157.4,,0
1325,48,BASICO,Mensal,19.9,Sudeste,orgânico,9,2023-07-14,,2024-01-31,2024-01-31,15,174.7,,0
4722,33,padrão,Anual,34.9,Sudeste,orgânico,7,2023-04-19,,2024-01-09,2024-01-31,13,191.8,,0
1812,19,BASICO,Mensal,19.9,Sudeste,Google,8,2023-09-03,,2024-01-12,2024-01-31,17,128.9,,0
5757,19,Padrão,Mensal,34.9,Sudeste,google,4,2023-03-01,2023-09-23,2023-08-18,2024-01-31,2,45.9,PREÇO,1
5283,50,BASICO,Mensal,19.9,Nordeste,Instagram,6,2023-06-16,,2024-01-19,2024-01-31,15,166,,0
2300,44,premium,Mensal,55.9,Centro-Oeste,indicação,10,2022-08-03,,2024-01-23,2024-01-31,18,490.6,,0
4028,30,Padrão,Anual,3490,Nordeste,Google,4,2022-12-14,2023-12-10,2023-11-23,2024-01-31,3,84.7,Falta de tempo,1
4193,48,premium,Mensal,55.9,Sudeste,instagram,3,2023-04-27,2023-10-22,2023-10-04,2024-01-31,5,72.5,Pouco conteúdo novo,1
2489,35,Basico,Mensal,19.9,Sudeste,Indicacao,7,2023-07-11,2023-12-20,2023-11-23,2024-01-31,1,11.8,Pouco conteúdo novo,1
4039,18,Premium,Anual,55.9,Centro-Oeste,orgânico,5,2022-08-21,,2024-01-14,2024-01-31,15,519.8,,0
3794,28,Padrão,Mensal,34.9,Sudeste,IG,6,2023-09-21,,2024-01-30,2024-01-31,17,150.6,,0
1636,24,Padrão,Mensal,34.9,Sudeste,indicação,5,2022-11-19,2023-10-23,2023-10-15,2024-01-31,2,60.9,Problema técnico,1
4964,29,Padrao,Mensal,34.9,Sudeste,Google,8,2023-11-09,,2024-01-28,2024-01-31,13,44.8,,0
5840,34,básico,Anual,19.9,Sul,Google,1,2023-05-21,2024-01-09,2023-12-12,2024-01-31,6,77.7,problema tecnico,1
1743,34,BASICO,Mensal,19.9,Sudeste,Organico,5,2023-10-25,2023-12-29,2023-12-14,2024-01-31,2,10.7,Concorrente,1
4271,60,padrão,Mensal,34.9,Nordeste,instagram,2,2023-11-30,2023-12-31,2023-12-05,2024-01-31,1,4.2,Pouco conteúdo novo,1
3777,39,básico,Mensal,19.9,Sul,indicação,9,2022-04-15,,2024-01-13,2024-01-31,14,449.3,,0
4834,50,BASICO,Mensal,19.9,Centro-Oeste,Organico,0,2022-11-06,2023-11-07,2023-10-05,2024-01-31,3,85.4,Pouco conteúdo novo,1
4794,44,BASICO,Mensal,1990,Sudeste,IG,3,2023-12-18,2024-01-17,2024-01-09,2024-01-31,3,7,Outro,1
1077,22,Padrão,Mensal,34.9,Sudeste,indicação,10,2022-07-16,,2024-01-17,2024-01-31,12,360.2,,0
4162,32,básico,Mensal,19.9,Sudeste,Organico,0,2023-11-28,2024-01-06,2023-12-19,2024-01-31,2,8.8,Preço,1
3440,18,Padrao,Mensal,34.9,Sul,Google,6,2023-03-11,2023-09-11,2023-08-30,2024-01-31,4,69.3,Pouco conteúdo novo,1
1072,34,Basico,Mensal,19.9,Sudeste,IG,8,2023-01-02,,2024-01-16,2024-01-31,17,444.3,,0
4704,33,BASICO,Mensal,19.9,Centro-Oeste,instagram,5,2023-07-15,,2024-01-25,2024-01-31,17,187.6,,0
2567,36,padrão,Mensal,34.9,Sudeste,Google,9,2023-02-24,,2024-01-11,2024-01-31,13,257.7,,0
3996,35,premium,Mensal,55.9,Nordeste,google,2,2021-12-05,2023-10-21,2023-09-19,2024-01-31,5,197.2,PREÇO,1
2756,49,básico,Mensal,19.9,Norte,orgânico,7,2023-02-23,,2024-01-27,2024-01-31,11,245.4,,0
2993,62,básico,Mensal,19.9,Nordeste,orgânico,6,2022-09-28,2023-08-12,2023-07-15,2024-01-31,2,48.2,PREÇO,1
4888,41,Basico,Mensal,19.9,Centro-Oeste,Google,2,2023-07-16,2024-01-20,2024-01-03,2024-01-31,0,0,Preço,1
2229,24,Basico,Mensal,19.9,Sul,Google,8,2022-06-20,,2024-01-11,2024-01-31,16,649.7,,0
1848,28,Padrão,Mensal,34.9,Sul,instagram,1,2023-01-25,2023-08-20,2023-07-16,2024-01-31,4,85,Problema técnico,1
5440,31,BASICO,Mensal,19.9,Nordeste,Organico,6,2022-04-01,,2024-01-09,2024-01-31,9,371.9,,0
3986,40,Basico,Mensal,19.9,Nordeste,IG,8,2023-01-24,,2024-01-12,2024-01-31,15,380.1,,0
4956,21,Padrão,Mensal,34.9,Centro-Oeste,indicação,9,2023-09-22,,2024-01-22,2024-01-31,18,163.7,,0
2686,47,Premium,Mensal,55.9,Sul,Organico,9,2020-11-04,,2024-01-21,2024-01-31,18,900,,0
1696,42,padrão,Anual,34.9,Sudeste,indicação,8,2022-07-02,,2024-01-30,2024-01-31,23,826,,0
1954,36,BASICO,Mensal,19.9,Centro-Oeste,orgânico,6,2022-12-29,,2024-01-03,2024-01-31,17,320.6,,0
3724,30,Premium,Mensal,55.9,Sul,instagram,10,2022-09-13,,2024-01-24,2024-01-31,19,559.2,,0
4932,35,padrão,Mensal,34.9,Sudeste,instagram,6,2020-10-28,,2024-01-17,2024-01-31,17,900,,0
4410,18,básico,Mensal,19.9,Norte,Organico,2,2023-09-29,2023-12-30,2023-12-05,2024-01-31,2,14.8,preco,1
5792,34,premium,Mensal,55.9,Centro-Oeste,google,6,2023-07-20,,2024-01-03,2024-01-31,16,226,,0
2312,41,premium,Mensal,55.9,Sul,google,8,2023-03-22,,2024-01-21,2024-01-31,20,297.5,,0
2360,35,premium,Mensal,55.9,Nordeste,orgânico,9,2023-03-20,,2024-01-17,2024-01-31,10,148.4,,0
2303,50,Basico,Anual,19.9,Norte,orgânico,9,2022-07-05,,2024-01-09,2024-01-31,18,609.9,,0
5686,56,básico,Mensal,19.9,Nordeste,orgânico,5,2022-05-26,,2024-01-09,2024-01-31,9,358.7,,0
1387,38,básico,Mensal,19.9,Sul,Indicacao,4,2021-06-24,2023-10-15,2023-09-21,2024-01-31,5,226.9,Preço,1
1581,52,Padrao,Mensal,34.9,Sudeste,Indicacao,5,2023-09-15,2023-11-28,2023-11-20,2024-01-31,3,25.8,problema tecnico,1
3902,19,premium,Mensal,55.9,Centro-Oeste,Instagram,7,2022-11-24,,2024-01-21,2024-01-31,23,766.8,,0
5420,44,básico,Mensal,19.9,Sul,orgânico,6,2022-07-23,,2024-01-18,2024-01-31,15,461.4,,0
2120,42,Premium,Mensal,55.9,Sudeste,Google,4,2023-09-10,2024-01-11,2023-12-29,2024-01-31,4,32.7,Preço,1
3624,41,Basico,Mensal,19.9,Norte,IG,7,2023-11-21,,2024-01-26,2024-01-31,20,94.1,,0
1994,44,Basico,Anual,19.9,Norte,indicação,0,2023-04-28,2023-11-23,2023-11-03,2024-01-31,0,0,Pouco conteúdo novo,1
1618,39,básico,Mensal,19.9,Sul,Organico,10,2023-04-28,,2024-01-20,2024-01-31,16,280.3,,0
4817,32,Padrao,Mensal,34.9,Sudeste,orgânico,10,2023-06-10,,2024-01-22,2024-01-31,16,185.9,,0
5253,44,Padrão,Anual,34.9,Nordeste,IG,3,2023-09-13,2024-01-21,2024-01-04,2024-01-31,2,17.8,Pouco conteúdo novo,1
5928,37,básico,Mensal,19.9,Norte,google,4,2021-09-02,2023-06-14,2023-05-29,2024-01-31,3,177.7,Outro,1
1566,36,BASICO,Mensal,19.9,Sudeste,Organico,4,2022-10-04,,2024-01-18,2024-01-31,9,329.5,,0
5601,33,Padrao,Mensal,34.9,Centro-Oeste,instagram,7,2021-05-08,,2024-01-23,2024-01-31,9,587.3,,0
2708,23,Premium,Anual,55.9,Sul,Indicacao,7,2023-06-24,,2024-01-11,2024-01-31,13,186.8,,0
2464,37,Basico,Anual,19.9,Nordeste,Google,5,2023-11-06,2024-01-28,2023-12-20,2024-01-31,2,9.4,Problema técnico,1
2569,27,Basico,Anual,19.9,Norte,IG,6,2023-10-19,2023-12-24,2023-12-02,2024-01-31,4,24.7,Problema técnico,1
4539,45,Basico,Mensal,19.9,Sudeste,indicação,6,2023-05-04,,2024-01-18,2024-01-31,9,164.1,,0
2545,54,padrão,Mensal,34.9,Norte,Indicacao,7,2023-08-12,,2024-01-15,2024-01-31,10,79.5,,0
5468,51,premium,Mensal,55.9,Sudeste,IG,6,2022-12-26,,2024-01-20,2024-01-31,17,496.8,,0
4521,52,básico,Mensal,19.9,Sudeste,instagram,9,2023-01-23,,2024-01-11,2024-01-31,14,310.2,,0
1460,45,Basico,Mensal,19.9,Sudeste,Organico,6,2023-08-31,,2024-01-15,2024-01-31,11,98.7,,0
4792,40,BASICO,Mensal,19.9,Sul,Indicacao,1,2022-08-12,2024-01-04,,2024-01-31,3,73.9,Concorrente,1
3532,54,premium,Anual,5590,Sudeste,Google,9,2022-11-30,,2024-01-26,2024-01-31,14,311,,0
1469,54,Padrao,Anual,34.9,Sul,Indicacao,2,2022-12-14,2023-10-10,2023-10-06,2024-01-31,3,72.1,preco,1
2873,38,Padrao,Mensal,34.9,Sudeste,indicação,1,2023-06-17,2024-01-09,2023-12-16,2024-01-31,5,66.4,PREÇO,1
4357,44,Padrão,Mensal,34.9,Nordeste,Google,1,2023-09-17,2023-12-22,2023-12-13,2024-01-31,1,7.8,Problema técnico,1
1751,45,Premium,Mensal,55.9,Norte,google,10,2022-02-28,,2024-01-29,2024-01-31,14,593.5,,0
3884,45,Basico,Anual,19.9,Sudeste,google,5,2023-01-19,,2024-01-27,2024-01-31,12,215.1,,0
4365,26,Basico,Mensal,1990,Sudeste,Organico,3,2023-08-26,2023-11-19,2023-11-02,2024-01-31,3,27.3,preco,1
5594,30,padrão,Mensal,34.9,Sudeste,orgânico,7,2023-05-12,,2024-01-03,2024-01-31,12,163.8,,0
2681,44,BASICO,Mensal,19.9,Sudeste,Instagram,9,2022-11-20,,2024-01-20,2024-01-31,14,347.9,,0
5704,42,Basico,Anual,19.9,Sudeste,Google,3,2023-11-16,2023-12-24,2023-12-06,2024-01-31,5,17.3,Preço,1
3547,33,premium,Mensal,55.9,Sudeste,google,9,2021-11-16,,2024-01-15,2024-01-31,9,360,,0
2704,25,básico,Mensal,19.9,Sudeste,orgânico,6,2023-03-19,2023-10-17,2023-10-02,2024-01-31,3,54,Falta de tempo,1
1741,37,BASICO,Mensal,19.9,Centro-Oeste,IG,0,2023-12-27,2024-01-24,2023-12-27,2024-01-31,6,10.2,problema tecnico,1
5645,30,Padrao,Mensal,34.9,Sul,Indicacao,5,2023-05-27,,2024-01-27,2024-01-31,12,209,,0
4208,31,Basico,Mensal,19.9,Nordeste,Google,8,2023-05-19,,2024-01-21,2024-01-31,18,280.3,,0
4615,28,Padrão,Mensal,34.9,Sudeste,orgânico,3,2023-05-31,2023-12-21,2023-12-12,2024-01-31,3,43.3,Preço,1
5132,18,básico,Anual,19.9,Sudeste,Indicacao,6,2023-03-11,,2024-01-26,2024-01-31,18,252.1,,0
2555,58,Padrão,Mensal,34.9,Nordeste,orgânico,5,2023-01-29,2024-01-01,2023-11-29,2024-01-31,1,19.8,preco,1
5758,38,básico,Mensal,19.9,?,Google,4,2023-05-30,2024-01-05,2023-11-29,2024-01-31,1,12.5,Preço,1
1334,22,básico,Mensal,19.9,Nordeste,Instagram,4,2023-06-14,2023-12-29,2023-12-23,2024-01-31,1,10.8,Falta de tempo,1
4855,53,básico,Mensal,19.9,Sudeste,orgânico,3,2023-03-04,2023-10-24,2023-10-13,2024-01-31,5,97.5,PREÇO,1
1575,28,Padrão,Anual,34.9,Centro-Oeste,indicação,2,2023-06-09,,2024-01-18,2024-01-31,12,149,,0
3072,26,BASICO,Mensal,19.9,Nordeste,Indicacao,7,2022-11-30,,2024-01-10,2024-01-31,15,477,,0
4296,31,Basico,Mensal,1990,Sul,instagram,1,2023-07-04,2023-10-24,2023-10-05,2024-01-31,3,30.1,PREÇO,1
1899,50,básico,Mensal,19.9,Sudeste,instagram,7,2021-12-20,,2024-01-20,2024-01-31,19,899.2,,0
3063,49,BASICO,Mensal,19.9,Sudeste,Google,5,2023-11-09,2024-01-17,2023-12-27,2024-01-31,3,12.1,preco,1
2655,45,básico,Mensal,19.9,Sudeste,Instagram,3,2023-04-21,2023-10-02,2023-09-14,2024-01-31,4,55.2,Outro,1
3582,63,BASICO,Mensal,19.9,Sudeste,IG,10,2022-08-16,,2024-01-06,2024-01-31,14,433.6,,0
5888,32,padrão,Mensal,3490,Sudeste,Organico,3,2022-01-08,,2024-01-24,2024-01-31,19,789.8,,0
4894,25,Padrão,Mensal,34.9,Sul,orgânico,7,2023-08-12,,2024-01-19,2024-01-31,13,128.4,,0
2891,32,Premium,Mensal,55.9,Centro-Oeste,Indicacao,8,2023-05-02,,2024-01-18,2024-01-31,15,242.2,,0
5640,29,BASICO,Anual,19.9,Sul,indicação,7,2023-01-09,,2024-01-30,2024-01-31,10,255.4,,0
3600,48,BASICO,Mensal,1990,Centro-Oeste,Instagram,4,2023-09-19,2023-12-05,2023-11-27,2024-01-31,5,28.8,Preço,1
4998,44,padrão,Mensal,34.9,Sudeste,indicação,6,2023-04-13,,2024-01-29,2024-01-31,9,117.7,,0
3998,50,básico,Mensal,1990,Sudeste,instagram,5,2023-03-17,2024-01-10,2023-12-03,2024-01-31,1,22.8,Preço,1
4969,42,Padrão,Mensal,34.9,?,instagram,4,2023-01-26,,2024-01-08,2024-01-31,14,391.8,,0
2332,42,Padrao,Mensal,34.9,Centro-Oeste,Organico,4,2023-10-25,,2024-01-06,2024-01-31,17,75.4,,0
1983,61,Padrão,Mensal,34.9,Sudeste,IG,9,2020-08-10,,2024-01-26,2024-01-31,19,900,,0
4216,30,padrão,Mensal,34.9,Sul,indicação,5,2023-03-15,,2024-01-24,2024-01-31,18,323.3,,0
5376,41,BASICO,Mensal,19.9,Sul,google,9,2022-10-31,,2024-01-25,2024-01-31,8,244.5,,0
4016,31,premium,Mensal,55.9,Sul,IG,4,2023-09-10,2023-12-03,2023-11-09,2024-01-31,4,28.6,Falta de tempo,1
1940,24,básico,Anual,19.9,Sudeste,indicação,8,2023-08-25,,2024-01-25,2024-01-31,11,124.6,,0
5589,43,BASICO,Mensal,19.9,Norte,Instagram,10,2022-06-25,,2024-01-11,2024-01-31,14,410.7,,0
5115,51,premium,Anual,55.9,Nordeste,instagram,7,2023-05-13,2023-12-09,2023-12-03,2024-01-31,2,24.4,Falta de tempo,1
1977,30,BASICO,Mensal,19.9,Sudeste,IG,9,2022-10-22,,2024-01-02,2024-01-31,20,563.9,,0
2394,51,padrão,Mensal,34.9,Sul,instagram,3,2023-03-04,,2024-01-08,2024-01-31,13,231.1,,0
5896,41,BASICO,Mensal,19.9,Centro-Oeste,Indicacao,7,2023-01-19,,2024-01-24,2024-01-31,13,308,,0
4189,52,BASICO,Mensal,19.9,Sudeste,Google,6,2023-08-26,,2024-01-06,2024-01-31,12,110.9,,0
4086,34,Padrão,Mensal,34.9,Norte,Indicacao,6,2022-09-23,2023-07-06,2023-06-26,2024-01-31,2,71.8,problema tecnico,1
2646,21,Padrão,Mensal,34.9,Sul,IG,8,2022-07-19,,2024-01-14,2024-01-31,15,481,,0
2407,24,Premium,Mensal,55.9,?,indicação,6,2023-05-10,,2024-01-16,2024-01-31,8,132.8,,0
1173,40,Padrao,Mensal,34.9,Nordeste,Indicacao,7,2022-11-13,,2024-01-14,2024-01-31,16,500.5,,0
2806,42,Padrao,Mensal,34.9,Sudeste,indicação,7,2023-03-31,,2024-01-10,2024-01-31,12,283.1,,0
3564,49,Padrão,Mensal,34.9,Sudeste,IG,10,2023-10-14,,2024-01-20,2024-01-31,14,60.2,,0
1852,35,Premium,Mensal,55.9,Sul,Google,6,2023-08-13,2023-12-28,2023-12-05,2024-01-31,3,35,preco,1
1184,34,premium,Mensal,55.9,Sudeste,orgânico,10,2023-08-31,,2024-01-07,2024-01-31,10,117.5,,0
3597,36,BASICO,Mensal,1990,Norte,Indicacao,8,2023-03-06,,2024-01-20,2024-01-31,13,295.8,,0
1498,42,BASICO,Anual,19.9,Sul,Organico,10,2022-06-02,,2024-01-06,2024-01-31,10,309.6,,0
2308,20,Basico,Mensal,1990,Norte,orgânico,3,2023-11-16,2023-12-27,2023-12-12,2024-01-31,4,17.6,Pouco conteúdo novo,1
3096,28,básico,Anual,19.9,Sudeste,google,3,2023-07-25,2023-11-27,2023-10-21,2024-01-31,5,62,Falta de tempo,1
2316,41,premium,Mensal,55.9,Nordeste,IG,7,2023-02-11,2023-11-30,2023-10-22,2024-01-31,4,77.1,Concorrente,1
3370,20,Padrao,Mensal,3490,Nordeste,orgânico,7,2023-04-18,,2024-01-17,2024-01-31,12,182.2,,0
1739,44,Premium,Mensal,55.9,Sudeste,Instagram,8,2022-09-24,,2024-01-31,2024-01-31,16,581.2,,0
5035,24,básico,Mensal,19.9,?,Google,8,2023-04-26,,2024-01-09,2024-01-31,10,181.7,,0
4399,44,premium,Mensal,55.9,Nordeste,instagram,5,2023-07-28,,2024-01-16,2024-01-31,14,164.5,,0
2872,50,padrão,Mensal,34.9,Sul,orgânico,7,2022-06-08,,2024-01-19,2024-01-31,11,498.2,,0
5536,18,Padrao,Mensal,34.9,Sudeste,Organico,8,2022-09-14,,2024-01-20,2024-01-31,11,376.5,,0
2197,40,BASICO,Mensal,1990,Sudeste,google,5,2022-09-29,,2024-01-06,2024-01-31,14,490.4,,0
3479,42,padrão,Mensal,34.9,Sudeste,orgânico,9,2023-04-02,,2024-01-24,2024-01-31,17,348,,0
1094,51,Basico,Anual,19.9,Nordeste,orgânico,6,2022-05-15,,2024-01-20,2024-01-31,12,533.3,,0
3227,29,Basico,Mensal,1990,Nordeste,Organico,5,2023-08-02,2023-12-28,2023-12-09,2024-01-31,2,24.4,Pouco conteúdo novo,1
3332,38,padrão,Mensal,34.9,Sul,indicação,10,2021-10-12,,2024-01-25,2024-01-31,7,470.1,,0
4066,42,Padrão,Mensal,34.9,Sul,orgânico,7,2022-02-06,,2024-01-14,2024-01-31,10,562.5,,0
3660,51,Premium,Mensal,55.9,Sul,indicação,10,2023-01-19,,2024-01-17,2024-01-31,15,281.4,,0
5037,31,Basico,Mensal,19.9,Nordeste,orgânico,9,2022-06-07,,2024-01-07,2024-01-31,13,435.3,,0
3121,23,BASICO,Mensal,19.9,Nordeste,instagram,6,2023-10-19,,2024-01-18,2024-01-31,19,117,,0
1701,49,Padrão,Anual,34.9,Sul,IG,5,2023-06-10,2023-11-13,2023-10-24,2024-01-31,3,30.3,preco,1
4780,49,Padrao,Anual,34.9,Sudeste,google,10,2023-10-09,,2024-01-09,2024-01-31,14,68.8,,0
4060,27,Padrão,Mensal,34.9,Nordeste,Organico,5,2023-07-26,,2024-01-31,2024-01-31,15,134.5,,0
3946,44,padrão,Anual,34.9,?,Indicacao,8,2022-05-20,,2024-01-28,2024-01-31,16,515.1,,0
2625,31,Basico,Anual,19.9,Nordeste,orgânico,9,2023-05-22,,2024-01-13,2024-01-31,19,245.8,,0
1603,42,BASICO,Anual,1990,Sudeste,Indicacao,7,2023-02-28,,2024-01-09,2024-01-31,19,329.7,,0
2071,26,Padrao,Mensal,34.9,Sudeste,orgânico,9,2023-04-26,,2024-01-12,2024-01-31,17,309.9,,0
1273,33,Padrao,Mensal,34.9,Norte,Organico,4,2023-05-12,2023-10-03,2023-09-29,2024-01-31,4,65.4,preco,1
3912,40,premium,Mensal,5590,Norte,IG,6,2023-08-11,,2024-01-25,2024-01-31,25,288.9,,0
3207,41,Padrão,Mensal,3490,Sudeste,orgânico,2,2022-09-17,2024-01-03,2023-12-30,2024-01-31,1,35.4,Pouco conteúdo novo,1
3591,43,Basico,Mensal,1990,Sudeste,orgânico,6,2023-05-16,2023-12-30,2023-12-12,2024-01-31,5,57.5,preco,1
2051,20,Padrao,Mensal,34.9,Sudeste,Instagram,0,2023-11-13,2023-12-30,2023-12-07,2024-01-31,0,0,Pouco conteúdo novo,1
5001,27,básico,Anual,19.9,Nordeste,IG,9,2023-05-21,,2024-01-28,2024-01-31,13,200.8,,0
5827,37,premium,Mensal,55.9,Sudeste,Indicacao,8,2021-10-05,,2024-01-10,2024-01-31,10,651.7,,0
2212,39,Padrão,Anual,34.9,Sudeste,instagram,10,2022-09-15,,2024-01-16,2024-01-31,10,264,,0
3008,25,Padrao,Anual,34.9,Sul,Indicacao,7,2023-04-06,,2024-01-24,2024-01-31,10,180.3,,0
2204,18,Padrão,Mensal,34.9,Sudeste,Instagram,8,2023-06-09,,2024-01-10,2024-01-31,10,137.9,,0
5564,32,premium,Anual,55.9,Norte,Indicacao,1,2022-11-06,2024-01-02,2023-11-26,2024-01-31,3,86.2,preco,1
5449,36,Padrao,Mensal,34.9,Sul,Indicacao,10,2022-05-08,,2024-01-19,2024-01-31,19,744.2,,0
4771,34,Padrao,Mensal,34.9,Centro-Oeste,Google,5,2023-09-06,,2024-01-10,2024-01-31,8,67.2,,0
5214,33,Padrao,Mensal,34.9,Sudeste,indicação,9,2023-02-25,,2024-01-06,2024-01-31,12,264.1,,0
2659,46,Premium,Mensal,55.9,Sudeste,Instagram,7,2023-04-13,,2024-01-30,2024-01-31,10,212.6,,0
4316,19,padrão,Mensal,3490,Nordeste,Organico,3,2023-04-27,2023-10-28,2023-10-19,2024-01-31,4,69.8,Pouco conteúdo novo,1
1116,22,BASICO,Anual,19.9,Sudeste,IG,5,2023-05-28,,2024-01-14,2024-01-31,16,235.1,,0
3402,46,BASICO,Anual,19.9,Sul,Organico,8,2021-10-11,,2024-01-08,2024-01-31,13,860.3,,0
1668,39,premium,Mensal,55.9,Sudeste,instagram,6,2023-07-13,,2024-01-10,2024-01-31,12,133.7,,0
4721,50,Padrão,Mensal,34.9,Sudeste,orgânico,6,2022-03-09,,2024-01-04,2024-01-31,10,381.3,,0
3832,38,Padrao,Mensal,34.9,Sudeste,Instagram,5,2022-09-16,,2024-01-31,2024-01-31,12,395.4,,0
3678,34,básico,Mensal,19.9,Sul,orgânico,8,2023-12-30,2024-01-17,2024-01-10,2024-01-31,1,1.8,Concorrente,1
4207,38,Premium,Mensal,55.9,Nordeste,Organico,9,2022-11-22,,2024-01-15,2024-01-31,12,314.6,,0
2032,23,premium,Mensal,55.9,Sul,Indicacao,10,2023-03-25,,2024-01-27,2024-01-31,15,352.7,,0
4592,37,Padrão,Anual,34.9,Nordeste,Google,0,2023-06-08,2023-11-18,2023-10-30,2024-01-31,11,146.2,Pouco conteúdo novo,1
5228,38,Basico,Anual,19.9,Nordeste,google,5,2022-06-02,2023-04-27,2023-04-08,2024-01-31,5,193.3,Problema técnico,1
4877,18,básico,Anual,19.9,Sul,orgânico,8,2022-11-27,,2024-01-16,2024-01-31,17,489.4,,0
5951,50,padrão,Anual,34.9,Sudeste,instagram,8,2023-03-27,,2024-01-28,2024-01-31,10,172.9,,0
5739,23,premium,Mensal,55.9,Nordeste,instagram,5,2023-08-11,,2024-01-10,2024-01-31,15,159.7,,0
4200,35,Basico,Mensal,19.9,?,orgânico,6,2022-03-07,,2024-01-11,2024-01-31,16,552,,0
4812,25,básico,Anual,19.9,Sudeste,instagram,6,2023-10-12,2024-01-26,2024-01-04,2024-01-31,3,17.4,Concorrente,1
1112,46,BASICO,Mensal,1990,Sudeste,Google,8,2023-07-26,,2024-01-29,2024-01-31,14,176.1,,0
4688,51,BASICO,Mensal,19.9,Centro-Oeste,Organico,7,2022-06-19,,2024-01-02,2024-01-31,10,430.3,,0
3521,43,básico,Mensal,19.9,Sudeste,Instagram,10,2023-10-02,,2024-01-13,2024-01-31,7,54.6,,0
3437,52,Padrão,Anual,34.9,Nordeste,indicação,8,2023-05-28,,2024-01-25,2024-01-31,15,171.2,,0
5308,45,padrão,Mensal,34.9,Centro-Oeste,Instagram,10,2023-07-22,,2024-01-27,2024-01-31,9,128.3,,0
4239,20,Padrao,Anual,34.9,Sul,IG,5,2022-04-10,,2024-01-15,2024-01-31,12,622.7,,0
1486,36,Basico,Mensal,19.9,Sudeste,google,7,2020-11-02,,2024-01-09,2024-01-31,15,900,,0
2626,36,Premium,Mensal,55.9,Sudeste,indicação,6,2022-12-29,,2024-01-25,2024-01-31,11,202.7,,0
1876,19,premium,Mensal,55.9,Sul,Organico,7,2021-09-09,,2024-01-30,2024-01-31,13,878.8,,0
3872,18,premium,Mensal,55.9,Sul,indicação,10,2023-10-24,,2024-01-07,2024-01-31,16,94,,0
2769,46,Basico,Mensal,1990,Sudeste,orgânico,6,2022-10-11,,2024-01-19,2024-01-31,10,302.9,,0
4839,22,padrão,Mensal,34.9,Sudeste,Organico,3,2020-01-22,,2024-01-20,2024-01-31,18,900,,0
4541,31,Padrão,Mensal,34.9,Centro-Oeste,google,10,2023-10-19,,2024-01-28,2024-01-31,12,84.1,,0
1303,19,Basico,Mensal,19.9,Norte,instagram,8,2023-11-28,,2024-01-05,2024-01-31,19,59.5,,0
4654,21,básico,Mensal,19.9,Sudeste,Instagram,4,2023-10-15,2023-12-15,2023-11-12,2024-01-31,5,35.3,Pouco conteúdo novo,1
5481,51,Premium,Mensal,55.9,Sul,orgânico,8,2023-06-13,2023-11-23,2023-10-24,2024-01-31,1,14.7,Pouco conteúdo novo,1
2680,42,básico,Mensal,19.9,Centro-Oeste,indicação,3,2023-02-14,,2024-01-28,2024-01-31,13,225.2,,0
1811,34,Basico,Mensal,19.9,Sul,Google,8,2023-04-28,,2024-01-31,2024-01-31,17,262,,0
1413,48,Premium,Anual,55.9,Norte,Google,7,2022-05-21,,2024-01-21,2024-01-31,17,541.2,,0
4814,45,Padrao,Mensal,34.9,Sudeste,Organico,4,2022-08-15,,2024-01-09,2024-01-31,16,641.5,,0
1680,40,Padrão,Mensal,34.9,Sudeste,IG,6,2022-10-30,2023-09-19,2023-08-28,2024-01-31,1,26,Pouco conteúdo novo,1
5300,36,padrão,Mensal,34.9,?,orgânico,7,2023-01-19,,2024-01-24,2024-01-31,19,417.3,,0
4865,35,Premium,Mensal,55.9,Centro-Oeste,IG,5,2023-05-30,,,2024-01-31,18,334.4,,0
4255,48,Premium,Mensal,55.9,Nordeste,Organico,8,2022-12-22,,2024-01-31,2024-01-31,8,164.2,,0
5656,45,Padrao,Mensal,34.9,Sudeste,Indicacao,6,2023-02-13,,2024-01-20,2024-01-31,14,269.3,,0
5498,62,Padrao,Mensal,34.9,Centro-Oeste,IG,8,2022-01-29,,2024-01-17,2024-01-31,11,382.2,,0
1281,27,Premium,Mensal,55.9,Sul,orgânico,6,2022-08-08,,2024-01-17,2024-01-31,9,282,,0
3032,38,premium,Mensal,55.9,Centro-Oeste,orgânico,9,2022-11-28,,2024-01-24,2024-01-31,12,326.6,,0
2377,18,premium,Mensal,55.9,Sul,google,10,2023-06-27,,2024-01-28,2024-01-31,10,167,,0
2678,36,Padrão,Mensal,3490,Centro-Oeste,Organico,3,2023-07-20,2023-11-21,2023-10-13,2024-01-31,4,41.7,PREÇO,1
2238,47,básico,Anual,1990,Sudeste,indicação,3,2023-06-22,2023-11-08,2023-11-01,2024-01-31,3,43.9,preco,1
5624,20,padrão,Mensal,3490,Centro-Oeste,Instagram,8,2021-09-13,,2024-01-24,2024-01-31,10,574.5,,0
3951,25,padrão,Mensal,34.9,Sudeste,Organico,6,2023-02-03,2023-09-09,2023-09-01,2024-01-31,1,28.2,preco,1
2453,35,padrão,Anual,34.9,Nordeste,Instagram,4,2022-10-21,2023-08-27,2023-08-13,2024-01-31,3,94.3,Falta de tempo,1
2444,40,básico,Mensal,19.9,Sudeste,Indicacao,10,2022-11-22,,2024-01-19,2024-01-31,11,286.4,,0
5964,36,Padrao,Mensal,34.9,Nordeste,Instagram,10,2021-12-19,,2024-01-08,2024-01-31,13,771.5,,0
1509,52,Basico,Anual,19.9,Nordeste,Organico,5,2023-12-31,,2024-01-23,2024-01-31,7,10.9,,0
3052,50,BASICO,Mensal,19.9,Centro-Oeste,Instagram,6,2021-06-09,,2024-01-19,2024-01-31,15,900,,0
5469,50,Basico,Mensal,19.9,?,Instagram,8,2023-05-03,,2024-01-07,2024-01-31,15,189.6,,0
1904,51,BASICO,Anual,19.9,Centro-Oeste,indicação,2,2023-02-17,2023-10-15,2023-09-15,2024-01-31,4,90.7,Concorrente,1
2762,30,básico,Mensal,19.9,Nordeste,Organico,7,2022-11-03,,2024-01-11,2024-01-31,11,341.1,,0
4292,27,premium,Mensal,55.9,Sudeste,instagram,6,2022-12-15,,2024-01-25,2024-01-31,15,424.2,,0
1961,44,Premium,Mensal,55.9,Sudeste,Instagram,10,2023-12-01,,2024-01-14,2024-01-31,14,58.3,,0
2871,44,Padrao,Mensal,3490,Sudeste,indicação,9,2022-07-16,,2024-01-08,2024-01-31,14,420,,0
2825,39,Padrão,Mensal,34.9,Norte,Google,8,2022-12-06,,2024-01-18,2024-01-31,16,453,,0
3033,31,Padrao,Mensal,34.9,Sudeste,orgânico,10,2023-06-24,,2024-01-02,2024-01-31,15,182.8,,0
5851,41,Padrao,Anual,34.9,Sudeste,Google,6,2022-08-18,2023-12-02,2023-11-19,2024-01-31,3,99.9,Pouco conteúdo novo,1
4165,22,padrão,Mensal,34.9,Sudeste,Indicacao,8,2022-08-14,,2024-01-22,2024-01-31,11,323.4,,0
1388,48,Padrao,Mensal,34.9,Sudeste,Organico,5,2023-03-22,,2024-01-23,2024-01-31,7,146.4,,0
3822,45,premium,Mensal,55.9,Sudeste,Indicacao,10,2020-12-15,,2024-01-10,2024-01-31,15,900,,0
3525,38,Premium,Mensal,55.9,Nordeste,orgânico,4,2023-09-18,2023-11-28,2023-11-02,2024-01-31,1,6.2,Preço,1
4465,19,básico,Mensal,1990,Sudeste,Organico,10,2023-10-29,,2024-01-29,2024-01-31,15,105.8,,0
1328,34,BASICO,Mensal,1990,Sudeste,instagram,6,2023-07-16,,2024-01-20,2024-01-31,14,192.3,,0
1160,20,Basico,Mensal,19.9,Nordeste,Indicacao,6,2023-11-08,2023-12-31,2023-12-19,2024-01-31,3,12.1,Pouco conteúdo novo,1
4724,28,Padrão,Anual,34.9,Nordeste,indicação,9,2023-01-01,,2024-01-04,2024-01-31,16,335.7,,0
4959,59,padrão,Mensal,34.9,Sudeste,google,6,2023-07-26,,2024-01-04,2024-01-31,18,153,,0
2231,51,básico,Mensal,19.9,Sudeste,Organico,7,2020-08-18,,2024-01-31,2024-01-31,15,900,,0
4246,37,premium,Mensal,55.9,Sudeste,Organico,9,2022-03-08,,2024-01-02,2024-01-31,12,451.2,,0
4517,36,Premium,Anual,55.9,Centro-Oeste,IG,7,2020-11-27,,2024-01-27,2024-01-31,13,761.9,,0
5075,35,BASICO,Mensal,19.9,Nordeste,orgânico,8,2020-04-06,,2024-01-19,2024-01-31,10,806,,0
1810,46,padrão,Anual,34.9,Nordeste,orgânico,7,2022-04-25,,,2024-01-31,14,464.3,,0
5595,54,Premium,Mensal,55.9,Sudeste,Google,6,2022-05-21,,2024-01-29,2024-01-31,21,704.3,,0
1850,28,Premium,Mensal,55.9,Sudeste,indicação,5,2023-03-18,2024-01-18,2023-12-29,2024-01-31,3,43,Concorrente,1
4582,28,padrão,Anual,34.9,Sudeste,indicação,10,2021-06-10,,2024-01-07,2024-01-31,12,602.8,,0
1938,50,BASICO,Anual,19.9,Sudeste,google,2,2022-11-23,2023-12-09,2023-11-05,2024-01-31,5,119.9,Pouco conteúdo novo,1
5206,42,BASICO,Mensal,19.9,Centro-Oeste,orgânico,7,2022-11-19,,2024-01-09,2024-01-31,13,263.6,,0
5986,25,básico,Anual,19.9,Nordeste,Instagram,2,2023-07-02,2023-11-16,2023-10-17,2024-01-31,2,29.8,Falta de tempo,1
5402,34,Padrao,Mensal,34.9,Sudeste,google,6,2023-06-16,2023-12-11,2023-11-05,2024-01-31,0,0,PREÇO,1
4083,43,Padrão,Mensal,34.9,Centro-Oeste,instagram,7,2022-12-03,,2024-01-07,2024-01-31,13,381,,0
1323,44,BASICO,Mensal,19.9,Sudeste,IG,5,2021-12-25,,2024-01-22,2024-01-31,11,583.6,,0
3512,26,Basico,Anual,19.9,Sul,Google,5,2020-07-12,,2024-01-25,2024-01-31,12,900,,0
5114,25,Basico,Mensal,19.9,Sul,indicação,7,2022-06-29,2023-08-15,2023-07-16,2024-01-31,3,132,problema tecnico,1
3541,47,Padrão,Anual,34.9,Nordeste,Indicacao,6,2023-04-27,,2024-01-03,2024-01-31,12,186.9,,0
5260,22,básico,Mensal,19.9,Nordeste,Organico,9,2021-11-16,,2024-01-15,2024-01-31,13,636.6,,0
4703,35,Padrao,Mensal,34.9,Sudeste,indicação,6,2023-01-18,,2024-01-29,2024-01-31,13,321.8,,0
1795,38,padrão,Mensal,34.9,Centro-Oeste,Instagram,7,2023-09-17,,2024-01-22,2024-01-31,15,90.7,,0
3659,49,Premium,Anual,55.9,Sudeste,instagram,2,2023-03-04,2023-12-17,2023-11-23,2024-01-31,3,52,Preço,1
2201,23,Padrao,Mensal,34.9,Nordeste,orgânico,10,2022-09-28,,2024-01-13,2024-01-31,14,496.2,,0
2491,18,Padrão,Mensal,34.9,Sul,indicação,8,2023-05-19,,2024-01-24,2024-01-31,12,185.7,,0
4987,60,padrão,Mensal,34.9,Nordeste,Organico,4,2022-09-26,,2024-01-05,2024-01-31,10,312,,0
3284,47,Padrao,Mensal,3490,Centro-Oeste,Organico,6,2023-01-17,,2024-01-30,2024-01-31,13,335.1,,0
5835,27,Padrao,Mensal,34.9,Sul,indicação,6,2023-09-18,,2024-01-31,2024-01-31,13,85.4,,0
3982,39,Premium,Mensal,5590,Norte,orgânico,5,2022-09-22,,2024-01-21,2024-01-31,12,336.3,,0
1254,49,básico,Mensal,19.9,Sudeste,Organico,5,2023-08-15,2023-11-08,2023-10-01,2024-01-31,1,8.9,PREÇO,1
4524,46,básico,Mensal,19.9,Sul,Instagram,7,2023-10-01,,2024-01-12,2024-01-31,14,83.3,,0
3898,53,Basico,Mensal,19.9,Nordeste,instagram,5,2022-03-28,,2024-01-08,2024-01-31,13,488.2,,0
2041,24,premium,Mensal,55.9,Nordeste,Google,8,2023-10-03,,2024-01-13,2024-01-31,15,100.6,,0
4692,33,BASICO,Mensal,19.9,Sudeste,Instagram,6,2023-01-15,,2024-01-02,2024-01-31,16,443.5,,0
2012,27,padrão,Mensal,34.9,Nordeste,instagram,10,2023-02-24,,2024-01-06,2024-01-31,13,206.2,,0
2918,31,Padrão,Mensal,34.9,Sudeste,IG,4,2022-09-01,,2024-01-13,2024-01-31,19,725.9,,0
1041,36,BASICO,Mensal,1990,Sudeste,IG,8,2023-06-16,,2024-01-20,2024-01-31,16,183.5,,0
4706,44,padrão,Mensal,34.9,Centro-Oeste,Instagram,8,2023-12-15,,2024-01-21,2024-01-31,9,17.7,,0
5706,54,premium,Anual,55.9,Centro-Oeste,IG,4,2023-10-24,2024-01-17,2023-12-17,2024-01-31,3,21.5,Preço,1
1533,33,básico,Mensal,1990,Sudeste,orgânico,9,2021-01-27,,2024-01-19,2024-01-31,18,900,,0
2404,34,básico,Mensal,1990,Sul,Organico,5,2021-01-03,,2024-01-31,2024-01-31,18,900,,0
5725,39,padrão,Mensal,34.9,Nordeste,Google,10,2023-04-09,,2024-01-21,2024-01-31,21,278.7,,0
4186,33,Padrao,Mensal,34.9,Sul,Organico,10,2023-04-22,,2024-01-24,2024-01-31,20,355.5,,0
3212,37,padrão,Mensal,34.9,Sudeste,Organico,7,2022-07-10,,2024-01-28,2024-01-31,5,142.8,,0
4358,28,premium,Mensal,55.9,Sudeste,Indicacao,6,2023-09-28,2023-12-10,2023-11-11,2024-01-31,3,23.9,PREÇO,1
3995,40,BASICO,Anual,19.9,Sudeste,orgânico,10,2022-12-16,,2024-01-15,2024-01-31,9,235.7,,0
3334,42,BASICO,Mensal,19.9,Nordeste,Organico,9,2023-09-26,,2024-01-09,2024-01-31,13,100.3,,0
5116,38,BASICO,Mensal,19.9,Norte,Instagram,2,2022-10-04,,2024-01-04,2024-01-31,11,348.6,,0
3798,29,BASICO,Mensal,19.9,?,Indicacao,6,2022-08-25,,2024-01-09,2024-01-31,8,217.9,,0
2044,39,Padrao,Mensal,34.9,Sudeste,instagram,4,2023-01-05,,2024-01-16,2024-01-31,18,512,,0
5331,33,Premium,Mensal,55.9,?,Organico,9,2023-10-02,,2024-01-22,2024-01-31,14,87.3,,0
5410,18,premium,Mensal,55.9,Sudeste,Instagram,10,2023-12-12,,2024-01-20,2024-01-31,17,35.9,,0
1719,40,Padrao,Mensal,34.9,Sul,orgânico,8,2023-07-01,,2024-01-07,2024-01-31,18,269.2,,0
5945,38,básico,Mensal,1990,Sul,Indicacao,6,2023-03-07,,2024-01-30,2024-01-31,14,333.1,,0
5346,36,Padrao,Mensal,34.9,Sul,Indicacao,8,2023-07-14,,2024-01-10,2024-01-31,8,80.2,,0
1718,48,premium,Anual,55.9,Sudeste,Indicacao,6,2023-01-10,2023-09-18,2023-09-09,2024-01-31,1,20.9,Problema técnico,1
3990,30,Padrão,Mensal,34.9,Sul,Instagram,4,2023-08-09,2023-12-28,2023-12-18,2024-01-31,0,0,Falta de tempo,1
5649,18,básico,Mensal,19.9,Sul,google,7,2021-10-28,,2024-01-20,2024-01-31,13,528.5,,0
4578,27,premium,Anual,55.9,Sudeste,Google,2,2022-12-11,2023-10-15,2023-09-22,2024-01-31,5,104.6,Falta de tempo,1
4768,28,Basico,Mensal,19.9,Centro-Oeste,indicação,5,2023-09-23,2023-12-22,2023-12-04,2024-01-31,1,7.9,problema tecnico,1
4018,55,Padrao,Mensal,34.9,Sudeste,IG,5,2023-09-13,2023-12-05,2023-10-28,2024-01-31,3,23.7,Falta de tempo,1
3424,24,BASICO,Mensal,19.9,Nordeste,orgânico,10,2021-05-09,,2024-01-15,2024-01-31,15,816,,0
4793,27,Padrao,Mensal,34.9,Centro-Oeste,Organico,10,2022-11-14,,2024-01-25,2024-01-31,15,426.6,,0
3242,18,Premium,Anual,55.9,Sudeste,google,5,2023-04-28,,2024-01-28,2024-01-31,15,261.3,,0
3834,27,premium,Mensal,55.9,?,Google,10,2022-09-23,,2024-01-09,2024-01-31,20,596.8,,0
4739,40,padrão,Mensal,34.9,Sul,Organico,8,2023-07-29,,2024-01-29,2024-01-31,16,186.3,,0
4979,20,Basico,Mensal,19.9,Sul,instagram,5,2022-11-13,,2024-01-11,2024-01-31,16,348.2,,0
2282,50,básico,Mensal,19.9,Sudeste,orgânico,9,2023-05-29,,2024-01-10,2024-01-31,11,184.3,,0
2263,35,Premium,Mensal,55.9,Nordeste,Organico,4,2023-03-04,2023-09-20,2023-08-12,2024-01-31,1,18.8,Pouco conteúdo novo,1
5963,45,básico,Mensal,19.9,Sudeste,Instagram,2,2023-07-23,2024-01-03,2023-11-27,2024-01-31,3,42.4,Falta de tempo,1
2824,52,Premium,Mensal,55.9,Sudeste,Indicacao,3,2023-06-17,2023-12-05,2023-11-22,2024-01-31,4,61.2,Concorrente,1
5705,45,Basico,Anual,19.9,Sudeste,Organico,5,2021-06-18,,2024-01-31,2024-01-31,6,285.8,,0
4151,41,BASICO,Mensal,19.9,Sudeste,orgânico,5,2023-05-14,2023-11-03,2023-10-06,2024-01-31,4,45.3,Outro,1
3159,45,padrão,Mensal,34.9,Nordeste,Organico,4,2023-04-29,,2024-01-29,2024-01-31,12,160.5,,0
2920,21,Padrão,Anual,34.9,Sudeste,IG,7,2020-09-29,,2024-01-30,2024-01-31,11,796.5,,0
3215,42,Padrão,Anual,34.9,Sudeste,instagram,4,2023-11-21,2024-01-11,2024-01-01,2024-01-31,10,44.2,Preço,1
5322,45,Premium,Mensal,55.9,Sudeste,IG,5,2022-05-29,,2024-01-03,2024-01-31,12,469.5,,0
2466,57,Padrão,Mensal,34.9,Norte,Organico,4,2023-07-27,,2024-01-17,2024-01-31,15,133,,0
5795,50,BASICO,Anual,19.9,Sudeste,instagram,8,2023-01-06,2023-09-11,2023-08-24,2024-01-31,2,54.2,Pouco conteúdo novo,1
2720,47,premium,Mensal,55.9,Sudeste,instagram,5,2023-12-31,2024-01-27,2024-01-01,2024-01-31,1,2.1,PREÇO,1
2297,37,padrão,Mensal,34.9,Sul,orgânico,6,2023-02-16,,2024-01-08,2024-01-31,9,221,,0
1175,43,Padrao,Mensal,3490,Sul,Instagram,10,2021-12-26,,2024-01-29,2024-01-31,12,598.2,,0
2423,21,básico,Anual,1990,Sudeste,Google,6,2023-01-14,2023-07-26,2023-06-20,2024-01-31,1,28,PREÇO,1
1495,18,BASICO,Anual,19.9,Sudeste,Indicacao,5,2023-09-30,2024-01-14,2023-12-19,2024-01-31,3,20.1,Pouco conteúdo novo,1
5957,35,padrão,Mensal,34.9,Sudeste,IG,7,2023-06-17,2023-10-17,2023-10-05,2024-01-31,2,27.6,Concorrente,1
5288,42,básico,Mensal,19.9,Sul,instagram,3,2023-09-02,2023-11-28,2023-11-25,2024-01-31,3,31.4,Pouco conteúdo novo,1
2724,51,padrão,Mensal,34.9,Sul,indicação,5,2023-06-19,,2024-01-20,2024-01-31,12,155.7,,0
1318,22,BASICO,Mensal,19.9,?,orgânico,2,2023-03-14,2023-11-16,2023-10-19,2024-01-31,3,70.6,Pouco conteúdo novo,1
4649,23,BASICO,Mensal,19.9,Sudeste,Organico,7,2023-07-11,2023-10-30,2023-10-02,2024-01-31,2,27.3,Pouco conteúdo novo,1
1992,51,premium,Mensal,55.9,Centro-Oeste,Organico,9,2023-05-26,,2024-01-13,2024-01-31,13,214.7,,0
5411,21,BASICO,Mensal,19.9,Sul,Organico,9,2023-04-27,,2024-01-23,2024-01-31,12,169.4,,0
3174,18,BASICO,Anual,19.9,Sudeste,orgânico,5,2022-08-29,,2024-01-31,2024-01-31,11,389.5,,0
1008,41,Padrão,Mensal,34.9,Sudeste,orgânico,0,2023-07-09,2024-01-02,2023-11-25,2024-01-31,3,26.8,Preço,1
1071,57,Premium,Anual,55.9,Sul,Indicacao,9,2022-07-28,,2024-01-10,2024-01-31,13,374.2,,0
5138,26,Padrao,Mensal,34.9,Sudeste,instagram,2,2023-02-25,2023-11-10,2023-10-06,2024-01-31,0,0,Concorrente,1
1637,57,básico,Mensal,19.9,Nordeste,indicação,4,2023-11-28,2024-01-10,2023-12-29,2024-01-31,4,16.3,Falta de tempo,1
2140,39,Padrão,Anual,34.9,Sul,Organico,5,2023-07-23,2023-12-29,2023-12-03,2024-01-31,5,65.8,PREÇO,1
2617,25,BASICO,Mensal,19.9,Sudeste,Indicacao,10,2022-08-31,,2024-01-20,2024-01-31,12,308.9,,0
2529,35,padrão,Mensal,34.9,Sudeste,instagram,2,2023-05-31,2023-11-06,2023-10-15,2024-01-31,0,0,Pouco conteúdo novo,1
2912,35,Padrao,Mensal,34.9,Sudeste,orgânico,4,2023-03-01,,2024-01-26,2024-01-31,14,322.9,,0
1228,40,Padrao,Anual,34.9,Sul,google,6,2023-05-02,,2024-01-30,2024-01-31,7,90.1,,0
4693,48,BASICO,Anual,19.9,Sudeste,indicação,7,2021-08-14,,2024-01-03,2024-01-31,15,802.2,,0
1801,29,Basico,Mensal,19.9,Norte,Organico,6,2023-03-10,,2024-01-23,2024-01-31,16,227.2,,0
5885,32,básico,Mensal,19.9,Centro-Oeste,orgânico,2,2023-03-02,2023-08-30,2023-08-12,2024-01-31,5,100,Outro,1
3152,45,básico,Anual,19.9,?,Google,5,2022-11-30,,2024-01-29,2024-01-31,10,273,,0
3258,43,Premium,Mensal,55.9,Norte,Instagram,9,2023-02-28,,2024-01-04,2024-01-31,9,235.6,,0
1140,50,BASICO,Mensal,19.9,Sudeste,instagram,4,2022-10-01,,2024-01-18,2024-01-31,16,509.1,,0
5813,56,padrão,Mensal,34.9,Sul,Indicacao,4,2022-08-16,2023-12-05,2023-11-24,2024-01-31,2,52.4,Problema técnico,1
4137,41,premium,Mensal,55.9,Nordeste,Organico,3,2022-10-07,2023-12-03,2023-11-19,2024-01-31,2,62.6,Falta de tempo,1
2922,29,padrão,Mensal,34.9,Sul,Organico,10,2021-08-08,,2024-01-26,2024-01-31,16,733.5,,0
5505,21,Basico,Anual,19.9,Centro-Oeste,Instagram,6,2023-06-01,,2024-01-03,2024-01-31,13,154.7,,0
5947,40,premium,Mensal,55.9,Sudeste,Organico,8,2022-01-05,,2024-01-26,2024-01-31,15,791.6,,0
1536,43,BASICO,Anual,19.9,Nordeste,Organico,8,2022-10-01,,2024-01-06,2024-01-31,7,198.9,,0
1409,26,padrão,Mensal,34.9,Sudeste,Organico,10,2021-02-21,,2024-01-11,2024-01-31,14,818.7,,0
3828,37,premium,Mensal,55.9,Sudeste,orgânico,2,2023-06-11,2023-11-25,2023-11-13,2024-01-31,4,45.1,preco,1
3398,33,Padrao,Mensal,34.9,Sudeste,IG,10,2023-05-27,,2024-01-17,2024-01-31,19,283.5,,0
3494,35,básico,Mensal,19.9,Centro-Oeste,Indicacao,7,2022-11-16,,2024-01-26,2024-01-31,16,472,,0
5519,38,BASICO,Mensal,19.9,Sul,Instagram,6,2023-01-25,,2024-01-22,2024-01-31,14,326.5,,0
3338,37,Basico,Mensal,19.9,Sul,IG,9,2023-06-05,,2024-01-12,2024-01-31,16,248.7,,0
2935,47,BASICO,Mensal,19.9,Sudeste,indicação,2,2023-09-06,2023-12-21,2023-12-08,2024-01-31,6,43.2,PREÇO,1
5303,45,BASICO,Mensal,19.9,Sudeste,Organico,4,2023-06-15,,2024-01-23,2024-01-31,15,155.9,,0
3364,48,Premium,Mensal,55.9,Sudeste,IG,0,2023-06-17,2023-12-11,2023-11-13,2024-01-31,7,72.5,Concorrente,1
5767,43,Basico,Anual,19.9,Sul,indicação,10,2022-07-28,,2024-01-21,2024-01-31,13,516.5,,0
2860,54,premium,Mensal,55.9,Sudeste,IG,9,2019-12-14,,2024-01-15,2024-01-31,19,900,,0
2168,32,BASICO,Mensal,1990,?,Organico,8,2023-10-01,,2024-01-17,2024-01-31,18,139,,0
4816,33,premium,Mensal,5590,Sul,orgânico,10,2023-02-12,,2024-01-17,2024-01-31,6,139.5,,0
3918,46,BASICO,Mensal,19.9,Sul,Indicacao,6,2021-12-18,,2024-01-13,2024-01-31,22,900,,0
1835,29,padrão,Mensal,34.9,Norte,Google,7,2021-08-10,,2024-01-17,2024-01-31,6,340.1,,0
1563,25,Padrao,Mensal,34.9,Sudeste,Indicacao,6,2023-04-22,2023-10-31,2023-10-08,2024-01-31,1,15.9,Pouco conteúdo novo,1
5151,26,premium,Mensal,55.9,Sudeste,google,5,2023-09-09,,,2024-01-31,12,67.6,,0
3549,33,premium,Mensal,55.9,Sudeste,google,7,2023-01-21,,2024-01-10,2024-01-31,13,240.8,,0
3693,30,BASICO,Mensal,19.9,Sudeste,instagram,3,2023-05-29,,2024-01-07,2024-01-31,11,196.4,,0
3380,47,premium,Mensal,55.9,Norte,Indicacao,10,2023-08-08,,2024-01-18,2024-01-31,14,145.5,,0
5520,33,Padrao,Mensal,34.9,Sudeste,Google,10,2023-05-09,,2024-01-04,2024-01-31,17,271.5,,0
5087,26,Basico,Mensal,19.9,Sudeste,Indicacao,7,2023-10-08,,2024-01-17,2024-01-31,19,134.6,,0
5799,28,Basico,Mensal,19.9,Sudeste,Google,8,2023-04-04,,2024-01-11,2024-01-31,15,272.6,,0
4640,30,básico,Anual,19.9,Norte,instagram,10,2022-01-04,,2024-01-23,2024-01-31,11,657,,0
5720,39,premium,Mensal,55.9,Nordeste,Organico,9,2022-06-07,,2024-01-22,2024-01-31,12,452.8,,0
4457,28,premium,Mensal,55.9,Sudeste,Organico,10,2023-05-21,,2024-01-02,2024-01-31,8,145.5,,0
5786,33,BASICO,Mensal,19.9,Sul,Indicacao,7,2022-11-14,2024-01-10,2023-12-21,2024-01-31,9,217.9,Preço,1
1441,53,Padrao,Mensal,34.9,Norte,IG,5,2022-07-31,,2024-01-02,2024-01-31,11,372.5,,0
1264,50,Basico,Mensal,1990,Sudeste,indicação,7,2023-02-10,,2024-01-02,2024-01-31,12,196.5,,0
4099,48,premium,Mensal,55.9,Sudeste,indicação,7,2021-12-04,,2024-01-04,2024-01-31,15,890.7,,0
5864,43,Basico,Mensal,19.9,Sudeste,Instagram,8,2023-06-28,2023-12-12,2023-11-12,2024-01-31,1,12.4,Pouco conteúdo novo,1
3979,32,padrão,Anual,34.9,Nordeste,Indicacao,10,2023-03-07,,2024-01-19,2024-01-31,15,371.8,,0
3667,47,Basico,Anual,19.9,Nordeste,instagram,8,2022-10-21,,2024-01-02,2024-01-31,11,257.1,,0
1062,39,Padrao,Mensal,34.9,Sul,instagram,9,2023-07-09,,2024-01-04,2024-01-31,19,237.1,,0
5886,18,Padrão,Mensal,34.9,Sul,IG,9,2022-11-13,,2024-01-17,2024-01-31,26,760.7,,0
3825,26,BASICO,Anual,19.9,Centro-Oeste,indicação,4,2021-09-18,2023-01-15,2022-12-18,2024-01-31,1,47.7,Pouco conteúdo novo,1
1870,41,Padrão,Mensal,34.9,Sudeste,Instagram,1,2023-07-08,,2024-01-12,2024-01-31,12,160.3,,0
5004,18,padrão,Anual,34.9,Nordeste,Organico,10,2022-12-19,,2024-01-22,2024-01-31,14,286.4,,0
1716,31,premium,Mensal,55.9,Nordeste,orgânico,10,2023-01-20,,2024-01-11,2024-01-31,12,222.4,,0
1724,26,Premium,Mensal,55.9,Sudeste,orgânico,4,2023-10-30,2024-01-09,2023-12-24,2024-01-31,2,12.1,problema tecnico,1
3497,41,Padrão,Anual,34.9,Nordeste,indicação,8,2020-01-19,,2024-01-11,2024-01-31,12,900,,0
4117,52,básico,Mensal,19.9,Sudeste,IG,8,2021-02-09,,2024-01-05,2024-01-31,14,900,,0
4360,40,BASICO,Mensal,19.9,Sudeste,instagram,10,2023-10-29,,2024-01-31,2024-01-31,7,49.1,,0
4678,49,Padrão,Mensal,3490,Centro-Oeste,Instagram,6,2022-09-13,2023-12-08,2023-11-26,2024-01-31,4,132.9,Pouco conteúdo novo,1
2861,25,Basico,Mensal,19.9,Sudeste,Instagram,9,2023-06-18,,2024-01-22,2024-01-31,16,208.6,,0
5853,20,Basico,Anual,19.9,Sul,orgânico,7,2022-08-14,,2024-01-27,2024-01-31,19,563.7,,0
5614,31,padrão,Mensal,34.9,Sul,orgânico,10,2023-08-08,,2024-01-18,2024-01-31,20,174,,0
3812,54,Premium,Mensal,55.9,Centro-Oeste,IG,7,2021-07-07,,2024-01-13,2024-01-31,12,854.2,,0
1908,20,Padrão,Mensal,34.9,Sul,IG,7,2023-08-28,,2024-01-18,2024-01-31,13,147.4,,0
5053,24,Premium,Mensal,55.9,Sul,Google,6,2023-01-01,,2024-01-09,2024-01-31,15,368.9,,0
3285,30,Padrão,Mensal,34.9,Sudeste,Indicacao,3,2023-12-26,2024-01-15,2023-12-26,2024-01-31,4,7.9,problema tecnico,1
5005,26,Premium,Mensal,55.9,Norte,Organico,3,2023-05-24,2023-11-07,2023-10-19,2024-01-31,3,49.5,preco,1
4126,49,Padrão,Mensal,3490,Centro-Oeste,orgânico,8,2022-07-13,,2024-01-08,2024-01-31,14,604.1,,0
1749,40,BASICO,Mensal,19.9,Sudeste,Organico,7,2023-08-31,,2024-01-24,2024-01-31,14,149.7,,0
1314,42,Padrão,Mensal,34.9,?,Indicacao,8,2023-03-13,,2024-01-26,2024-01-31,21,415.9,,0
1625,31,padrão,Mensal,34.9,Sudeste,indicação,4,2023-09-19,2024-01-22,2024-01-05,2024-01-31,3,23.6,Problema técnico,1
4985,42,Padrão,Mensal,3490,Sul,IG,5,2023-04-06,2023-12-08,2023-11-03,2024-01-31,2,36.3,PREÇO,1
4256,49,premium,Anual,55.9,Norte,Google,9,2022-08-20,,2024-01-15,2024-01-31,12,343.7,,0
4542,38,Padrao,Mensal,3490,Nordeste,Organico,8,2022-12-05,,2024-01-26,2024-01-31,15,481.7,,0
4503,32,BASICO,Anual,19.9,Nordeste,indicação,3,2023-08-27,2023-12-15,2023-12-08,2024-01-31,5,43.4,preco,1
3180,24,Padrão,Mensal,34.9,Sudeste,Google,9,2022-12-22,,2024-01-05,2024-01-31,11,327.9,,0
3501,18,BASICO,Anual,19.9,Sudeste,google,5,2023-10-17,2023-12-21,2023-11-15,2024-01-31,2,13.5,Pouco conteúdo novo,1
2793,29,Padrão,Anual,34.9,Nordeste,Organico,8,2023-11-27,,2024-01-29,2024-01-31,8,35.8,,0
2470,43,BASICO,Anual,1990,Sudeste,IG,7,2022-07-25,2023-10-02,2023-08-29,2024-01-31,1,33.7,preco,1
1134,18,padrão,Mensal,34.9,Sudeste,Instagram,3,2023-07-28,2023-11-24,2023-11-14,2024-01-31,2,16.9,Preço,1
5470,38,básico,Anual,19.9,Sul,Organico,6,2023-08-10,,2024-01-10,2024-01-31,11,110.4,,0
4661,57,Padrao,Anual,3490,Sul,Instagram,6,2019-12-30,,2024-01-04,2024-01-31,14,900,,0
1243,34,Basico,Anual,19.9,Nordeste,google,5,2023-06-30,2023-10-31,2023-09-27,2024-01-31,3,49,Falta de tempo,1
2504,18,Premium,Anual,55.9,Sul,orgânico,6,2022-12-04,2023-10-29,2023-10-07,2024-01-31,1,31.6,Problema técnico,1
4495,40,Premium,Mensal,55.9,Sudeste,instagram,10,2022-08-07,,2024-01-25,2024-01-31,21,581.2,,0
2050,34,Basico,Anual,1990,Sudeste,indicação,2,2022-09-05,2023-12-09,2023-11-20,2024-01-31,0,0,Pouco conteúdo novo,1
5691,35,padrão,Mensal,34.9,Sudeste,Indicacao,8,2022-11-20,,2024-01-05,2024-01-31,7,165.8,,0
3589,18,premium,Anual,55.9,Centro-Oeste,Instagram,6,2022-08-31,,2024-01-26,2024-01-31,16,500.8,,0
5070,42,padrão,Mensal,34.9,Sudeste,IG,8,2022-09-20,,2024-01-16,2024-01-31,16,422.2,,0
2142,26,Padrão,Mensal,34.9,Sul,Organico,3,2023-08-16,2023-12-11,2023-11-09,2024-01-31,1,7.3,Pouco conteúdo novo,1
2127,36,básico,Mensal,19.9,?,google,4,2023-04-06,2023-11-20,2023-10-15,2024-01-31,7,149.2,Pouco conteúdo novo,1
5659,44,BASICO,Mensal,1990,Sudeste,orgânico,7,2021-08-07,,2024-01-07,2024-01-31,14,646.9,,0
1123,38,básico,Anual,19.9,Sudeste,indicação,8,2022-04-01,,2024-01-28,2024-01-31,9,458.9,,0
2400,46,premium,Mensal,55.9,Sudeste,google,6,2022-02-18,,2024-01-28,2024-01-31,11,471.1,,0
4153,25,padrão,Mensal,3490,Sudeste,IG,5,2022-10-24,,2024-01-15,2024-01-31,10,301.4,,0
1407,44,Padrão,Mensal,34.9,Sul,Instagram,8,2023-02-15,,2024-01-25,2024-01-31,19,427.9,,0
1880,46,padrão,Mensal,34.9,Nordeste,indicação,7,2021-09-12,,2024-01-09,2024-01-31,16,900,,0
5360,39,básico,Anual,19.9,Nordeste,instagram,9,2023-03-06,,2024-01-22,2024-01-31,18,387.1,,0
2773,35,premium,Mensal,55.9,Sudeste,Indicacao,10,2023-05-24,,2024-01-21,2024-01-31,13,199.7,,0
1202,33,Padrão,Mensal,34.9,?,indicação,10,2023-05-16,,2024-01-20,2024-01-31,15,172.9,,0
1028,32,padrão,Anual,34.9,Sudeste,Google,8,2023-10-12,,2024-01-03,2024-01-31,9,47,,0
2206,35,Padrao,Mensal,34.9,Sudeste,Google,7,2023-04-15,,2024-01-20,2024-01-31,26,449.7,,0
2934,33,Basico,Mensal,19.9,Sul,Instagram,4,2023-11-07,2024-01-13,2024-01-07,2024-01-31,4,19,Falta de tempo,1
3404,42,Padrao,Mensal,34.9,Sul,instagram,6,2023-05-30,,2024-01-27,2024-01-31,9,125.4,,0
2585,39,Padrao,Mensal,34.9,Sul,google,5,2022-05-04,,2024-01-26,2024-01-31,22,900,,0
2185,45,Premium,Mensal,55.9,Norte,Organico,10,2023-04-03,,2024-01-31,2024-01-31,14,222.3,,0
2199,37,Basico,Mensal,19.9,Sudeste,Indicacao,8,2022-09-11,,2024-01-04,2024-01-31,12,419.4,,0
3586,31,BASICO,Mensal,19.9,Sul,Organico,6,2022-09-18,2024-01-03,2023-11-26,2024-01-31,1,37.1,Preço,1
5587,58,padrão,Mensal,3490,Sul,orgânico,8,2023-07-14,,2024-01-11,2024-01-31,18,244.5,,0
3836,55,premium,Mensal,55.9,Sul,Instagram,6,2023-11-23,,2024-01-06,2024-01-31,17,74.5,,0
1911,42,BASICO,Anual,19.9,Norte,indicação,5,2023-06-17,,2024-01-19,2024-01-31,16,173,,0
5684,24,Padrão,Mensal,34.9,Sudeste,Organico,8,2021-12-24,,2024-01-12,2024-01-31,16,860.7,,0
3382,51,padrão,Mensal,34.9,Centro-Oeste,indicação,8,2023-08-09,,2024-01-25,2024-01-31,12,89.5,,0
4168,35,Basico,Anual,19.9,Nordeste,indicação,9,2023-03-03,,2024-01-29,2024-01-31,14,252.8,,0
4084,35,BASICO,Mensal,1990,Sudeste,instagram,8,2023-08-01,,2024-01-25,2024-01-31,19,252,,0
5837,37,básico,Anual,19.9,Sudeste,Organico,2,2023-10-18,2024-01-16,2023-12-26,2024-01-31,3,19.9,Falta de tempo,1
2090,18,Basico,Mensal,19.9,Sudeste,orgânico,9,2023-06-12,,2024-01-25,2024-01-31,15,216.5,,0
4118,39,básico,Mensal,19.9,Sudeste,Google,5,2023-06-27,,2024-01-17,2024-01-31,14,186.4,,0
5897,41,básico,Mensal,19.9,Sul,Instagram,5,2023-09-07,,2024-01-05,2024-01-31,16,112.8,,0
4631,33,Premium,Mensal,55.9,Norte,orgânico,5,2022-11-17,2023-10-18,2023-10-07,2024-01-31,2,58.7,PREÇO,1
1964,31,Padrão,Anual,34.9,Centro-Oeste,Indicacao,6,2022-12-21,,2024-01-16,2024-01-31,15,419,,0
1542,25,premium,Anual,55.9,Sudeste,IG,4,2023-05-16,2023-10-09,2023-10-02,2024-01-31,3,55,problema tecnico,1
5459,32,BASICO,Mensal,19.9,Nordeste,Instagram,8,2022-04-04,,2024-01-31,2024-01-31,22,900,,0
1914,24,Premium,Anual,55.9,Norte,orgânico,7,2023-06-29,,2024-01-13,2024-01-31,11,147,,0
4109,25,Premium,Mensal,55.9,?,IG,3,2022-02-28,2023-04-04,2023-03-04,2024-01-31,1,47.2,PREÇO,1
2354,25,premium,Mensal,55.9,Sudeste,google,8,2023-05-11,,2024-01-31,2024-01-31,13,181.3,,0
3263,39,BASICO,Anual,1990,Nordeste,orgânico,10,2022-04-18,,2024-01-23,2024-01-31,14,595.4,,0
2882,48,básico,Anual,19.9,Sul,instagram,5,2021-06-05,,2024-01-22,2024-01-31,18,900,,0
1458,24,padrão,Mensal,34.9,?,Organico,3,2023-07-27,2023-11-06,2023-10-04,2024-01-31,2,26.2,Preço,1
4413,27,Premium,Mensal,55.9,Sudeste,Instagram,6,2023-08-08,2023-11-29,2023-11-24,2024-01-31,2,17.6,Pouco conteúdo novo,1
5370,41,BASICO,Mensal,19.9,Sudeste,Instagram,8,2021-12-18,,2024-01-07,2024-01-31,11,611.4,,0
3650,43,Premium,Mensal,55.9,Nordeste,google,6,2023-04-16,2024-01-11,2023-12-23,2024-01-31,3,60.7,Pouco conteúdo novo,1
5541,37,premium,Mensal,55.9,Sudeste,google,6,2023-08-19,,2024-01-24,2024-01-31,10,105.8,,0
4045,32,Padrão,Mensal,34.9,Sudeste,orgânico,5,2022-05-25,,2024-01-18,2024-01-31,18,681.5,,0
3367,36,Basico,Mensal,19.9,Sul,Google,5,2023-09-14,2023-11-25,2023-10-30,2024-01-31,3,20,Falta de tempo,1
2586,29,básico,Mensal,19.9,Sudeste,IG,9,2021-05-01,,2024-01-08,2024-01-31,9,429,,0
3839,38,Padrão,Anual,34.9,Centro-Oeste,orgânico,7,2023-08-08,,2024-01-20,2024-01-31,15,107.1,,0
3134,41,BASICO,Mensal,19.9,Sudeste,Google,6,2023-07-21,,2024-01-22,2024-01-31,14,177,,0
5687,49,Padrao,Mensal,34.9,Sudeste,orgânico,5,2022-12-11,2023-07-28,2023-07-09,2024-01-31,1,28.9,PREÇO,1
3633,40,básico,Mensal,19.9,Sudeste,google,7,2023-10-08,,2024-01-04,2024-01-31,11,68.1,,0
2326,33,BASICO,Anual,19.9,Sul,Organico,8,2022-08-07,,2024-01-12,2024-01-31,8,330.5,,0
3106,53,Padrão,Mensal,34.9,Sul,Organico,8,2023-10-16,,2024-01-12,2024-01-31,12,64.3,,0
4040,43,Basico,Mensal,19.9,Sudeste,Organico,6,2022-10-03,,2024-01-24,2024-01-31,9,217.1,,0
3574,25,padrão,Mensal,34.9,Sul,Instagram,9,2021-03-14,,2024-01-18,2024-01-31,16,900,,0
5830,50,Padrão,Mensal,34.9,Norte,Google,10,2022-07-04,,2024-01-13,2024-01-31,11,353.2,,0
4955,34,básico,Anual,19.9,Nordeste,orgânico,9,2022-03-15,,2024-01-06,2024-01-31,9,399.6,,0
5391,47,premium,Mensal,55.9,?,Instagram,6,2022-02-21,,2024-01-28,2024-01-31,20,900,,0
4130,38,Basico,Mensal,19.9,Sudeste,Google,7,2023-06-27,,2024-01-11,2024-01-31,9,97.1,,0
2801,25,padrão,Anual,34.9,Norte,Google,8,2023-01-12,,2024-01-10,2024-01-31,16,275.9,,0
5044,36,Basico,Mensal,19.9,Sul,instagram,10,2023-11-22,,2024-01-25,2024-01-31,14,40.3,,0
5904,24,Basico,Anual,19.9,Sudeste,Instagram,6,2022-05-17,2023-11-05,2023-10-20,2024-01-31,0,0,Preço,1
5775,40,premium,Mensal,55.9,Nordeste,Google,4,2023-12-07,2024-01-12,2024-01-03,2024-01-31,2,4.3,PREÇO,1
3920,47,Padrão,Anual,34.9,Sul,IG,6,2023-06-14,,2024-01-12,2024-01-31,12,144.6,,0
4941,44,Padrao,Mensal,34.9,Sudeste,instagram,8,2023-06-13,,2024-01-05,2024-01-31,15,222.3,,0
5238,23,básico,Mensal,19.9,Norte,Indicacao,3,2022-10-08,2023-06-06,2023-05-12,2024-01-31,5,112.4,Problema técnico,1
3463,52,BASICO,Mensal,19.9,?,indicação,6,2023-06-08,,2024-01-11,2024-01-31,11,173.9,,0
3078,31,premium,Anual,55.9,Centro-Oeste,Google,10,2022-08-19,,2024-01-04,2024-01-31,9,244.4,,0
2461,39,Padrão,Mensal,34.9,Sudeste,Indicacao,4,2022-12-22,,2024-01-23,2024-01-31,23,536,,0
1278,37,Padrao,Mensal,34.9,Nordeste,orgânico,5,2022-06-08,,2024-01-25,2024-01-31,11,374,,0
4371,57,BASICO,Mensal,19.9,Nordeste,google,10,2022-06-15,,2024-01-27,2024-01-31,16,495,,0
5109,34,premium,Mensal,55.9,Sul,IG,2,2023-01-21,,,2024-01-31,18,376.5,,0
1692,42,BASICO,Mensal,19.9,Centro-Oeste,Google,6,2023-07-01,,2024-01-14,2024-01-31,17,262.2,,0
2886,59,Premium,Anual,55.9,Nordeste,Organico,7,2022-06-18,,2024-01-26,2024-01-31,18,595.6,,0
2169,34,Padrao,Mensal,34.9,Sudeste,IG,5,2023-02-28,,2024-01-14,2024-01-31,14,241.6,,0
5783,23,padrão,Mensal,3490,Sudeste,instagram,10,2022-11-26,,2024-01-19,2024-01-31,7,196.9,,0
2281,48,premium,Anual,55.9,Sudeste,indicação,6,2022-06-19,,2024-01-10,2024-01-31,25,835.3,,0
2327,26,premium,Anual,55.9,Nordeste,google,1,2023-10-13,2023-12-08,2023-11-18,2024-01-31,5,26.6,preco,1
4025,49,Premium,Anual,55.9,Norte,IG,9,2023-08-15,,2024-01-03,2024-01-31,17,137,,0
3135,52,básico,Mensal,19.9,Sudeste,indicação,2,2023-05-05,2023-11-16,2023-10-16,2024-01-31,3,41.9,PREÇO,1
4872,45,básico,Mensal,19.9,Sudeste,Google,8,2022-10-17,,2024-01-27,2024-01-31,16,509.2,,0
3961,23,Basico,Mensal,19.9,Nordeste,orgânico,8,2022-11-30,,2024-01-28,2024-01-31,7,155.2,,0
3381,44,Padrão,Mensal,34.9,Sudeste,IG,8,2023-10-12,,2024-01-14,2024-01-31,12,53.4,,0
2533,29,básico,Mensal,19.9,Sudeste,Indicacao,6,2023-11-24,2024-01-22,2023-12-28,2024-01-31,3,9.8,Pouco conteúdo novo,1
4489,43,Premium,Mensal,55.9,Centro-Oeste,IG,8,2023-09-09,,2024-01-04,2024-01-31,15,110,,0
5883,33,Padrão,Anual,34.9,Sudeste,Organico,8,2023-03-25,,2024-01-09,2024-01-31,18,291,,0
5668,35,Basico,Anual,19.9,Sudeste,instagram,6,2022-05-10,,2024-01-04,2024-01-31,11,540.5,,0
2269,55,premium,Mensal,5590,Sudeste,indicação,5,2022-11-11,,2024-01-03,2024-01-31,14,389.2,,0
5055,41,Padrao,Mensal,34.9,Norte,IG,9,2020-09-29,,2024-01-03,2024-01-31,19,900,,0
2884,30,premium,Mensal,55.9,Nordeste,instagram,9,2021-12-09,,2024-01-07,2024-01-31,14,567.4,,0
3819,25,premium,Mensal,5590,Centro-Oeste,Organico,7,2023-11-02,,2024-01-15,2024-01-31,12,59.9,,0
3561,26,Basico,Mensal,19.9,Sudeste,Google,6,2023-08-10,,2024-01-31,2024-01-31,15,115.3,,0
2376,26,Padrao,Mensal,34.9,Centro-Oeste,Instagram,7,2022-06-21,,2024-01-16,2024-01-31,16,710.7,,0
1478,18,Premium,Mensal,55.9,Nordeste,Instagram,8,2022-07-22,,2024-01-06,2024-01-31,12,486.8,,0
5770,34,BASICO,Mensal,19.9,Centro-Oeste,google,4,2023-09-30,2024-01-23,2023-12-20,2024-01-31,5,37.7,Pouco conteúdo novo,1
3488,50,Padrão,Anual,34.9,Sudeste,orgânico,8,2022-03-03,,2024-01-22,2024-01-31,18,728.4,,0
3054,40,Padrao,Mensal,34.9,Sudeste,Indicacao,5,2022-10-31,2023-10-02,2023-09-15,2024-01-31,2,52.6,Problema técnico,1
3453,27,Basico,Anual,19.9,Nordeste,Indicacao,6,2023-09-21,,2024-01-12,2024-01-31,19,148.2,,0
3003,41,padrão,Mensal,34.9,Centro-Oeste,IG,6,2021-04-27,,2024-01-04,2024-01-31,6,337.4,,0
2005,36,básico,Mensal,19.9,Sudeste,instagram,6,2022-11-21,,2024-01-10,2024-01-31,7,167.7,,0
4929,43,Padrao,Mensal,34.9,Sudeste,google,8,2022-09-07,,2024-01-25,2024-01-31,19,603.9,,0
3887,24,básico,Mensal,19.9,Sudeste,Organico,6,2022-05-31,,2024-01-21,2024-01-31,10,301.7,,0
1392,40,premium,Mensal,55.9,Sudeste,IG,9,2023-06-11,,2024-01-04,2024-01-31,16,239.5,,0
1317,36,BASICO,Anual,1990,Sudeste,instagram,10,2022-11-28,,2024-01-31,2024-01-31,13,375.3,,0
4275,68,Basico,Anual,19.9,Sudeste,instagram,9,2022-06-29,,2024-01-08,2024-01-31,16,673.4,,0
3983,34,Premium,Mensal,55.9,Sudeste,Indicacao,5,2023-06-19,2023-11-18,2023-11-05,2024-01-31,3,31.9,Problema técnico,1
3601,59,básico,Mensal,19.9,Norte,google,3,2023-09-23,2023-12-25,2023-12-01,2024-01-31,2,12.5,Falta de tempo,1
2349,38,básico,Mensal,19.9,Sudeste,IG,6,2023-10-19,,2024-01-29,2024-01-31,17,99.6,,0
5563,30,Premium,Anual,5590,Nordeste,Organico,3,2021-09-27,,2024-01-17,2024-01-31,15,900,,0
4331,50,Basico,Mensal,19.9,Sul,Google,8,2022-03-20,,2024-01-11,2024-01-31,12,533.2,,0
3930,42,Basico,Mensal,19.9,Sul,instagram,6,2023-05-19,2023-12-03,2023-11-15,2024-01-31,1,16.4,Pouco conteúdo novo,1
3573,38,padrão,Anual,3490,Sudeste,orgânico,7,2023-08-21,,2024-01-24,2024-01-31,12,116,,0
5181,41,básico,Anual,19.9,Nordeste,IG,5,2023-01-17,2023-10-19,2023-09-25,2024-01-31,3,75.9,Problema técnico,1
4282,39,padrão,Mensal,34.9,Sudeste,google,2,2023-08-08,2023-11-10,2023-10-13,2024-01-31,3,28.1,problema tecnico,1
3895,41,Padrão,Mensal,34.9,Centro-Oeste,Google,10,2021-09-02,,2024-01-28,2024-01-31,20,900,,0
3429,31,padrão,Mensal,34.9,Sul,indicação,10,2023-02-26,,2024-01-05,2024-01-31,13,341.8,,0
1149,35,básico,Mensal,19.9,Sul,orgânico,4,2022-12-28,2023-11-20,2023-11-02,2024-01-31,3,75.3,Preço,1
3868,34,padrão,Mensal,34.9,Norte,IG,9,2023-07-05,,2024-01-20,2024-01-31,13,217.4,,0
2975,31,Basico,Mensal,1990,Nordeste,orgânico,7,2021-07-05,,2024-01-13,2024-01-31,12,672.4,,0
4286,48,Padrão,Mensal,34.9,Sudeste,orgânico,7,2023-01-18,,2024-01-13,2024-01-31,14,382.5,,0
5929,24,básico,Mensal,1990,Sudeste,indicação,6,2023-09-11,2023-12-19,2023-11-17,2024-01-31,4,28.9,Problema técnico,1
4307,18,básico,Anual,19.9,Centro-Oeste,instagram,9,2023-06-24,,2024-01-17,2024-01-31,17,221.3,,0
2619,31,BASICO,Anual,19.9,Nordeste,orgânico,10,2022-01-25,,2024-01-09,2024-01-31,11,504.8,,0
3316,45,Basico,Mensal,19.9,Sul,IG,4,2023-05-18,2023-09-26,2023-08-23,2024-01-31,2,37.2,PREÇO,1
2386,39,Basico,Mensal,19.9,?,Organico,4,2023-01-25,2024-01-10,2023-12-12,2024-01-31,5,128,Concorrente,1
4879,26,BASICO,Mensal,19.9,Centro-Oeste,Indicacao,8,2021-10-19,,2024-01-13,2024-01-31,14,586.2,,0
2079,29,Padrão,Anual,34.9,Sudeste,IG,7,2023-06-25,,2024-01-18,2024-01-31,16,233.2,,0
3760,52,BASICO,Mensal,19.9,Nordeste,Organico,7,2023-07-08,,2024-01-16,2024-01-31,16,211.9,,0
3517,22,premium,Mensal,55.9,Nordeste,instagram,8,2023-09-01,,2024-01-14,2024-01-31,15,174,,0
4056,25,padrão,Mensal,34.9,Sudeste,Organico,6,2023-05-14,2023-10-23,2023-09-20,2024-01-31,2,38.1,problema tecnico,1
3702,34,Padrao,Mensal,34.9,Nordeste,Organico,4,2023-01-02,,2024-01-24,2024-01-31,11,275.8,,0
1731,31,Basico,Anual,19.9,Sudeste,google,8,2023-08-01,2024-01-22,2024-01-02,2024-01-31,1,13.9,PREÇO,1
3055,25,Basico,Mensal,1990,Sudeste,instagram,7,2022-07-24,,2024-01-23,2024-01-31,17,564.3,,0
5417,48,básico,Mensal,19.9,Sudeste,Organico,8,2023-09-20,,2024-01-23,2024-01-31,9,54.3,,0
2047,45,Padrao,Mensal,34.9,Sudeste,Google,3,2022-12-31,2023-10-11,2023-10-03,2024-01-31,1,22.9,Preço,1
4043,24,básico,Mensal,19.9,Sudeste,Organico,10,2022-09-21,,2024-01-20,2024-01-31,16,613.7,,0
4563,31,básico,Mensal,19.9,Sudeste,Google,6,2022-06-04,,2024-01-17,2024-01-31,14,632.5,,0
3945,26,premium,Mensal,55.9,Sudeste,Instagram,9,2022-07-13,,2024-01-17,2024-01-31,17,629.9,,0
2132,41,premium,Mensal,55.9,Sudeste,indicação,6,2023-04-30,,2024-01-17,2024-01-31,7,88.9,,0
1059,23,básico,Mensal,19.9,Centro-Oeste,orgânico,8,2023-04-11,,2024-01-17,2024-01-31,11,232.8,,0
4625,40,padrão,Mensal,34.9,Sudeste,indicação,7,2023-05-15,2023-11-15,2023-11-08,2024-01-31,5,83.1,Falta de tempo,1
4226,18,Basico,Mensal,19.9,Sul,instagram,6,2023-09-12,2024-01-20,2023-12-16,2024-01-31,3,24,Falta de tempo,1
4268,22,Padrão,Mensal,34.9,Sul,google,5,2023-07-10,2023-11-27,2023-10-24,2024-01-31,3,26.8,Concorrente,1
2526,50,Padrao,Mensal,34.9,Sudeste,Google,6,2023-10-23,2024-01-06,2023-12-17,2024-01-31,3,17.3,problema tecnico,1
1370,45,padrão,Mensal,34.9,Sudeste,Organico,8,2022-02-03,,2024-01-23,2024-01-31,15,816.3,,0
1404,40,Basico,Anual,19.9,Sudeste,IG,6,2023-05-13,2023-11-28,2023-11-05,2024-01-31,4,44.9,Pouco conteúdo novo,1
2241,23,Padrao,Anual,34.9,Sudeste,Indicacao,8,2023-08-02,,2024-01-23,2024-01-31,11,101.8,,0
4176,36,básico,Mensal,19.9,Nordeste,IG,5,2020-05-05,,2024-01-10,2024-01-31,17,900,,0
4547,34,padrão,Mensal,34.9,Sudeste,Indicacao,8,2022-06-27,,2024-01-31,2024-01-31,14,444.1,,0
5724,34,Padrão,Mensal,34.9,Centro-Oeste,IG,7,2022-07-10,,2024-01-06,2024-01-31,8,282.2,,0
4385,24,BASICO,Mensal,19.9,Nordeste,Indicacao,1,2023-07-19,2023-12-26,2023-12-09,2024-01-31,7,59.8,Pouco conteúdo novo,1
5667,37,padrão,Mensal,34.9,Sudeste,Google,5,2022-10-22,2023-12-14,2023-11-29,2024-01-31,0,0,Falta de tempo,1
3359,37,Padrao,Mensal,34.9,Centro-Oeste,google,8,2023-03-12,,2024-01-24,2024-01-31,16,268.9,,0
5976,39,Premium,Mensal,55.9,Sudeste,indicação,5,2023-11-07,,2024-01-18,2024-01-31,16,55.7,,0
5690,36,Premium,Anual,55.9,Sudeste,orgânico,7,2022-12-30,,2024-01-08,2024-01-31,13,312,,0
4723,52,Padrão,Mensal,3490,Sudeste,google,8,2019-12-21,,2024-01-07,2024-01-31,15,900,,0
4370,38,Premium,Anual,55.9,Nordeste,Organico,8,2022-09-15,,2024-01-19,2024-01-31,14,360.8,,0
4031,29,Basico,Anual,19.9,Sudeste,Google,8,2023-08-13,,2024-01-13,2024-01-31,12,142.9,,0
2852,32,Padrao,Mensal,34.9,Centro-Oeste,instagram,3,2023-08-09,2023-11-23,2023-11-12,2024-01-31,2,20.9,Preço,1
5251,45,básico,Mensal,19.9,Centro-Oeste,indicação,5,2023-10-29,,2024-01-10,2024-01-31,6,34.1,,0
2656,18,padrão,Mensal,34.9,Sul,Google,7,2023-01-30,2024-01-09,2023-12-14,2024-01-31,4,72.6,problema tecnico,1
1597,50,BASICO,Mensal,19.9,Sudeste,Instagram,4,2022-11-01,,2024-01-22,2024-01-31,14,458.9,,0
4562,24,BASICO,Anual,19.9,Centro-Oeste,Instagram,5,2023-06-16,2023-12-26,2023-11-18,2024-01-31,4,54.1,Pouco conteúdo novo,1
3355,23,padrão,Mensal,34.9,?,google,0,2023-02-01,2024-01-12,2023-12-27,2024-01-31,5,87.9,Falta de tempo,1
1464,50,BASICO,Anual,19.9,Norte,Google,2,2023-04-03,2023-11-28,2023-11-08,2024-01-31,0,0,PREÇO,1
2948,40,Premium,Anual,55.9,Sudeste,IG,5,2022-11-06,,2024-01-16,2024-01-31,13,334.8,,0
4400,35,Padrão,Mensal,34.9,Sudeste,google,9,2021-10-31,,2024-01-24,2024-01-31,17,900,,0
5866,47,BASICO,Mensal,19.9,Sudeste,IG,5,2023-09-08,,2024-01-10,2024-01-31,22,125.5,,0
5631,48,Padrao,Mensal,34.9,Sudeste,Indicacao,7,2022-08-14,,2024-01-15,2024-01-31,12,308.6,,0
3830,48,Padrão,Mensal,34.9,Sudeste,Google,3,2022-11-22,,2024-01-19,2024-01-31,16,392.5,,0
5086,40,padrão,Mensal,34.9,Centro-Oeste,instagram,5,2023-06-17,2023-12-27,2023-12-23,2024-01-31,1,13.4,preco,1
5160,53,Padrão,Anual,34.9,Nordeste,IG,8,2022-07-18,,2024-01-11,2024-01-31,16,428.4,,0
5933,48,básico,Anual,19.9,Sudeste,Organico,5,2023-05-22,2023-11-30,2023-11-23,2024-01-31,2,31.8,Pouco conteúdo novo,1
4033,24,padrão,Mensal,34.9,Sudeste,google,8,2021-12-22,,2024-01-13,2024-01-31,14,672.1,,0
4753,36,Basico,Anual,1990,Sudeste,instagram,2,2023-09-13,2023-12-15,2023-11-12,2024-01-31,6,51.5,Problema técnico,1
4251,25,Basico,Mensal,19.9,Sul,indicação,9,2020-12-16,,2024-01-11,2024-01-31,14,900,,0
3605,24,Padrao,Mensal,34.9,Nordeste,google,8,2022-05-19,,2024-01-20,2024-01-31,7,251.7,,0
1000,54,premium,Anual,55.9,Norte,instagram,10,2023-07-13,,2024-01-13,2024-01-31,17,214.7,,0
3245,35,premium,Mensal,55.9,Sudeste,Instagram,4,2023-05-05,,2024-01-27,2024-01-31,13,270.3,,0
5497,40,Premium,Mensal,55.9,Nordeste,instagram,8,2023-04-28,,2024-01-09,2024-01-31,17,224.4,,0
3000,37,Padrão,Mensal,34.9,Sudeste,google,5,2023-07-09,2023-11-30,2023-10-27,2024-01-31,1,9.5,PREÇO,1
2153,32,Premium,Mensal,5590,Sul,Google,3,2022-12-18,2023-10-02,2023-09-28,2024-01-31,2,58.5,Concorrente,1
2757,43,Padrão,Anual,34.9,Sul,indicação,8,2021-09-25,,2024-01-29,2024-01-31,14,666.9,,0
3581,37,básico,Mensal,19.9,Sudeste,Organico,7,2023-11-17,,2024-01-13,2024-01-31,15,61.5,,0
5456,37,Padrao,Mensal,34.9,Centro-Oeste,IG,7,2023-09-06,,2024-01-21,2024-01-31,8,72.2,,0
5982,38,básico,Mensal,1990,Sul,google,6,2022-12-30,,2024-01-16,2024-01-31,17,331,,0
5447,39,premium,Mensal,55.9,Nordeste,IG,8,2023-09-13,,2024-01-25,2024-01-31,17,138.4,,0
2561,37,Padrao,Mensal,34.9,Sul,Organico,10,2022-06-03,,2024-01-29,2024-01-31,20,725.8,,0
4991,23,Padrão,Mensal,34.9,Sul,Organico,2,2022-09-23,2023-12-13,2023-12-05,2024-01-31,3,85.1,Pouco conteúdo novo,1
5847,26,BASICO,Anual,19.9,Sudeste,IG,10,2022-12-12,,2024-01-21,2024-01-31,11,233.5,,0
4074,48,BASICO,Mensal,19.9,Sudeste,Instagram,4,2023-07-05,2023-11-20,2023-11-07,2024-01-31,2,32.5,Preço,1
4833,46,Basico,Mensal,19.9,Nordeste,Organico,6,2022-02-16,2023-06-02,2023-05-22,2024-01-31,2,75.1,Pouco conteúdo novo,1
1902,29,básico,Anual,19.9,Sudeste,orgânico,8,2022-03-09,,2024-01-23,2024-01-31,15,761.3,,0
2333,29,BASICO,Anual,19.9,Sudeste,Organico,6,2022-01-17,,2024-01-20,2024-01-31,14,692.2,,0
5565,48,padrão,Mensal,34.9,Sudeste,Instagram,6,2023-09-23,,2024-01-05,2024-01-31,16,99.2,,0
5741,44,Padrao,Mensal,34.9,Sudeste,orgânico,4,2021-12-03,,2024-01-16,2024-01-31,10,609.4,,0
1991,23,Basico,Anual,19.9,Sul,Organico,8,2023-01-30,,2024-01-07,2024-01-31,13,300.4,,0
4777,32,Premium,Mensal,55.9,Nordeste,indicação,6,2023-10-22,2024-01-20,2023-12-17,2024-01-31,5,23.9,Preço,1
4570,18,Padrão,Anual,34.9,Nordeste,orgânico,5,2023-02-03,,2024-01-04,2024-01-31,18,387.5,,0
4832,22,básico,Mensal,19.9,Centro-Oeste,Organico,9,2023-04-30,,2024-01-17,2024-01-31,15,224.7,,0
3397,45,premium,Mensal,55.9,Centro-Oeste,google,5,2021-04-13,,2024-01-10,2024-01-31,16,762.6,,0
2842,43,BASICO,Anual,19.9,Centro-Oeste,Google,8,2023-12-12,,2024-01-17,2024-01-31,18,40.4,,0
2732,18,Premium,Mensal,55.9,Sudeste,Organico,8,2022-05-26,,2024-01-04,2024-01-31,8,298.8,,0
2675,18,padrão,Mensal,34.9,Nordeste,IG,6,2023-07-25,,2024-01-31,2024-01-31,17,221.8,,0
4926,24,Basico,Mensal,19.9,Sudeste,Organico,4,2021-07-03,,2024-01-28,2024-01-31,14,713.6,,0
5820,33,básico,Mensal,19.9,Centro-Oeste,IG,7,2023-05-02,,2024-01-04,2024-01-31,10,212.2,,0
3305,43,Premium,Mensal,55.9,Centro-Oeste,orgânico,0,2023-03-26,2023-12-15,2023-11-30,2024-01-31,5,86.7,problema tecnico,1
2983,18,Padrao,Mensal,34.9,Sudeste,google,7,2022-11-17,2023-09-15,2023-08-07,2024-01-31,4,111.6,preco,1
4254,28,básico,Mensal,19.9,Sul,Instagram,8,2019-07-10,,2024-01-13,2024-01-31,12,900,,0
2244,44,Basico,Anual,19.9,Sudeste,IG,5,2022-12-25,2023-12-27,2023-12-23,2024-01-31,2,46.7,Concorrente,1
1711,31,básico,Mensal,19.9,Sudeste,orgânico,6,2022-11-11,,2024-01-04,2024-01-31,12,323.1,,0
1371,42,Basico,Mensal,19.9,Nordeste,Google,5,2023-10-26,,2024-01-29,2024-01-31,12,63.3,,0
4057,20,padrão,Mensal,34.9,Nordeste,IG,9,2022-04-11,,2024-01-26,2024-01-31,11,567.4,,0
4389,34,Premium,Mensal,55.9,Nordeste,Organico,8,2023-04-28,,2024-01-23,2024-01-31,14,182.6,,0
4304,30,Premium,Anual,55.9,Sudeste,orgânico,7,2022-11-14,,2024-01-07,2024-01-31,9,233,,0
2546,36,BASICO,Mensal,19.9,Sudeste,Organico,7,2023-05-16,,2024-01-04,2024-01-31,14,222.6,,0
2092,40,Basico,Mensal,19.9,Sudeste,instagram,6,2023-05-22,2023-10-29,2023-09-29,2024-01-31,3,34.9,Pouco conteúdo novo,1
4267,45,Basico,Anual,19.9,Sudeste,indicação,7,2022-03-09,,2024-01-02,2024-01-31,18,636.9,,0
3133,21,Padrao,Mensal,34.9,Sudeste,IG,2,2022-12-21,,2024-01-20,2024-01-31,11,241.3,,0
3593,52,básico,Mensal,19.9,Sudeste,Indicacao,5,2022-09-25,2023-10-02,2023-09-28,2024-01-31,2,50.9,Pouco conteúdo novo,1
2136,35,premium,Mensal,55.9,Sudeste,IG,5,2022-08-12,,2024-01-26,2024-01-31,8,193,,0
4460,50,básico,Mensal,19.9,Norte,Indicacao,7,2023-07-13,,2024-01-19,2024-01-31,10,97.1,,0
1122,42,Padrao,Mensal,34.9,Nordeste,indicação,2,2022-11-14,2023-11-05,2023-10-05,2024-01-31,3,88.5,Falta de tempo,1
2522,29,BASICO,Mensal,19.9,Sudeste,instagram,10,2023-06-15,,2024-01-30,2024-01-31,15,193.9,,0
3882,37,BASICO,Anual,19.9,Sudeste,google,6,2023-02-11,2023-11-05,2023-09-30,2024-01-31,5,81.1,Falta de tempo,1
1025,26,BASICO,Mensal,19.9,Sudeste,Google,3,2023-03-28,2023-11-15,2023-11-08,2024-01-31,6,94.1,preco,1
3765,44,BASICO,Mensal,19.9,Sudeste,google,6,2022-09-02,,2024-01-29,2024-01-31,12,449.2,,0
2351,34,Basico,Mensal,19.9,Norte,Instagram,9,2023-10-09,,2024-01-02,2024-01-31,13,73.7,,0
2057,39,Premium,Mensal,55.9,Nordeste,Organico,6,2023-09-10,2024-01-06,2023-11-29,2024-01-31,4,25.9,Problema técnico,1
1973,36,Basico,Mensal,19.9,Sudeste,Organico,3,2022-05-27,,2024-01-17,2024-01-31,19,713.7,,0
2597,35,Padrão,Mensal,34.9,?,IG,9,2023-05-01,,2024-01-30,2024-01-31,9,175.9,,0
3550,48,padrão,Mensal,34.9,Sudeste,indicação,6,2023-10-07,,2024-01-30,2024-01-31,14,94.5,,0
2799,30,Padrao,Anual,34.9,Sul,Google,5,2019-02-19,,2024-01-12,2024-01-31,10,900,,0
2211,50,padrão,Mensal,34.9,Centro-Oeste,orgânico,4,2023-06-16,,2024-01-26,2024-01-31,12,140.1,,0
4502,35,BASICO,Mensal,19.9,Sudeste,instagram,9,2023-11-06,,2024-01-24,2024-01-31,13,54.7,,0
2083,36,Padrão,Anual,34.9,Sul,Instagram,10,2023-04-28,,2024-01-23,2024-01-31,11,161.4,,0
3813,27,premium,Mensal,55.9,Sudeste,indicação,5,2022-09-23,,2024-01-30,2024-01-31,13,361.8,,0
5072,18,Padrao,Mensal,34.9,Sul,Google,9,2022-07-23,,2024-01-14,2024-01-31,7,294.2,,0
3225,34,BASICO,Anual,1990,Sudeste,Instagram,5,2023-03-25,2023-10-15,2023-09-13,2024-01-31,0,0,Falta de tempo,1
4133,38,premium,Mensal,55.9,Sudeste,IG,10,2023-09-13,,2024-01-31,2024-01-31,16,133.7,,0
1871,37,Basico,Anual,19.9,Nordeste,Indicacao,6,2023-06-26,2023-12-31,2023-12-17,2024-01-31,4,43.1,Problema técnico,1
1805,35,padrão,Mensal,34.9,Centro-Oeste,Google,4,2023-03-02,2023-09-13,2023-09-03,2024-01-31,2,52.5,preco,1
4869,37,Basico,Mensal,19.9,Centro-Oeste,Google,8,2023-05-09,2024-01-20,2023-12-17,2024-01-31,3,44.6,Pouco conteúdo novo,1
4479,30,BASICO,Mensal,19.9,Sudeste,Organico,4,2023-12-08,2024-01-26,2024-01-19,2024-01-31,1,2.3,Falta de tempo,1
3341,22,padrão,Anual,34.9,Sul,instagram,6,2021-10-08,,2024-01-29,2024-01-31,16,838.7,,0
2727,47,premium,Mensal,5590,Sudeste,Instagram,7,2023-08-21,2023-11-26,2023-10-25,2024-01-31,5,48.2,Preço,1
2379,44,BASICO,Mensal,1990,Sudeste,Organico,2,2023-12-02,2024-01-22,2024-01-07,2024-01-31,4,17.8,PREÇO,1
3465,21,básico,Mensal,1990,Sudeste,Instagram,5,2021-07-14,,2024-01-02,2024-01-31,10,540.4,,0
3421,38,padrão,Anual,34.9,Sudeste,instagram,8,2022-07-14,,2024-01-31,2024-01-31,12,312,,0
5136,25,básico,Mensal,19.9,Sudeste,Organico,10,2022-11-20,,2024-01-03,2024-01-31,14,446.3,,0
1357,35,Basico,Mensal,19.9,Sul,Google,8,2022-07-18,2023-05-04,2023-04-29,2024-01-31,5,143.8,Problema técnico,1
1422,70,padrão,Mensal,34.9,Sul,IG,7,2023-03-24,,2024-01-25,2024-01-31,12,286.9,,0
1250,34,básico,Mensal,19.9,Sudeste,Google,7,2022-11-24,,2024-01-25,2024-01-31,16,414,,0
2440,37,padrão,Mensal,3490,Nordeste,orgânico,5,2022-07-18,2023-06-18,2023-05-17,2024-01-31,2,80.9,PREÇO,1
3924,54,Padrao,Mensal,34.9,Sul,Google,10,2022-12-21,,2024-01-17,2024-01-31,16,420.5,,0
2115,45,padrão,Mensal,34.9,Norte,indicação,8,2022-02-20,,2024-01-25,2024-01-31,12,598.6,,0
4829,18,Padrão,Anual,3490,Sul,Google,7,2023-01-17,,2024-01-28,2024-01-31,8,150.2,,0
2879,44,Basico,Mensal,19.9,Sudeste,Indicacao,6,2023-09-11,2024-01-19,2023-12-19,2024-01-31,4,30.6,Outro,1
4006,37,Basico,Mensal,19.9,Nordeste,IG,8,2022-10-15,,2024-01-11,2024-01-31,15,412.7,,0
2031,27,padrão,Mensal,34.9,Sul,Organico,10,2023-08-22,,2024-01-14,2024-01-31,13,136.4,,0
5250,30,Padrao,Mensal,34.9,Sudeste,Indicacao,5,2023-04-13,,2024-01-31,2024-01-31,16,266.7,,0
3374,29,padrão,Mensal,3490,Nordeste,IG,7,2022-09-23,,2024-01-22,2024-01-31,11,297.1,,0
3360,44,Basico,Mensal,19.9,Sudeste,Instagram,3,2023-01-06,2023-11-18,2023-10-28,2024-01-31,2,52.9,Pouco conteúdo novo,1
5066,26,Premium,Anual,55.9,Sul,indicação,5,2022-12-18,,2024-01-03,2024-01-31,14,362.8,,0
5762,44,Padrão,Mensal,34.9,?,orgânico,6,2021-12-05,,2024-01-22,2024-01-31,15,687.2,,0
4876,45,Basico,Mensal,19.9,Sul,Instagram,6,2023-02-18,2023-11-30,2023-11-19,2024-01-31,5,85.2,Problema técnico,1
2944,29,padrão,Mensal,34.9,Centro-Oeste,Google,8,2022-10-04,,2024-01-30,2024-01-31,9,215.9,,0
1069,41,premium,Mensal,55.9,Nordeste,Instagram,8,2023-01-16,,2024-01-12,2024-01-31,12,285.1,,0
1462,21,Padrao,Mensal,34.9,Sudeste,indicação,8,2021-06-27,,2024-01-17,2024-01-31,7,404,,0
4579,40,Padrão,Mensal,34.9,Nordeste,Instagram,10,2022-07-06,,2024-01-22,2024-01-31,17,749.7,,0
1287,34,Padrao,Mensal,34.9,Nordeste,indicação,9,2022-11-29,,2024-01-04,2024-01-31,13,379.6,,0
5925,30,premium,Mensal,55.9,Sudeste,instagram,7,2022-10-21,,2024-01-26,2024-01-31,11,289,,0
2420,32,premium,Mensal,55.9,Sul,Instagram,10,2022-11-07,,2024-01-02,2024-01-31,17,548.9,,0
1976,32,padrão,Mensal,34.9,Sul,IG,7,2021-02-28,,2024-01-20,2024-01-31,15,900,,0
2020,52,Basico,Mensal,19.9,Nordeste,Instagram,6,2023-08-08,2023-12-11,2023-11-20,2024-01-31,3,28.2,preco,1
1215,21,Basico,Anual,19.9,Sul,indicação,10,2022-07-16,,2024-01-21,2024-01-31,17,465.6,,0
2089,29,premium,Mensal,55.9,Sudeste,Indicacao,7,2023-04-24,,2024-01-26,2024-01-31,11,157,,0
2734,40,Premium,Anual,5590,Nordeste,Organico,9,2022-12-13,,2024-01-06,2024-01-31,18,391.7,,0
3853,30,básico,Mensal,19.9,Sudeste,orgânico,6,2023-08-12,,2024-01-20,2024-01-31,16,192,,0
3452,37,Padrão,Mensal,34.9,Sudeste,google,6,2023-01-01,,2024-01-22,2024-01-31,12,259.8,,0
2314,52,Padrao,Mensal,34.9,Nordeste,orgânico,6,2022-02-21,,2024-01-10,2024-01-31,9,410.8,,0
4310,38,Padrao,Anual,34.9,Sul,IG,5,2023-09-15,,2024-01-30,2024-01-31,11,83.7,,0
4525,18,Premium,Mensal,5590,Centro-Oeste,instagram,5,2023-09-22,,2024-01-22,2024-01-31,9,59.3,,0
5263,20,premium,Mensal,55.9,Sudeste,Instagram,8,2023-05-16,,2024-01-31,2024-01-31,19,355.9,,0
4362,28,Padrão,Mensal,34.9,Centro-Oeste,indicação,7,2022-08-15,,2024-01-21,2024-01-31,16,519.3,,0
5701,46,Padrao,Mensal,3490,Sudeste,orgânico,8,2023-06-20,,2024-01-06,2024-01-31,14,188.1,,0
2432,27,básico,Mensal,19.9,Centro-Oeste,IG,1,2023-06-26,2024-01-18,2023-12-14,2024-01-31,3,29.5,PREÇO,1
3985,44,Basico,Mensal,19.9,Sudeste,Indicacao,2,2023-07-13,2023-11-03,2023-09-30,2024-01-31,1,13.5,preco,1
5679,48,Padrao,Mensal,34.9,Sudeste,indicação,10,2022-12-06,,2024-01-08,2024-01-31,12,338.4,,0
4982,50,Padrão,Mensal,3490,Nordeste,Indicacao,6,2022-02-26,,2024-01-29,2024-01-31,6,282.8,,0
4196,53,Basico,Mensal,19.9,Sul,Organico,6,2020-10-05,,2024-01-06,2024-01-31,12,801.6,,0
5892,18,premium,Mensal,55.9,Sudeste,Organico,8,2021-05-25,,2024-01-19,2024-01-31,18,900,,0
3658,29,Basico,Mensal,19.9,Sudeste,orgânico,8,2023-05-12,,2024-01-26,2024-01-31,21,304.3,,0
4058,41,Premium,Mensal,55.9,Norte,google,8,2023-10-28,,2024-01-18,2024-01-31,20,119.6,,0
1510,52,Premium,Anual,55.9,Norte,orgânico,6,2023-05-27,,2024-01-05,2024-01-31,15,172.8,,0
3086,46,padrão,Mensal,34.9,Sudeste,IG,4,2023-06-29,2023-12-29,2023-12-04,2024-01-31,2,32.7,Pouco conteúdo novo,1
4799,46,Basico,Anual,19.9,Centro-Oeste,instagram,5,2023-05-05,2023-12-05,2023-11-28,2024-01-31,2,26,preco,1
1953,23,premium,Mensal,5590,Sul,indicação,4,2023-04-20,2023-10-10,2023-09-24,2024-01-31,5,92.5,Preço,1
4405,32,premium,Mensal,55.9,Norte,google,5,2022-02-21,,2024-01-19,2024-01-31,19,806.2,,0
5178,58,BASICO,Anual,19.9,Sul,orgânico,7,2023-01-17,,2024-01-05,2024-01-31,15,330.2,,0
4159,42,Basico,Mensal,1990,Sudeste,Instagram,4,2022-09-04,,2024-01-21,2024-01-31,19,748,,0
1895,50,premium,Anual,55.9,Nordeste,IG,7,2022-01-30,,2024-01-04,2024-01-31,14,587.6,,0
3676,24,premium,Mensal,55.9,Centro-Oeste,Organico,4,2023-04-09,2023-09-09,2023-08-28,2024-01-31,3,44.3,PREÇO,1
3386,39,Padrão,Mensal,34.9,Centro-Oeste,Google,6,2023-04-29,2023-11-22,2023-10-29,2024-01-31,0,0,Pouco conteúdo novo,1
3001,29,básico,Mensal,19.9,Nordeste,indicação,4,2023-03-07,,2024-01-30,2024-01-31,20,436.1,,0
3441,30,BASICO,Mensal,19.9,Norte,Indicacao,7,2022-08-12,,2024-01-17,2024-01-31,16,632.3,,0
5647,39,premium,Mensal,55.9,Nordeste,Instagram,9,2022-06-06,,2024-01-10,2024-01-31,14,653.3,,0
1877,51,Padrão,Mensal,34.9,Sudeste,Instagram,7,2023-01-15,,2024-01-18,2024-01-31,14,301.6,,0
4032,45,Padrão,Mensal,3490,Norte,indicação,4,2023-10-17,2024-01-27,2024-01-13,2024-01-31,1,6.7,Preço,1
2384,46,Basico,Mensal,19.9,?,Google,6,2022-03-26,,2024-01-04,2024-01-31,14,696.6,,0
1658,22,BASICO,Anual,1990,Sudeste,Google,2,2023-07-28,2024-01-17,2023-12-30,2024-01-31,3,34.1,Pouco conteúdo novo,1
4009,21,básico,Anual,19.9,Sul,IG,7,2023-07-28,,2024-01-13,2024-01-31,13,153.6,,0
1828,35,básico,Mensal,19.9,Sudeste,instagram,1,2022-11-24,2023-09-15,2023-08-29,2024-01-31,4,91.7,Preço,1
2166,53,Premium,Mensal,5590,Sul,google,9,2023-04-13,,2024-01-23,2024-01-31,10,127.3,,0
5950,0,premium,Mensal,55.9,Centro-Oeste,Indicacao,8,2022-12-24,,2024-01-16,2024-01-31,12,228.2,,0
4949,54,padrão,Anual,34.9,Sudeste,IG,3,2023-05-25,2024-01-20,2024-01-07,2024-01-31,1,16.9,Pouco conteúdo novo,1
1144,26,básico,Mensal,1990,Norte,orgânico,9,2022-01-01,,2024-01-16,2024-01-31,14,661.6,,0
3046,48,Padrão,Mensal,34.9,Sudeste,orgânico,8,2022-09-03,,2024-01-03,2024-01-31,13,325.7,,0
2876,35,básico,Mensal,19.9,Sul,IG,5,2022-10-17,2023-09-20,2023-09-12,2024-01-31,2,62.2,Falta de tempo,1
2816,22,padrão,Mensal,34.9,Nordeste,google,5,2022-09-23,,2024-01-23,2024-01-31,14,479.6,,0
3237,44,básico,Mensal,19.9,Sul,Organico,7,2023-08-16,,2024-01-09,2024-01-31,10,114.9,,0
2854,37,básico,Mensal,19.9,Norte,google,7,2021-10-31,,2024-01-18,2024-01-31,10,381.1,,0
1206,48,básico,Anual,19.9,Nordeste,instagram,5,2021-07-25,,2024-01-18,2024-01-31,12,598.2,,0
1448,20,Padrao,Mensal,34.9,Norte,Instagram,8,2023-06-21,,2024-01-13,2024-01-31,13,180.2,,0
5452,44,Basico,Anual,19.9,Sul,IG,4,2023-06-28,,2024-01-06,2024-01-31,14,163,,0
2602,46,Padrão,Mensal,34.9,Sul,orgânico,6,2023-07-24,,2024-01-26,2024-01-31,16,150,,0
3099,18,padrão,Anual,34.9,Sudeste,Indicacao,4,2023-06-19,2024-01-01,2023-12-05,2024-01-31,4,47.6,preco,1
3994,30,Padrao,Mensal,34.9,Centro-Oeste,Organico,1,2023-10-30,2023-12-22,2023-11-15,2024-01-31,4,26.2,Falta de tempo,1
4626,18,Padrao,Mensal,34.9,Nordeste,Indicacao,8,2023-12-14,,,2024-01-31,14,28.1,,0
3877,37,Padrao,Anual,34.9,Norte,Organico,6,2022-12-26,,2024-01-25,2024-01-31,20,368.9,,0
2121,39,padrão,Anual,34.9,Sudeste,instagram,9,2021-11-05,,2024-01-22,2024-01-31,12,750.9,,0
1640,62,Padrão,Anual,34.9,Sudeste,orgânico,9,2021-09-29,,2024-01-20,2024-01-31,10,397.4,,0
1330,39,padrão,Mensal,34.9,?,Google,10,2023-03-03,,2024-01-05,2024-01-31,11,232.1,,0
4520,46,BASICO,Mensal,19.9,Sudeste,indicação,5,2023-02-04,,2024-01-22,2024-01-31,8,163.3,,0
1185,33,BASICO,Anual,19.9,Sudeste,indicação,8,2023-01-18,,2024-01-17,2024-01-31,18,391.5,,0
4514,44,básico,Mensal,19.9,Sul,IG,5,2023-04-13,2024-01-15,2023-12-09,2024-01-31,2,28.6,PREÇO,1
5811,39,Premium,Anual,55.9,Nordeste,Google,6,2023-06-05,,2024-01-03,2024-01-31,16,284.7,,0
3588,38,Padrão,Mensal,34.9,Norte,IG,7,2021-02-26,,2024-01-14,2024-01-31,18,900,,0
2518,31,premium,Mensal,55.9,Sul,IG,9,2022-02-06,,2024-01-26,2024-01-31,8,457.4,,0
4767,29,Padrão,Mensal,34.9,Sudeste,orgânico,7,2023-06-13,,2024-01-25,2024-01-31,12,190.9,,0
3260,36,básico,Mensal,19.9,Centro-Oeste,Organico,10,2022-11-05,,2024-01-11,2024-01-31,17,579.5,,0
4656,38,BASICO,Mensal,19.9,Sul,Indicacao,10,2022-08-15,,2024-01-13,2024-01-31,22,674.8,,0
1643,33,premium,Mensal,5590,Sul,Indicacao,8,2022-11-20,,2024-01-19,2024-01-31,9,257.5,,0
1070,19,Premium,Mensal,5590,Sudeste,indicação,9,2022-02-18,,2024-01-29,2024-01-31,18,638.5,,0
4404,39,Padrao,Anual,34.9,Sul,Organico,6,2022-03-16,,2024-01-29,2024-01-31,12,375.1,,0
1186,40,básico,Anual,19.9,Sul,IG,9,2020-12-15,,2024-01-06,2024-01-31,7,606.4,,0
5473,34,padrão,Mensal,34.9,?,Organico,5,2023-06-18,,2024-01-24,2024-01-31,23,331.8,,0
5024,45,padrão,Mensal,34.9,Centro-Oeste,orgânico,4,2023-08-28,,2024-01-02,2024-01-31,16,166.2,,0
5338,37,básico,Mensal,19.9,Sudeste,instagram,3,2022-10-16,,2024-01-23,2024-01-31,15,326.1,,0
5833,52,Basico,Mensal,19.9,Sudeste,orgânico,3,2023-02-24,2023-11-05,2023-10-27,2024-01-31,1,25.9,problema tecnico,1
4194,42,Premium,Mensal,55.9,Sudeste,orgânico,5,2023-04-10,2023-12-25,2023-12-17,2024-01-31,0,0,Preço,1
3984,44,padrão,Anual,34.9,Sudeste,Organico,10,2023-02-09,,2024-01-19,2024-01-31,14,278.8,,0
1627,45,BASICO,Anual,19.9,Nordeste,indicação,3,2023-07-04,2023-10-29,2023-10-04,2024-01-31,2,24.4,problema tecnico,1
5879,39,BASICO,Mensal,19.9,Sul,instagram,5,2022-09-29,2023-08-06,2023-07-30,2024-01-31,3,109.9,problema tecnico,1
2558,36,Padrão,Mensal,3490,Norte,IG,10,2022-11-14,,2024-01-23,2024-01-31,14,443.9,,0
1623,25,Premium,Mensal,55.9,Nordeste,Google,7,2022-02-25,,2024-01-22,2024-01-31,9,409.2,,0
5326,25,padrão,Anual,3490,Sul,indicação,2,2023-08-21,2024-01-12,2023-12-07,2024-01-31,3,28.1,Falta de tempo,1
5162,37,premium,Mensal,55.9,Norte,indicação,5,2023-06-14,,2024-01-02,2024-01-31,15,165.3,,0
4333,30,Basico,Mensal,19.9,Norte,instagram,5,2022-06-16,,2024-01-27,2024-01-31,21,664,,0
3139,28,padrão,Mensal,34.9,Sul,Organico,10,2022-06-03,,2024-01-07,2024-01-31,13,485.4,,0
4321,39,BASICO,Mensal,19.9,Sudeste,Indicacao,7,2022-12-16,,2024-01-04,2024-01-31,16,448.2,,0
2661,19,Premium,Mensal,5590,Sudeste,google,2,2023-02-16,2024-01-13,2023-12-22,2024-01-31,1,26.3,preco,1
2035,18,BASICO,Mensal,1990,Sudeste,Indicacao,5,2023-08-08,2023-12-06,2023-11-18,2024-01-31,2,23.6,Concorrente,1
4990,44,Basico,Anual,19.9,Sudeste,Instagram,7,2022-12-20,,2024-01-27,2024-01-31,8,150,,0
3428,41,Padrao,Mensal,34.9,Nordeste,Instagram,4,2022-09-20,,2024-01-06,2024-01-31,9,299.6,,0
3965,36,Padrão,Anual,34.9,Norte,orgânico,4,2022-07-31,2023-09-27,2023-09-20,2024-01-31,0,0,PREÇO,1
3120,18,Basico,Mensal,19.9,Sul,google,4,2022-09-13,,2024-01-05,2024-01-31,16,414,,0
3486,18,premium,Mensal,55.9,Sudeste,instagram,6,2022-12-24,,2024-01-11,2024-01-31,15,453,,0
4802,26,Basico,Mensal,19.9,Norte,indicação,8,2022-09-04,,2024-01-24,2024-01-31,21,663.2,,0
1565,36,Padrão,Mensal,34.9,Sudeste,Instagram,6,2023-03-04,,2024-01-18,2024-01-31,6,116.8,,0
3365,35,básico,Mensal,19.9,Sudeste,orgânico,8,2023-05-23,,2024-01-10,2024-01-31,23,425,,0
2289,150,Padrão,Anual,34.9,Nordeste,indicação,4,2023-08-14,,2024-01-22,2024-01-31,10,71.7,,0
3846,50,Padrão,Mensal,34.9,Centro-Oeste,IG,9,2023-06-18,,2024-01-13,2024-01-31,22,357.8,,0
1730,31,premium,Anual,55.9,Nordeste,Organico,4,2022-12-19,2023-10-18,2023-09-24,2024-01-31,3,69.6,preco,1
4430,36,básico,Mensal,19.9,Sul,indicação,8,2022-09-01,,2024-01-11,2024-01-31,13,416.7,,0
5997,20,básico,Anual,19.9,Sudeste,IG,7,2022-10-04,,2024-01-11,2024-01-31,12,314.7,,0
1499,37,Basico,Mensal,19.9,?,orgânico,7,2022-11-04,,2024-01-28,2024-01-31,17,478.5,,0
3817,41,básico,Mensal,19.9,Sul,Organico,6,2023-09-12,2024-01-11,2023-12-23,2024-01-31,5,46.5,problema tecnico,1
1942,35,premium,Anual,55.9,Sul,Indicacao,5,2021-07-07,,2024-01-21,2024-01-31,11,486.2,,0
3010,35,Premium,Mensal,55.9,Sul,Indicacao,8,2022-10-08,,2024-01-27,2024-01-31,12,277.5,,0
2390,44,básico,Mensal,19.9,Sul,Instagram,5,2023-08-25,2023-12-21,2023-12-11,2024-01-31,2,15.6,Preço,1
1163,32,BASICO,Mensal,19.9,Sul,Google,8,2023-07-19,,,2024-01-31,12,140.4,,0
2620,48,BASICO,Anual,19.9,Sudeste,orgânico,4,2022-12-28,,2024-01-18,2024-01-31,19,506.8,,0
3871,23,BASICO,Mensal,19.9,Sul,Indicacao,9,2023-06-19,,2024-01-06,2024-01-31,9,142.5,,0
1121,57,padrão,Mensal,34.9,Centro-Oeste,Google,2,2023-10-16,2023-12-15,2023-11-08,2024-01-31,7,42.1,Falta de tempo,1
5365,37,BASICO,Anual,1990,Sudeste,instagram,6,2022-06-02,,2024-01-27,2024-01-31,17,772.9,,0
1857,28,BASICO,Mensal,19.9,Norte,Organico,5,2023-08-18,2023-11-22,2023-11-02,2024-01-31,1,9.7,Outro,1
3938,49,BASICO,Mensal,19.9,Sudeste,instagram,9,2023-03-10,,2024-01-07,2024-01-31,17,255.4,,0
5077,44,premium,Mensal,55.9,Sul,instagram,8,2023-11-09,,2024-01-23,2024-01-31,13,59.6,,0
1154,48,Padrao,Anual,34.9,Sul,google,4,2023-04-27,2024-01-22,2023-12-25,2024-01-31,2,38,Concorrente,1
2261,55,Basico,Anual,19.9,Sudeste,Instagram,6,2023-05-27,,2024-01-29,2024-01-31,14,161.6,,0
5632,41,Padrao,Mensal,34.9,Sudeste,indicação,4,2023-02-13,2023-10-12,2023-10-01,2024-01-31,0,0,Pouco conteúdo novo,1
1034,28,padrão,Mensal,34.9,Sul,google,5,2023-10-09,,2024-01-07,2024-01-31,15,64.6,,0
1475,48,premium,Mensal,55.9,Nordeste,Organico,9,2023-06-28,,2024-01-02,2024-01-31,16,250,,0
3189,46,premium,Mensal,55.9,Sul,google,8,2023-05-27,,2024-01-19,2024-01-31,16,303.2,,0
3448,18,BASICO,Mensal,19.9,Sudeste,Indicacao,4,2023-08-15,2023-11-30,2023-11-25,2024-01-31,6,43.4,Preço,1
2637,56,Premium,Mensal,55.9,Norte,instagram,2,2021-12-01,,2024-01-08,2024-01-31,14,612.2,,0
4181,42,Padrão,Mensal,3490,Nordeste,IG,4,2022-10-03,,2024-01-18,2024-01-31,12,405.7,,0
1785,62,Padrão,Mensal,34.9,Sul,Google,7,2023-09-29,,2024-01-02,2024-01-31,10,66.5,,0
1061,28,Padrão,Mensal,34.9,Sudeste,orgânico,6,2022-01-23,,2024-01-09,2024-01-31,17,712.1,,0
1465,39,básico,Mensal,1990,Nordeste,Instagram,9,2022-08-21,,2024-01-15,2024-01-31,22,577.5,,0
1750,32,premium,Mensal,55.9,Sudeste,Indicacao,4,2023-09-08,2024-01-15,2023-12-21,2024-01-31,6,41.9,Preço,1
3311,31,básico,Mensal,19.9,Sudeste,instagram,8,2023-11-21,,2024-01-24,2024-01-31,12,37.4,,0
3416,40,Basico,Mensal,19.9,Sul,indicação,7,2022-06-13,,2024-01-28,2024-01-31,19,773,,0
3244,25,Basico,Mensal,19.9,Sudeste,Google,10,2023-08-14,,2024-01-31,2024-01-31,18,190.3,,0
4473,55,padrão,Anual,34.9,Sudeste,Indicacao,5,2022-02-25,2023-06-12,2023-05-31,2024-01-31,1,54,Pouco conteúdo novo,1
2216,42,Padrão,Mensal,34.9,Sul,Instagram,8,2022-04-29,,2024-01-05,2024-01-31,7,262.6,,0
3815,50,Basico,Mensal,1990,Sudeste,orgânico,9,2023-04-16,,2024-01-05,2024-01-31,13,171.6,,0
5343,32,Padrao,Mensal,34.9,Norte,Organico,7,2023-06-17,,2024-01-13,2024-01-31,9,147,,0
5310,26,premium,Mensal,55.9,Sudeste,Organico,2,2023-04-21,2023-10-08,2023-09-02,2024-01-31,4,85.5,PREÇO,1
1183,31,premium,Anual,5590,Sul,instagram,9,2023-07-14,,2024-01-22,2024-01-31,19,243.4,,0
1695,50,Padrão,Mensal,34.9,Nordeste,Organico,3,2023-05-19,2023-10-07,2023-09-13,2024-01-31,4,52.2,Problema técnico,1
4302,42,Basico,Mensal,19.9,Nordeste,orgânico,3,2023-01-03,2023-09-30,2023-08-23,2024-01-31,2,53.4,Preço,1
2135,46,Padrao,Mensal,3490,Sudeste,Instagram,2,2023-08-17,2024-01-08,2023-12-15,2024-01-31,2,18,problema tecnico,1
4252,49,BASICO,Mensal,1990,?,Indicacao,7,2022-05-04,2023-04-17,2023-04-06,2024-01-31,4,127.6,Outro,1
5074,32,Basico,Mensal,19.9,Sul,indicação,7,2023-05-05,,2024-01-13,2024-01-31,15,261.7,,0
4714,18,Basico,Mensal,19.9,Sul,Organico,9,2022-02-28,,2024-01-20,2024-01-31,16,577.7,,0
3786,18,BASICO,Mensal,19.9,Nordeste,orgânico,8,2023-01-20,,2024-01-28,2024-01-31,20,336.1,,0
4528,31,padrão,Mensal,34.9,Sul,Organico,8,2022-09-20,2023-06-23,2023-06-10,2024-01-31,6,137.7,Pouco conteúdo novo,1
2766,44,padrão,Mensal,34.9,Sudeste,Google,4,2023-07-02,2023-11-27,2023-11-09,2024-01-31,2,29.9,PREÇO,1
3936,36,Padrao,Anual,34.9,Nordeste,Organico,3,2023-06-04,2023-11-28,2023-11-22,2024-01-31,5,66.2,PREÇO,1
5483,38,padrão,Mensal,34.9,Sudeste,Organico,3,2023-08-26,2024-01-06,2023-12-25,2024-01-31,2,15.4,problema tecnico,1
3964,40,padrão,Mensal,34.9,Sudeste,IG,5,2023-10-09,2023-12-19,2023-11-26,2024-01-31,2,10.6,Pouco conteúdo novo,1
4637,47,premium,Anual,55.9,Sudeste,Indicacao,10,2023-05-10,,2024-01-20,2024-01-31,15,206.1,,0
3793,53,premium,Anual,55.9,Sudeste,IG,6,2023-11-26,2024-01-04,2023-12-28,2024-01-31,1,4.3,PREÇO,1
4540,29,premium,Mensal,55.9,Nordeste,IG,3,2023-07-29,2023-11-06,2023-10-01,2024-01-31,1,11.8,preco,1
4119,49,Padrao,Mensal,34.9,Sul,IG,10,2022-11-01,,2024-01-11,2024-01-31,9,249.1,,0
2575,34,Padrão,Anual,3490,Sudeste,Organico,7,2022-07-28,,2024-01-23,2024-01-31,15,626.2,,0
5959,49,Premium,Mensal,55.9,Norte,Organico,8,2022-12-30,,2024-01-15,2024-01-31,8,221.7,,0
3499,34,Basico,Mensal,1990,Sudeste,Google,6,2022-11-14,,2024-01-13,2024-01-31,23,665,,0
1632,21,Padrão,Mensal,34.9,Sudeste,orgânico,9,2023-01-13,,2024-01-18,2024-01-31,15,288.7,,0
1537,29,padrão,Mensal,34.9,Nordeste,Organico,5,2021-08-12,,2024-01-21,2024-01-31,8,405.3,,0
4705,25,Padrao,Mensal,34.9,Sul,instagram,9,2019-08-08,,2024-01-03,2024-01-31,12,900,,0
2048,42,Premium,Mensal,5590,Sul,indicação,9,2023-07-01,,2024-01-31,2024-01-31,10,112.9,,0
2293,18,premium,Mensal,55.9,Sudeste,Google,9,2023-06-28,,2024-01-21,2024-01-31,12,191.5,,0
3333,18,premium,Mensal,55.9,Nordeste,Organico,8,2023-04-13,,2024-01-29,2024-01-31,16,270.6,,0
1120,37,Basico,Anual,19.9,Sudeste,Instagram,5,2023-07-29,,2024-01-25,2024-01-31,9,115,,0
5230,51,premium,Anual,55.9,Nordeste,google,5,2021-10-16,,2024-01-22,2024-01-31,20,870.2,,0
4042,28,Basico,Mensal,19.9,Sul,Indicacao,6,2023-08-23,,2024-01-17,2024-01-31,13,94,,0
1403,34,Premium,Mensal,55.9,Sul,orgânico,2,2023-07-22,2023-12-20,2023-12-15,2024-01-31,2,28,Pouco conteúdo novo,1
1181,35,premium,Mensal,5590,Centro-Oeste,orgânico,6,2023-08-18,2023-12-16,2023-11-28,2024-01-31,2,19.4,Problema técnico,1
5665,54,premium,Anual,55.9,Sudeste,Indicacao,10,2023-07-23,,2024-01-13,2024-01-31,19,201.7,,0
4951,45,Basico,Anual,19.9,Nordeste,instagram,8,2022-10-24,,2024-01-22,2024-01-31,22,700.8,,0
2053,49,padrão,Mensal,34.9,Sudeste,Google,8,2022-12-23,,2024-01-03,2024-01-31,12,283.1,,0
2014,31,Premium,Mensal,55.9,Centro-Oeste,IG,3,2022-04-25,,2024-01-23,2024-01-31,18,638.7,,0
2027,53,Premium,Mensal,5590,Sudeste,indicação,3,2022-06-29,2023-12-20,,2024-01-31,1,45.5,Pouco conteúdo novo,1
5290,30,BASICO,Anual,1990,Sudeste,Google,10,2023-02-14,,2024-01-04,2024-01-31,11,258.4,,0
2556,27,básico,Mensal,1990,Norte,Organico,7,2022-05-09,,2024-01-24,2024-01-31,16,622,,0
1269,38,premium,Anual,55.9,Nordeste,Organico,8,2023-05-16,,2024-01-28,2024-01-31,21,380.8,,0
5088,18,padrão,Mensal,3490,?,orgânico,7,2023-01-04,,2024-01-20,2024-01-31,9,199.8,,0
5268,22,padrão,Mensal,3490,Nordeste,Indicacao,10,2023-07-02,,2024-01-22,2024-01-31,10,122,,0
3459,40,Padrao,Mensal,3490,Sudeste,instagram,5,2023-07-20,2023-12-31,2023-12-10,2024-01-31,2,24.7,Pouco conteúdo novo,1
4641,60,Padrão,Anual,34.9,Sudeste,instagram,3,2023-02-13,2023-11-07,2023-11-03,2024-01-31,4,94.6,Pouco conteúdo novo,1
3219,34,Premium,Mensal,55.9,Centro-Oeste,IG,10,2022-10-12,,2024-01-03,2024-01-31,15,387.2,,0
1216,21,básico,Mensal,19.9,Sul,Indicacao,10,2023-04-15,,2024-01-23,2024-01-31,15,289.5,,0
4881,64,BASICO,Anual,19.9,Sudeste,Indicacao,6,2023-06-27,2023-11-10,2023-10-20,2024-01-31,5,83.4,Problema técnico,1
3876,39,Padrao,Anual,3490,?,Indicacao,3,2023-08-28,2024-01-18,2023-12-31,2024-01-31,3,24.5,problema tecnico,1
1293,27,básico,Anual,1990,Norte,instagram,9,2022-12-30,,2024-01-29,2024-01-31,7,206,,0
3372,28,padrão,Mensal,34.9,Sul,Organico,7,2023-02-23,,2024-01-27,2024-01-31,21,410.8,,0
5794,44,básico,Mensal,19.9,Sudeste,Indicacao,3,2022-05-30,2023-11-28,2023-11-14,2024-01-31,1,43.8,Pouco conteúdo novo,1
1148,44,Padrao,Anual,34.9,Sudeste,instagram,7,2023-11-20,,2024-01-29,2024-01-31,14,43.5,,0
2584,21,Premium,Mensal,55.9,Nordeste,Organico,10,2022-11-30,,2024-01-16,2024-01-31,13,273.3,,0
4628,60,BASICO,Mensal,19.9,Nordeste,orgânico,7,2022-06-25,,2024-01-27,2024-01-31,16,721.6,,0
5531,34,BASICO,Mensal,19.9,Sul,Organico,9,2023-08-11,,2024-01-10,2024-01-31,23,163.7,,0
3894,35,Padrao,Anual,34.9,?,Organico,9,2023-01-27,,2024-01-24,2024-01-31,13,293.7,,0
1583,39,Basico,Anual,19.9,Sudeste,indicação,10,2021-08-09,,2024-01-26,2024-01-31,13,900,,0
2111,28,padrão,Mensal,34.9,Sul,Instagram,7,2023-03-28,,2024-01-05,2024-01-31,19,336.9,,0
2821,25,Padrão,Anual,3490,Centro-Oeste,Google,7,2023-05-28,,2024-01-18,2024-01-31,14,198.8,,0
4972,29,básico,Mensal,19.9,Sudeste,Organico,10,2022-10-04,,2024-01-19,2024-01-31,13,313.3,,0
3387,42,Padrao,Mensal,34.9,Centro-Oeste,Instagram,7,2022-08-16,,2024-01-12,2024-01-31,10,363.3,,0
5983,35,Premium,Anual,55.9,Sudeste,indicação,7,2022-11-01,,2024-01-05,2024-01-31,18,521.6,,0
5859,47,Padrao,Anual,34.9,Centro-Oeste,instagram,6,2022-07-25,2023-12-30,2023-11-22,2024-01-31,1,33.5,Pouco conteúdo novo,1
3788,42,padrão,Anual,34.9,Sudeste,Organico,1,2022-12-23,2023-08-06,2023-07-28,2024-01-31,6,138.6,PREÇO,1
3921,28,Basico,Mensal,19.9,Nordeste,orgânico,9,2023-04-21,,2024-01-09,2024-01-31,13,236.4,,0
4646,31,Padrão,Mensal,34.9,?,orgânico,4,2023-10-03,,2024-01-16,2024-01-31,12,74.6,,0
4773,33,Premium,Mensal,55.9,Norte,IG,10,2023-03-22,,2024-01-10,2024-01-31,17,380.5,,0
2777,39,Padrão,Mensal,34.9,Sudeste,Indicacao,9,2022-10-21,,2024-01-16,2024-01-31,24,794.5,,0
2967,32,padrão,Mensal,34.9,Sudeste,Organico,9,2023-08-28,,2024-01-17,2024-01-31,15,161.3,,0
2113,26,Basico,Mensal,19.9,Sudeste,google,5,2023-11-10,2024-01-07,2023-12-26,2024-01-31,2,8.1,Problema técnico,1
3628,34,Padrão,Mensal,34.9,Sul,Indicacao,4,2022-02-22,2023-06-24,,2024-01-31,4,152.1,Concorrente,1
3357,50,Basico,Mensal,19.9,Sudeste,Google,8,2023-12-02,,2024-01-06,2024-01-31,14,45.7,,0
1150,48,Padrao,Anual,34.9,Sul,google,2,2022-12-13,2023-07-20,2023-06-28,2024-01-31,3,93,Preço,1
2343,23,premium,Mensal,55.9,Sudeste,indicação,10,2023-06-01,,2024-01-27,2024-01-31,14,253.5,,0
4566,33,Padrão,Anual,34.9,Sudeste,IG,8,2022-12-07,,2024-01-25,2024-01-31,16,399.9,,0
2131,46,Padrão,Mensal,3490,Sudeste,Organico,10,2022-11-01,,2024-01-30,2024-01-31,11,265.9,,0
3705,42,BASICO,Anual,19.9,Nordeste,orgânico,3,2021-10-23,,2024-01-16,2024-01-31,17,846.5,,0
5009,32,padrão,Anual,34.9,Sul,instagram,1,2023-09-06,2023-12-16,2023-11-22,2024-01-31,10,70.1,Pouco conteúdo novo,1
1298,18,Basico,Mensal,19.9,Sudeste,Organico,4,2023-06-03,2023-10-03,2023-09-25,2024-01-31,1,14.1,preco,1
4470,31,padrão,Mensal,34.9,Sudeste,indicação,7,2023-09-02,2023-12-29,2023-12-10,2024-01-31,1,9.1,Pouco conteúdo novo,1
3155,36,Padrão,Mensal,34.9,Centro-Oeste,Instagram,5,2023-04-30,,2024-01-07,2024-01-31,15,264.2,,0
5823,37,padrão,Anual,34.9,Sudeste,IG,7,2023-08-10,2023-12-15,2023-11-07,2024-01-31,4,29.8,Problema técnico,1
5443,31,BASICO,Mensal,19.9,Nordeste,Organico,5,2023-05-06,2023-10-08,2023-09-28,2024-01-31,3,37.8,Pouco conteúdo novo,1
1491,18,BASICO,Mensal,19.9,Sudeste,Instagram,3,2023-08-21,2024-01-25,2023-12-29,2024-01-31,2,19.2,Concorrente,1
5393,48,BASICO,Anual,19.9,Norte,Instagram,5,2023-11-08,2024-01-15,2023-12-16,2024-01-31,6,16.9,Pouco conteúdo novo,1
4238,37,Premium,Mensal,55.9,Nordeste,Instagram,8,2023-06-23,,2024-01-26,2024-01-31,14,210.4,,0
1168,54,Premium,Mensal,55.9,Norte,Organico,6,2022-11-11,2023-09-04,2023-08-22,2024-01-31,5,145.2,Pouco conteúdo novo,1
2866,18,Basico,Mensal,19.9,Sudeste,Organico,6,2023-03-29,,2024-01-17,2024-01-31,17,239.6,,0
5030,46,BASICO,Mensal,1990,Sul,google,9,2023-05-05,,2024-01-03,2024-01-31,12,191.7,,0
4759,21,BASICO,Mensal,19.9,Sul,instagram,6,2022-08-04,,2024-01-07,2024-01-31,22,784,,0
1221,43,Premium,Mensal,55.9,Norte,Google,10,2022-08-25,,2024-01-28,2024-01-31,17,428.7,,0
1164,26,Premium,Mensal,55.9,Sudeste,IG,7,2023-01-23,,2024-01-22,2024-01-31,14,326.7,,0
5965,25,básico,Anual,19.9,Sudeste,orgânico,5,2023-09-07,,2024-01-09,2024-01-31,13,115.5,,0
3030,27,básico,Anual,19.9,Nordeste,indicação,6,2023-05-19,,2024-01-18,2024-01-31,15,260.1,,0
2610,32,Premium,Mensal,55.9,Sudeste,Instagram,7,2021-02-12,,2024-01-03,2024-01-31,15,900,,0
2976,18,padrão,Mensal,34.9,Sudeste,Organico,6,2022-07-13,,2024-01-07,2024-01-31,16,481.1,,0
3530,58,básico,Anual,19.9,Sudeste,Organico,6,2023-09-21,,2024-01-13,2024-01-31,7,65.7,,0
1244,47,Basico,Anual,19.9,Sudeste,IG,8,2023-01-18,,2024-01-23,2024-01-31,16,326,,0
1706,33,BASICO,Anual,19.9,Sul,Instagram,6,2022-10-21,2023-06-30,2023-06-25,2024-01-31,1,33.2,Pouco conteúdo novo,1
3874,22,Padrão,Anual,34.9,Nordeste,orgânico,4,2022-08-23,2023-11-25,2023-11-16,2024-01-31,5,184.7,Concorrente,1
1356,32,Basico,Anual,19.9,Centro-Oeste,Organico,1,2023-09-13,2024-01-19,2024-01-06,2024-01-31,3,28.7,Concorrente,1
4950,52,básico,Mensal,19.9,Sudeste,IG,7,2023-04-23,2024-01-09,2023-12-28,2024-01-31,4,52.8,Problema técnico,1
2862,23,Padrao,Mensal,34.9,Sudeste,Organico,3,2022-02-17,2023-07-09,2023-07-03,2024-01-31,3,114.1,preco,1
3098,21,BASICO,Mensal,19.9,Sudeste,Indicacao,6,2023-08-27,,2024-01-09,2024-01-31,10,108.6,,0
2441,47,básico,Mensal,19.9,Sul,indicação,4,2023-03-19,2023-12-24,2023-12-04,2024-01-31,2,33.8,problema tecnico,1
1511,47,Padrao,Mensal,3490,Nordeste,Indicacao,8,2023-02-11,,2024-01-19,2024-01-31,19,318,,0
4202,25,básico,Mensal,19.9,Sudeste,Indicacao,7,2022-12-27,,2024-01-04,2024-01-31,12,225.9,,0
3735,42,básico,Anual,19.9,Sul,Organico,6,2021-12-19,2023-08-30,2023-07-26,2024-01-31,2,87.9,Concorrente,1
5709,30,Padrão,Mensal,34.9,Sudeste,indicação,6,2023-02-02,2023-09-19,2023-09-11,2024-01-31,4,85.3,Preço,1
4076,42,Padrao,Mensal,34.9,Sul,orgânico,6,2023-04-29,,2024-01-13,2024-01-31,15,315.4,,0
4258,18,Padrao,Mensal,34.9,Sul,Instagram,5,2022-12-21,2024-01-04,2023-12-23,2024-01-31,3,66,preco,1
3143,24,Padrão,Anual,34.9,Nordeste,instagram,8,2022-07-05,,2024-01-05,2024-01-31,13,456.8,,0
2251,30,Padrão,Mensal,34.9,Norte,Google,8,2022-12-12,,2024-01-25,2024-01-31,16,311.3,,0
2273,44,Premium,Mensal,55.9,Sudeste,Indicacao,8,2023-05-18,,2024-01-10,2024-01-31,10,132.2,,0
4027,27,Padrao,Mensal,34.9,Sudeste,google,5,2023-08-22,,2024-01-05,2024-01-31,22,208.2,,0
4508,47,BASICO,Anual,1990,Nordeste,orgânico,5,2023-02-27,2024-01-18,2024-01-14,2024-01-31,5,87.7,preco,1
1535,40,Basico,Mensal,19.9,Sudeste,IG,8,2023-02-20,,2024-01-15,2024-01-31,10,158.8,,0
1650,43,padrão,Mensal,34.9,Sul,instagram,7,2023-07-12,2024-01-18,2023-12-13,2024-01-31,1,8.6,Preço,1
2939,30,padrão,Anual,34.9,Sudeste,orgânico,6,2022-07-15,,2024-01-25,2024-01-31,14,458.2,,0
3893,42,Basico,Anual,19.9,Sudeste,indicação,3,2021-10-24,,2024-01-07,2024-01-31,16,633.8,,0
1532,32,Padrao,Mensal,34.9,Sudeste,Organico,9,2022-11-15,,2024-01-26,2024-01-31,19,547.1,,0
2392,28,Padrão,Mensal,34.9,Sudeste,Organico,6,2023-04-26,,2024-01-09,2024-01-31,10,152.6,,0
2731,43,BASICO,Anual,19.9,Norte,Indicacao,2,2023-03-27,2023-12-09,2023-11-15,2024-01-31,3,58,problema tecnico,1
2421,60,premium,Mensal,55.9,Centro-Oeste,indicação,6,2023-02-22,,2024-01-30,2024-01-31,14,305.6,,0
4599,33,BASICO,Anual,19.9,Sul,indicação,6,2023-08-16,,2024-01-19,2024-01-31,10,102.2,,0
2130,36,Padrão,Mensal,34.9,Norte,Organico,10,2023-07-26,,2024-01-15,2024-01-31,16,207.1,,0
1030,44,BASICO,Mensal,1990,Sudeste,google,5,2023-06-04,,2024-01-14,2024-01-31,11,165.3,,0
1389,29,Padrao,Mensal,34.9,Nordeste,google,8,2023-03-24,,2024-01-13,2024-01-31,9,189.3,,0
2013,30,Padrao,Mensal,34.9,Norte,orgânico,10,2022-06-17,,2024-01-27,2024-01-31,20,673.2,,0
5874,24,Padrao,Anual,34.9,Sudeste,google,0,2023-01-04,2023-08-09,2023-08-04,2024-01-31,4,79.4,Preço,1
2868,24,Padrao,Anual,34.9,Sudeste,google,7,2022-01-27,,2024-01-02,2024-01-31,15,620.1,,0
5292,54,Premium,Mensal,55.9,Nordeste,instagram,10,2022-12-24,,2024-01-17,2024-01-31,11,327,,0
3942,35,padrão,Anual,34.9,Sudeste,Organico,8,2022-10-16,,2024-01-31,2024-01-31,15,349.5,,0
4336,35,padrão,Anual,34.9,Norte,IG,3,2022-10-31,2023-07-27,2023-07-06,2024-01-31,0,0,Pouco conteúdo novo,1
3274,39,padrão,Mensal,34.9,Sul,google,7,2021-10-31,,2024-01-09,2024-01-31,13,606.4,,0
2501,38,padrão,Mensal,34.9,Nordeste,Organico,6,2023-09-03,,2024-01-09,2024-01-31,12,121.5,,0
2290,18,Basico,Anual,19.9,Sul,orgânico,6,2022-07-08,,2024-01-30,2024-01-31,19,782.4,,0
4671,52,Padrao,Mensal,34.9,Sudeste,orgânico,8,2023-05-28,,2024-01-23,2024-01-31,15,231.2,,0
2601,22,premium,Mensal,55.9,Sul,instagram,5,2022-04-05,,2024-01-12,2024-01-31,9,432.3,,0
5191,30,BASICO,Mensal,19.9,Sudeste,IG,10,2023-07-23,,2024-01-09,2024-01-31,18,181.5,,0
5302,49,básico,Mensal,1990,Norte,Organico,7,2023-01-30,,2024-01-12,2024-01-31,10,255.7,,0
3413,45,padrão,Mensal,34.9,Sudeste,instagram,9,2021-04-09,,2024-01-28,2024-01-31,17,900,,0
4535,35,padrão,Mensal,34.9,Nordeste,Indicacao,5,2023-10-30,,2024-01-28,2024-01-31,19,84.6,,0
5252,23,padrão,Mensal,34.9,Sudeste,orgânico,7,2023-02-27,,2024-01-03,2024-01-31,10,173.3,,0
3241,32,Premium,Mensal,55.9,Sul,google,6,2022-06-13,,2024-01-15,2024-01-31,18,672,,0
5804,32,premium,Mensal,55.9,Sudeste,IG,8,2023-09-18,2023-12-22,2023-12-19,2024-01-31,4,35.4,Concorrente,1
5098,49,BASICO,Mensal,19.9,Nordeste,Organico,9,2022-12-13,,2024-01-24,2024-01-31,15,362.5,,0
5784,22,BASICO,Mensal,19.9,Nordeste,Organico,10,2022-09-07,,2024-01-21,2024-01-31,11,371.6,,0
2084,25,premium,Mensal,55.9,Sudeste,Google,4,2023-08-16,,2024-01-21,2024-01-31,19,179.1,,0
3840,27,básico,Mensal,19.9,Sudeste,indicação,7,2023-03-10,,2024-01-06,2024-01-31,13,228.4,,0
2516,39,Padrão,Mensal,34.9,Centro-Oeste,Instagram,6,2023-04-14,,2024-01-10,2024-01-31,15,265.8,,0
5293,27,Basico,Anual,1990,Nordeste,indicação,10,2022-04-15,,2024-01-02,2024-01-31,11,550.6,,0
3019,43,Basico,Mensal,19.9,Sudeste,IG,4,2022-11-06,2023-07-20,2023-06-22,2024-01-31,3,98.1,Pouco conteúdo novo,1
4395,48,padrão,Mensal,34.9,Sudeste,Organico,8,2021-11-11,,2024-01-03,2024-01-31,15,879.8,,0
5312,20,padrão,Mensal,34.9,Sudeste,Organico,10,2023-01-01,,2024-01-29,2024-01-31,8,191.8,,0
2474,26,premium,Mensal,55.9,Norte,Instagram,8,2021-11-27,,2024-01-06,2024-01-31,8,494.8,,0
1515,18,básico,Anual,19.9,Nordeste,orgânico,10,2023-10-28,,2024-01-09,2024-01-31,24,145.2,,0
3434,52,básico,Anual,19.9,Sudeste,orgânico,4,2022-06-29,,2024-01-02,2024-01-31,12,458.2,,0
3395,22,Premium,Mensal,5590,Sudeste,google,8,2023-02-02,,2024-01-17,2024-01-31,13,226.6,,0
5249,25,padrão,Mensal,34.9,Sudeste,Organico,10,2023-08-02,,2024-01-02,2024-01-31,18,236.4,,0
2328,27,Premium,Mensal,55.9,Sudeste,indicação,7,2023-06-30,2023-12-02,2023-10-27,2024-01-31,2,26.4,Pouco conteúdo novo,1
1615,29,Basico,Mensal,19.9,Sul,Google,4,2023-05-14,2023-12-22,2023-11-22,2024-01-31,5,74.9,Pouco conteúdo novo,1
3850,42,Basico,Anual,19.9,Norte,google,5,2023-11-30,2024-01-21,2024-01-06,2024-01-31,3,13,Preço,1
5126,25,premium,Anual,55.9,Nordeste,Instagram,8,2023-04-04,,2024-01-10,2024-01-31,5,73.9,,0
1862,49,BASICO,Mensal,19.9,Centro-Oeste,Instagram,5,2023-02-12,2023-11-22,2023-11-04,2024-01-31,5,80.7,preco,1
2010,48,padrão,Mensal,34.9,Nordeste,Instagram,7,2023-08-16,,2024-01-19,2024-01-31,11,125.7,,0
2878,29,Premium,Mensal,55.9,Sudeste,orgânico,10,2023-03-15,,2024-01-30,2024-01-31,20,424.1,,0
1321,30,padrão,Mensal,34.9,Sul,Indicacao,10,2021-02-06,,2024-01-17,2024-01-31,14,886.2,,0
4584,54,Basico,Anual,1990,Sudeste,Instagram,10,2022-09-16,,2024-01-02,2024-01-31,16,548.1,,0
1194,48,básico,Anual,19.9,Sudeste,Google,10,2022-08-12,,2024-01-16,2024-01-31,21,550.4,,0
4166,41,Padrao,Mensal,34.9,Sudeste,Instagram,9,2023-04-30,,2024-01-15,2024-01-31,18,290.5,,0
2439,38,Basico,Mensal,19.9,Sudeste,google,7,2019-03-10,,2024-01-19,2024-01-31,7,823.8,,0
1210,48,premium,Mensal,55.9,Norte,Google,1,2023-05-13,2023-11-20,2023-11-07,2024-01-31,2,28.6,Falta de tempo,1
5423,33,básico,Mensal,19.9,Sudeste,orgânico,6,2023-08-25,2023-11-29,2023-11-22,2024-01-31,3,28.9,problema tecnico,1
4396,24,padrão,Mensal,34.9,Sul,IG,6,2023-01-13,,2024-01-14,2024-01-31,11,185.1,,0
5839,49,básico,Mensal,1990,Sul,google,3,2023-03-26,2023-11-23,2023-10-18,2024-01-31,3,49.5,problema tecnico,1
2615,29,básico,Mensal,19.9,Norte,Indicacao,8,2022-06-07,,2024-01-30,2024-01-31,19,840.3,,0
1234,25,premium,Mensal,55.9,Sudeste,google,4,2022-12-18,,2024-01-31,2024-01-31,6,169.7,,0
1546,41,Padrão,Anual,34.9,Norte,Organico,6,2022-05-25,,2024-01-04,2024-01-31,20,900,,0
5119,26,Padrao,Mensal,34.9,Sudeste,Indicacao,7,2020-01-12,,2024-01-25,2024-01-31,12,900,,0
3466,45,padrão,Mensal,34.9,Norte,IG,10,2023-10-01,,2024-01-07,2024-01-31,14,78.8,,0
3075,28,Premium,Anual,55.9,Sul,Indicacao,5,2021-07-25,,2024-01-17,2024-01-31,16,900,,0
3202,52,básico,Mensal,19.9,Sudeste,Google,2,2022-04-08,2023-10-06,2023-09-22,2024-01-31,2,103.4,PREÇO,1
5156,25,Premium,Anual,55.9,Sudeste,indicação,4,2023-03-11,,2024-01-21,2024-01-31,16,309.9,,0
3438,43,Basico,Mensal,19.9,Sudeste,indicação,3,2023-02-09,2023-08-13,,2024-01-31,3,48.5,Falta de tempo,1
1126,26,Padrao,Mensal,34.9,Nordeste,IG,8,2023-06-13,,2024-01-29,2024-01-31,14,226.8,,0
5592,29,básico,Mensal,19.9,Sudeste,Organico,6,2022-10-28,,2024-01-27,2024-01-31,13,331.7,,0
5977,45,BASICO,Mensal,19.9,Nordeste,instagram,10,2020-04-14,,2024-01-29,2024-01-31,21,900,,0
2511,32,Padrão,Mensal,34.9,?,Google,8,2023-03-04,,2024-01-22,2024-01-31,9,224,,0
2964,47,padrão,Mensal,34.9,Sul,Organico,5,2022-10-01,,2024-01-18,2024-01-31,20,745.3,,0
4556,29,premium,Anual,5590,Sudeste,google,9,2022-06-03,,2024-01-29,2024-01-31,15,437.4,,0
3980,38,Basico,Mensal,1990,Sul,Instagram,10,2022-01-25,,2024-01-18,2024-01-31,18,868.2,,0
5412,30,Premium,Mensal,55.9,Centro-Oeste,IG,8,2020-12-05,,2024-01-03,2024-01-31,14,900,,0
5771,49,básico,Anual,19.9,Norte,instagram,5,2023-12-19,,2024-01-26,2024-01-31,14,29.2,,0
5304,28,básico,Mensal,19.9,Sul,Instagram,5,2023-08-18,2024-01-14,2023-12-16,2024-01-31,1,10.2,Outro,1
1867,33,padrão,Anual,34.9,Nordeste,instagram,6,2023-07-16,,2024-01-06,2024-01-31,9,115.3,,0
1760,26,padrão,Mensal,34.9,Sudeste,Google,9,2023-08-22,,2024-01-04,2024-01-31,17,153.3,,0
1788,41,padrão,Mensal,34.9,Sudeste,Organico,9,2023-10-10,,2024-01-09,2024-01-31,14,77.1,,0
4862,47,padrão,Mensal,34.9,Sudeste,google,1,2023-05-16,2023-12-05,2023-10-30,2024-01-31,7,94.1,Falta de tempo,1
1466,31,premium,Mensal,55.9,Sul,Organico,7,2023-03-26,,2024-01-08,2024-01-31,13,212,,0
1840,39,Basico,Anual,19.9,Sudeste,instagram,7,2023-01-10,,2024-01-14,2024-01-31,6,107,,0
2754,38,Padrao,Mensal,34.9,Sudeste,google,6,2023-04-02,,2024-01-02,2024-01-31,12,256.8,,0
1455,45,Basico,Mensal,19.9,Nordeste,Indicacao,8,2022-03-12,2023-12-30,2023-12-01,2024-01-31,1,47.1,preco,1
1989,42,básico,Mensal,19.9,Sul,Organico,6,2023-06-12,2023-11-02,2023-10-03,2024-01-31,1,12.6,problema tecnico,1
3040,31,Padrao,Mensal,34.9,Sudeste,Google,8,2023-01-03,,2024-01-08,2024-01-31,19,526.1,,0
5902,35,Padrao,Mensal,34.9,Sul,Instagram,7,2023-04-20,,2024-01-23,2024-01-31,17,251.1,,0
5235,38,Basico,Mensal,19.9,Sul,indicação,7,2023-09-26,,2024-01-21,2024-01-31,12,110.8,,0
2459,52,BASICO,Mensal,19.9,Sudeste,Google,6,2023-11-11,2024-01-08,2023-12-31,2024-01-31,1,4.3,preco,1
2729,22,Padrão,Mensal,34.9,Sudeste,IG,6,2022-07-03,,2024-01-18,2024-01-31,14,574.5,,0
1710,32,Basico,Mensal,19.9,Sudeste,Indicacao,3,2023-04-16,2023-12-01,2023-11-24,2024-01-31,5,77,Concorrente,1
1270,34,Basico,Mensal,19.9,Sul,Google,4,2023-06-11,2024-01-03,2023-12-01,2024-01-31,4,60.2,problema tecnico,1
4800,24,padrão,Mensal,34.9,Sudeste,Instagram,9,2023-09-22,,2024-01-10,2024-01-31,14,95.4,,0
2863,23,Premium,Mensal,55.9,Sudeste,Google,4,2023-09-06,2023-12-23,2023-11-21,2024-01-31,2,13.9,Preço,1
4017,27,premium,Mensal,55.9,Sudeste,orgânico,7,2023-03-26,,2024-01-21,2024-01-31,15,282.4,,0
2088,18,padrão,Mensal,34.9,Centro-Oeste,orgânico,8,2023-07-18,,2024-01-18,2024-01-31,13,178,,0
5745,35,padrão,Mensal,34.9,Sudeste,Organico,8,2023-03-21,,2024-01-04,2024-01-31,15,349.8,,0
1197,60,padrão,Mensal,34.9,Nordeste,indicação,8,2023-06-08,2023-11-03,2023-09-30,2024-01-31,3,33.5,Falta de tempo,1
2243,39,BASICO,Anual,19.9,Sul,instagram,9,2022-06-23,,2024-01-21,2024-01-31,13,527.6,,0
5399,40,Padrão,Mensal,34.9,Sul,google,10,2023-08-17,,2024-01-04,2024-01-31,14,121.1,,0
3093,41,padrão,Anual,3490,Centro-Oeste,Organico,7,2022-10-17,,2024-01-09,2024-01-31,18,417.9,,0
2167,39,BASICO,Mensal,19.9,Nordeste,indicação,10,2022-05-08,,2024-01-10,2024-01-31,11,510.9,,0
1481,41,Premium,Mensal,55.9,Sul,indicação,6,2023-01-06,,2024-01-24,2024-01-31,13,367.3,,0
3687,51,Padrao,Mensal,34.9,Sudeste,Indicacao,1,2022-11-28,2023-10-21,2023-09-27,2024-01-31,4,87.6,Pouco conteúdo novo,1
5073,45,padrão,Anual,3490,Centro-Oeste,Indicacao,8,2021-01-24,,2024-01-27,2024-01-31,14,900,,0
1593,37,Padrão,Anual,34.9,Sudeste,orgânico,6,2022-11-02,,2024-01-28,2024-01-31,9,235.2,,0
1768,18,premium,Anual,55.9,Norte,Organico,8,2022-07-07,,2024-01-08,2024-01-31,12,320.4,,0
4970,28,Padrão,Mensal,34.9,Sudeste,instagram,9,2023-10-12,,2024-01-21,2024-01-31,12,69.9,,0
2493,38,premium,Anual,55.9,Sul,orgânico,6,2021-10-11,,2024-01-19,2024-01-31,16,667.4,,0
4905,35,Premium,Anual,55.9,Sudeste,google,5,2023-03-05,,2024-01-09,2024-01-31,12,218.2,,0
3963,32,premium,Mensal,55.9,Centro-Oeste,instagram,5,2020-06-30,,2024-01-29,2024-01-31,11,900,,0
2341,24,básico,Mensal,19.9,Sudeste,instagram,8,2022-12-15,,2024-01-13,2024-01-31,8,168.6,,0
3506,35,premium,Mensal,55.9,Nordeste,Indicacao,7,2021-05-10,,2024-01-21,2024-01-31,16,900,,0
4448,52,padrão,Mensal,3490,Centro-Oeste,IG,8,2022-02-08,,2024-01-05,2024-01-31,11,483.4,,0
4368,44,Basico,Mensal,19.9,Sul,instagram,8,2022-11-04,,2024-01-12,2024-01-31,15,502.7,,0
5585,27,Padrão,Mensal,34.9,Norte,IG,7,2022-12-01,,,2024-01-31,15,473.6,,0
2412,41,BASICO,Mensal,19.9,Sudeste,Google,4,2022-06-20,,2024-01-23,2024-01-31,20,553,,0
5895,31,básico,Mensal,19.9,Sul,orgânico,10,2023-02-22,,2024-01-11,2024-01-31,15,311.3,,0
1885,32,padrão,Mensal,34.9,?,indicação,9,2022-12-21,,2024-01-25,2024-01-31,9,176.4,,0
3007,32,Basico,Mensal,19.9,Nordeste,indicação,8,2023-02-13,,2024-01-15,2024-01-31,14,368.3,,0
1990,41,premium,Mensal,55.9,Sudeste,Instagram,10,2023-05-25,,2024-01-20,2024-01-31,17,201.6,,0
4973,57,premium,Mensal,55.9,Sudeste,Organico,8,2021-06-23,,2024-01-29,2024-01-31,20,900,,0
4774,38,Padrão,Mensal,34.9,Nordeste,indicação,7,2023-01-30,,2024-01-16,2024-01-31,14,239.4,,0
5919,46,BASICO,Mensal,19.9,Norte,indicação,3,2022-02-26,2023-11-30,2023-11-20,2024-01-31,6,244.2,Pouco conteúdo novo,1
2403,40,premium,Mensal,55.9,Nordeste,Organico,4,2021-07-28,,2024-01-12,2024-01-31,19,900,,0
1562,45,premium,Mensal,55.9,Sul,Google,8,2023-06-20,,2024-01-31,2024-01-31,18,283.1,,0
1266,33,Premium,Mensal,55.9,Sudeste,indicação,4,2023-06-27,2023-12-04,2023-11-08,2024-01-31,3,30.6,Falta de tempo,1
1177,32,Padrao,Mensal,34.9,?,orgânico,4,2023-06-28,2023-10-21,2023-09-12,2024-01-31,3,36.8,Concorrente,1
5617,32,Padrão,Mensal,34.9,Norte,orgânico,2,2023-09-09,,2024-01-23,2024-01-31,16,139.9,,0
3630,30,padrão,Mensal,34.9,Centro-Oeste,instagram,1,2023-06-22,2024-01-01,2023-11-23,2024-01-31,3,45.8,PREÇO,1
2369,33,Basico,Mensal,19.9,Sudeste,Indicacao,9,2023-01-03,,2024-01-23,2024-01-31,21,516,,0
4294,33,Padrao,Anual,34.9,Norte,Indicacao,6,2021-12-19,,2024-01-21,2024-01-31,12,653.7,,0
2690,23,Basico,Mensal,1990,?,Instagram,3,2022-09-01,2023-12-27,2023-12-21,2024-01-31,3,74.3,Falta de tempo,1
2389,51,Padrão,Mensal,34.9,?,google,2,2023-04-23,2023-12-28,2023-12-21,2024-01-31,3,56.7,preco,1
1076,54,padrão,Mensal,34.9,Nordeste,Indicacao,6,2023-01-10,,2024-01-13,2024-01-31,10,268.2,,0
5129,32,padrão,Mensal,34.9,Sudeste,Google,8,2023-08-24,,2024-01-12,2024-01-31,18,149.4,,0
1683,33,Premium,Anual,5590,Sul,Google,5,2022-12-16,,2024-01-08,2024-01-31,16,347.1,,0
4158,40,BASICO,Mensal,19.9,?,Google,5,2023-05-25,2023-10-10,2023-09-20,2024-01-31,5,61.3,problema tecnico,1
3886,26,BASICO,Mensal,19.9,Norte,Indicacao,6,2023-06-11,2023-12-17,2023-12-01,2024-01-31,1,14.1,Preço,1
1675,27,Padrao,Anual,34.9,Nordeste,Organico,10,2023-08-19,,2024-01-15,2024-01-31,15,105.5,,0
2839,18,básico,Mensal,19.9,Nordeste,Organico,2,2023-08-02,2024-01-06,2023-12-31,2024-01-31,1,13.9,Concorrente,1
2826,50,Basico,Mensal,19.9,Sul,Indicacao,9,2023-06-24,,,2024-01-31,8,118.2,,0
3418,21,Padrao,Mensal,34.9,Sul,Indicacao,6,2023-02-21,,2024-01-15,2024-01-31,14,254.8,,0
2001,38,Premium,Mensal,55.9,Sul,Google,4,2023-03-06,,2024-01-07,2024-01-31,16,359.8,,0
1027,19,básico,Mensal,19.9,Sudeste,indicação,6,2022-09-27,2023-11-15,2023-10-22,2024-01-31,4,94.7,Pouco conteúdo novo,1
4604,39,Padrão,Mensal,34.9,Nordeste,instagram,8,2019-02-16,,2024-01-03,2024-01-31,13,900,,0
3384,55,padrão,Anual,34.9,Sul,Organico,10,2022-11-24,,2024-01-20,2024-01-31,18,391.2,,0
5669,57,Premium,Mensal,55.9,Sul,orgânico,4,2023-08-15,2023-11-11,2023-10-16,2024-01-31,2,20.7,Falta de tempo,1
1517,38,premium,Mensal,55.9,Sul,Indicacao,10,2022-06-18,,2024-01-08,2024-01-31,17,567.6,,0
1300,46,padrão,Mensal,34.9,Sudeste,IG,7,2022-09-14,,2024-01-23,2024-01-31,8,223.1,,0
3639,46,BASICO,Mensal,19.9,Centro-Oeste,instagram,10,2023-06-03,,2024-01-02,2024-01-31,14,156.9,,0
1402,39,premium,Mensal,55.9,Nordeste,orgânico,4,2022-10-29,,2024-01-16,2024-01-31,17,420.8,,0
2841,50,Padrão,Mensal,3490,Nordeste,instagram,6,2023-08-29,2023-12-20,2023-12-11,2024-01-31,5,42.6,preco,1
1654,24,Padrão,Mensal,34.9,Sudeste,IG,8,2022-07-16,,2024-01-20,2024-01-31,10,292.2,,0
5264,23,Premium,Anual,55.9,Sudeste,indicação,4,2022-10-11,,2024-01-03,2024-01-31,7,239.3,,0
2190,45,padrão,Anual,34.9,Norte,Instagram,7,2023-09-21,,2024-01-10,2024-01-31,12,112.6,,0
5934,41,padrão,Mensal,34.9,?,indicação,8,2021-06-13,,2024-01-16,2024-01-31,14,785.2,,0
2822,36,padrão,Mensal,3490,Nordeste,orgânico,7,2023-08-09,,2024-01-16,2024-01-31,19,141.9,,0
3703,28,Premium,Anual,55.9,Norte,indicação,9,2022-12-06,,2024-01-12,2024-01-31,12,387.7,,0
4506,29,premium,Mensal,55.9,Sudeste,google,10,2023-05-04,,2024-01-25,2024-01-31,17,221.1,,0
4902,29,básico,Mensal,19.9,Sudeste,orgânico,5,2023-05-27,,2024-01-12,2024-01-31,12,151.1,,0
2324,46,básico,Mensal,19.9,Sul,google,4,2022-04-18,2023-06-10,2023-05-23,2024-01-31,2,60.4,Preço,1
3694,33,Basico,Mensal,19.9,Norte,Organico,8,2023-02-13,,2024-01-23,2024-01-31,13,207.6,,0
1045,32,Premium,Mensal,55.9,Sul,google,7,2021-12-06,,2024-01-16,2024-01-31,13,649.3,,0
2787,38,básico,Anual,19.9,Nordeste,Organico,9,2022-09-23,,2024-01-10,2024-01-31,21,618,,0
5093,18,Basico,Anual,19.9,Norte,indicação,8,2022-12-10,,2024-01-03,2024-01-31,16,468.3,,0
5490,37,premium,Mensal,55.9,Sudeste,Organico,3,2022-12-03,2023-10-26,2023-10-09,2024-01-31,6,163.4,preco,1
5777,28,Basico,Mensal,19.9,Sudeste,IG,5,2023-02-27,,2024-01-20,2024-01-31,19,424.9,,0
2743,44,BASICO,Mensal,19.9,Sudeste,google,8,2023-02-28,,2024-01-30,2024-01-31,15,323.1,,0
5719,41,Padrao,Mensal,34.9,Sudeste,orgânico,9,2022-11-14,,2024-01-25,2024-01-31,14,283.6,,0
1097,24,BASICO,Mensal,19.9,Sudeste,IG,6,2022-12-13,2023-10-30,2023-09-21,2024-01-31,4,93.4,Problema técnico,1
2495,18,padrão,Mensal,34.9,?,Organico,7,2023-03-15,,2024-01-19,2024-01-31,11,218.4,,0
4328,28,padrão,Mensal,34.9,Sudeste,Instagram,9,2022-05-06,,,2024-01-31,11,518.2,,0
2536,37,Padrao,Mensal,34.9,Norte,Indicacao,8,2023-02-19,,2024-01-20,2024-01-31,10,225.3,,0
3270,21,padrão,Mensal,34.9,Sul,google,9,2023-07-13,,2024-01-30,2024-01-31,9,114.2,,0
2726,18,Padrao,Mensal,3490,Sudeste,Indicacao,10,2022-06-22,,2024-01-22,2024-01-31,23,889.9,,0
5335,36,BASICO,Mensal,19.9,Nordeste,orgânico,10,2023-03-07,,2024-01-08,2024-01-31,21,452.3,,0
2052,36,BASICO,Mensal,19.9,Sul,Instagram,7,2023-02-25,,2024-01-25,2024-01-31,15,394,,0
3562,57,padrão,Mensal,34.9,Sudeste,Organico,6,2022-11-11,,2024-01-10,2024-01-31,16,369.4,,0
1093,40,Padrao,Mensal,34.9,Norte,orgânico,6,2023-02-17,2023-11-27,2023-10-23,2024-01-31,1,21,PREÇO,1
5664,40,Padrão,Mensal,34.9,Centro-Oeste,indicação,5,2023-09-15,2023-11-24,2023-11-10,2024-01-31,1,8.9,Falta de tempo,1
3513,22,Basico,Mensal,19.9,Nordeste,Instagram,2,2022-01-15,2023-02-28,2023-01-26,2024-01-31,2,90.9,Pouco conteúdo novo,1
5405,39,Padrão,Mensal,3490,Sul,google,9,2023-08-17,,2024-01-26,2024-01-31,14,152.5,,0
5538,40,básico,Mensal,19.9,Sudeste,google,9,2022-05-29,,2024-01-12,2024-01-31,15,508.1,,0
2706,38,Padrão,Mensal,34.9,Nordeste,IG,8,2023-01-25,,2024-01-17,2024-01-31,14,314.2,,0
2164,25,padrão,Anual,3490,Sudeste,Organico,7,2023-09-19,,2024-01-27,2024-01-31,15,125.7,,0
1398,44,básico,Mensal,19.9,Sudeste,Organico,10,2023-03-25,,,2024-01-31,8,160.7,,0
1222,25,padrão,Mensal,34.9,Sudeste,orgânico,8,2021-07-23,2023-12-06,2023-11-01,2024-01-31,5,240.9,Preço,1
1302,38,BASICO,Mensal,19.9,Sudeste,Organico,1,2023-03-12,2023-11-10,2023-10-16,2024-01-31,1,21.6,preco,1
1087,37,premium,Mensal,55.9,Sul,Indicacao,8,2021-11-26,,2024-01-03,2024-01-31,12,534.6,,0
2008,46,Padrao,Mensal,34.9,Sul,orgânico,8,2023-06-15,,2024-01-20,2024-01-31,21,329.2,,0
2371,37,Basico,Mensal,19.9,Centro-Oeste,Organico,2,2023-07-28,2023-12-11,2023-11-27,2024-01-31,4,43.2,Concorrente,1
3123,33,básico,Mensal,1990,Sudeste,Instagram,5,2023-06-21,,2024-01-14,2024-01-31,21,280.6,,0
1588,59,básico,Mensal,19.9,Sudeste,instagram,8,2023-06-30,2024-01-11,2023-12-27,2024-01-31,4,46.2,preco,1
3958,25,Padrao,Anual,34.9,Sul,IG,8,2023-08-28,,2024-01-19,2024-01-31,9,87.3,,0
3368,41,Padrão,Mensal,34.9,Sul,Google,3,2022-07-16,,2024-01-30,2024-01-31,11,358.9,,0
5681,32,Basico,Mensal,19.9,Sul,google,4,2022-03-22,,2024-01-16,2024-01-31,14,569.2,,0
2358,43,básico,Anual,19.9,Sudeste,IG,4,2023-01-03,2023-12-22,2023-12-09,2024-01-31,2,38.7,Pouco conteúdo novo,1
4002,18,Basico,Anual,19.9,Centro-Oeste,Indicacao,8,2023-03-11,,2024-01-09,2024-01-31,12,171.7,,0
5177,62,Premium,Mensal,5590,Sul,Indicacao,5,2023-10-10,2023-12-30,2023-11-29,2024-01-31,1,5.2,Falta de tempo,1
5683,26,padrão,Mensal,34.9,Sudeste,Instagram,10,2022-01-18,,2024-01-04,2024-01-31,13,459.9,,0
2710,53,Padrao,Anual,34.9,Sudeste,google,10,2023-09-01,,2024-01-22,2024-01-31,16,180.6,,0
3903,42,premium,Mensal,55.9,Norte,indicação,6,2023-07-24,2024-01-09,2023-12-14,2024-01-31,4,40.8,Concorrente,1
2109,22,Premium,Anual,55.9,Sul,indicação,6,2021-11-20,,2024-01-19,2024-01-31,12,478.6,,0
2375,32,BASICO,Mensal,19.9,Sudeste,Google,4,2020-11-09,,2024-01-26,2024-01-31,14,900,,0
3403,46,Premium,Mensal,55.9,Centro-Oeste,orgânico,5,2023-04-17,2024-01-13,2024-01-06,2024-01-31,1,19,problema tecnico,1
1587,26,BASICO,Mensal,19.9,Nordeste,indicação,5,2023-03-18,2023-09-01,2023-08-12,2024-01-31,1,15.2,Falta de tempo,1
1211,22,Padrão,Mensal,3490,Sudeste,IG,10,2023-08-17,,2024-01-19,2024-01-31,13,109.4,,0
2548,55,BASICO,Mensal,19.9,Nordeste,Organico,7,2023-09-08,2023-12-09,2023-11-25,2024-01-31,0,0,Concorrente,1
2200,18,padrão,Mensal,34.9,Sudeste,google,10,2022-02-06,,,2024-01-31,15,660.6,,0
4798,43,Padrão,Mensal,34.9,Nordeste,indicação,7,2022-10-21,2023-06-22,2023-06-01,2024-01-31,1,33.5,Preço,1
2406,26,BASICO,Mensal,19.9,Nordeste,google,5,2022-11-16,2023-12-13,2023-11-28,2024-01-31,6,180.4,preco,1
3516,40,BASICO,Mensal,19.9,Sudeste,Instagram,7,2023-09-07,,2024-01-05,2024-01-31,4,31.8,,0
5407,26,Basico,Mensal,19.9,Norte,Google,3,2023-07-26,2023-12-24,2023-12-04,2024-01-31,3,31.4,Preço,1
2481,20,básico,Mensal,19.9,Norte,orgânico,6,2023-01-22,,2024-01-18,2024-01-31,17,325.2,,0
3632,33,Padrao,Mensal,34.9,Sudeste,instagram,9,2023-05-01,,2024-01-09,2024-01-31,22,364.3,,0
5384,22,premium,Mensal,5590,Sul,google,6,2022-09-29,,2024-01-15,2024-01-31,21,694.5,,0
2072,36,Premium,Mensal,55.9,Nordeste,google,7,2022-05-21,,2024-01-03,2024-01-31,17,807.4,,0
3218,23,Padrao,Mensal,34.9,Sudeste,Instagram,10,2022-05-21,,2024-01-23,2024-01-31,12,391.2,,0
4912,21,Padrao,Mensal,34.9,Sudeste,Indicacao,10,2021-09-22,,2024-01-16,2024-01-31,14,652.9,,0
2685,42,básico,Mensal,19.9,Norte,Indicacao,6,2023-05-03,,2024-01-18,2024-01-31,11,143.3,,0
2443,23,padrão,Anual,3490,Sul,Instagram,9,2023-05-30,,2024-01-17,2024-01-31,20,249.5,,0
3261,42,Premium,Mensal,55.9,Nordeste,Organico,5,2022-11-18,,2024-01-21,2024-01-31,14,284.6,,0
1265,29,BASICO,Anual,19.9,Sudeste,Google,7,2023-09-19,,2024-01-02,2024-01-31,11,69.3,,0
4840,39,premium,Mensal,55.9,?,Organico,5,2022-09-04,2023-07-08,2023-06-21,2024-01-31,4,143.9,Pouco conteúdo novo,1
2783,35,Padrao,Mensal,34.9,Sul,Instagram,7,2023-05-18,,2024-01-28,2024-01-31,17,190.6,,0
2931,50,Padrão,Anual,34.9,Nordeste,instagram,6,2021-05-12,,2024-01-11,2024-01-31,21,900,,0
1628,38,Padrão,Anual,3490,Nordeste,Organico,5,2023-10-14,2024-01-07,2023-12-13,2024-01-31,4,24.5,Pouco conteúdo novo,1
5334,41,padrão,Mensal,34.9,Sudeste,IG,8,2022-07-03,,2024-01-10,2024-01-31,15,647.7,,0
3565,23,Padrao,Mensal,34.9,Norte,Instagram,4,2023-07-23,2024-01-10,2023-12-07,2024-01-31,2,17.4,PREÇO,1
1128,42,Padrão,Mensal,34.9,Nordeste,IG,5,2023-09-01,2023-11-27,2023-11-19,2024-01-31,0,0,Preço,1
4740,38,premium,Mensal,55.9,Sudeste,Organico,9,2023-06-13,,2024-01-31,2024-01-31,13,157.2,,0
2881,23,Basico,Mensal,19.9,Nordeste,indicação,8,2023-01-29,,2024-01-23,2024-01-31,11,302.6,,0
1058,47,Padrão,Mensal,3490,Sudeste,Organico,6,2023-11-09,,2024-01-29,2024-01-31,17,52.9,,0
2465,39,premium,Mensal,55.9,Nordeste,IG,9,2023-10-01,,2024-01-22,2024-01-31,20,183.6,,0
4934,41,básico,Mensal,19.9,Nordeste,Instagram,5,2023-01-26,2023-10-22,2023-10-18,2024-01-31,2,34.9,PREÇO,1
2670,55,Padrão,Anual,3490,Sudeste,indicação,9,2022-12-27,,2024-01-28,2024-01-31,13,346.4,,0
2875,57,Basico,Anual,19.9,Sudeste,orgânico,9,2022-10-27,,2024-01-09,2024-01-31,19,614,,0
2195,38,Basico,Mensal,19.9,Sul,Google,6,2023-03-31,,2024-01-30,2024-01-31,12,256.8,,0
5855,42,BASICO,Anual,19.9,Sul,orgânico,5,2022-06-07,2023-10-12,2023-09-21,2024-01-31,3,119.9,preco,1
2295,28,premium,Anual,55.9,Sudeste,google,3,2023-08-26,2023-11-13,2023-11-07,2024-01-31,1,10.3,preco,1
2151,34,Padrão,Anual,34.9,Sudeste,Google,8,2022-11-10,,2024-01-26,2024-01-31,14,345.3,,0
2082,39,Padrao,Mensal,34.9,Sudeste,Google,7,2022-04-16,,2024-01-04,2024-01-31,9,404.6,,0
2598,53,Padrao,Mensal,34.9,Sudeste,instagram,4,2023-05-22,,2024-01-30,2024-01-31,13,161.8,,0
4852,32,BASICO,Anual,19.9,Norte,Google,8,2021-05-13,,2024-01-22,2024-01-31,7,438.7,,0
3444,50,Premium,Mensal,55.9,Centro-Oeste,Indicacao,8,2022-08-02,,2024-01-24,2024-01-31,16,404.1,,0
2252,48,Premium,Anual,55.9,Nordeste,Google,8,2023-08-23,,2024-01-02,2024-01-31,15,120.6,,0
1414,47,Padrao,Mensal,34.9,Nordeste,IG,6,2021-09-26,,2024-01-16,2024-01-31,13,666.5,,0
2703,50,padrão,Anual,3490,Sudeste,Google,9,2023-07-01,,2024-01-17,2024-01-31,12,151.7,,0
4344,43,básico,Mensal,19.9,Centro-Oeste,Google,5,2023-03-27,,,2024-01-31,5,116.8,,0
5616,33,Padrão,Mensal,34.9,Sul,Organico,6,2022-11-15,,2024-01-29,2024-01-31,11,253.5,,0
4822,37,Padrão,Mensal,34.9,Sudeste,Instagram,5,2023-08-26,2023-12-25,2023-11-16,2024-01-31,4,33.2,problema tecnico,1
2748,47,Padrao,Anual,34.9,Sudeste,Instagram,7,2023-01-19,,2024-01-16,2024-01-31,18,437.8,,0
5255,37,padrão,Mensal,34.9,Sudeste,Google,6,2023-08-14,2023-12-22,2023-12-03,2024-01-31,6,57.4,PREÇO,1
4021,27,básico,Mensal,19.9,Sudeste,Google,5,2023-07-11,2023-11-29,2023-11-18,2024-01-31,1,12.9,Pouco conteúdo novo,1
3608,58,padrão,Anual,34.9,Sudeste,google,8,2021-08-28,2023-01-03,2022-11-26,2024-01-31,3,167.8,PREÇO,1
5960,27,Basico,Mensal,1990,Nordeste,orgânico,9,2021-05-04,,2024-01-17,2024-01-31,10,719.5,,0
5714,39,Premium,Anual,55.9,?,Instagram,8,2023-06-24,,2024-01-15,2024-01-31,26,354.1,,0
5276,18,premium,Mensal,55.9,Sudeste,instagram,7,2022-09-19,,2024-01-06,2024-01-31,17,426,,0
2340,30,BASICO,Anual,19.9,Norte,Indicacao,8,2023-10-16,2024-01-12,2023-12-06,2024-01-31,2,8.7,preco,1
1891,43,Padrao,Anual,34.9,Norte,Organico,7,2023-12-11,2024-01-20,2024-01-10,2024-01-31,5,8.3,Falta de tempo,1
2098,33,Padrao,Anual,34.9,Sul,google,7,2023-04-25,,2024-01-26,2024-01-31,17,359.5,,0
3352,35,Basico,Mensal,19.9,Norte,IG,7,2022-10-04,,2024-01-09,2024-01-31,18,563.7,,0
5314,46,Padrao,Anual,34.9,Sudeste,instagram,0,2023-08-09,2024-01-09,2024-01-06,2024-01-31,6,60.7,Problema técnico,1
4340,23,padrão,Anual,34.9,Sul,Organico,5,2023-02-11,,2024-01-18,2024-01-31,13,225.9,,0
4571,41,básico,Mensal,19.9,Nordeste,orgânico,7,2023-07-28,,2024-01-23,2024-01-31,15,198.3,,0
2776,35,padrão,Mensal,34.9,Sudeste,orgânico,7,2023-08-31,,2024-01-12,2024-01-31,18,164.6,,0
2978,38,padrão,Anual,34.9,Nordeste,IG,9,2022-08-16,,2024-01-18,2024-01-31,14,547.2,,0
5357,30,Basico,Anual,19.9,Nordeste,Organico,4,2023-06-15,,2024-01-19,2024-01-31,8,125.7,,0
4376,56,premium,Mensal,55.9,Sudeste,Instagram,4,2022-04-11,,2024-01-15,2024-01-31,14,433.7,,0
4444,36,Padrao,Mensal,34.9,Sul,Instagram,7,2023-09-28,,2024-01-05,2024-01-31,15,137.1,,0
5675,26,Basico,Mensal,19.9,Centro-Oeste,indicação,6,2023-03-10,2024-01-18,2023-12-23,2024-01-31,2,35,Pouco conteúdo novo,1
5728,34,Padrão,Mensal,34.9,Sudeste,instagram,6,2021-10-30,,2024-01-28,2024-01-31,19,900,,0
2061,25,Padrão,Anual,3490,Sudeste,IG,4,2023-04-14,2024-01-21,2024-01-06,2024-01-31,5,93.5,preco,1
4305,27,Padrao,Mensal,3490,Centro-Oeste,google,3,2023-04-30,2023-10-28,2023-10-17,2024-01-31,3,45.6,Concorrente,1
4423,43,BASICO,Mensal,19.9,Nordeste,google,6,2023-06-17,,2024-01-13,2024-01-31,22,297.5,,0
4634,34,Padrao,Mensal,34.9,Sul,Organico,4,2022-05-28,2023-11-27,2023-10-26,2024-01-31,3,99.4,Pouco conteúdo novo,1
3500,29,Padrao,Mensal,34.9,Nordeste,instagram,5,2023-10-11,2023-12-12,2023-11-04,2024-01-31,2,12.9,Concorrente,1
2998,19,padrão,Anual,3490,Sudeste,IG,6,2023-09-22,,2024-01-11,2024-01-31,14,130.4,,0
5418,56,BASICO,Mensal,19.9,Sudeste,orgânico,10,2023-05-06,,2024-01-20,2024-01-31,15,197.2,,0
1208,42,Premium,Anual,55.9,Nordeste,Google,6,2023-01-19,2024-01-01,2023-12-12,2024-01-31,3,52.2,problema tecnico,1
2165,18,premium,Mensal,55.9,Nordeste,Indicacao,7,2022-08-31,,2024-01-26,2024-01-31,10,407.5,,0
2721,51,padrão,Anual,34.9,Sudeste,IG,7,2020-12-23,,2024-01-14,2024-01-31,12,900,,0
2583,36,Padrão,Mensal,34.9,Norte,google,3,2023-07-23,2023-12-22,2023-12-09,2024-01-31,2,22.7,Preço,1
1263,26,básico,Mensal,19.9,Norte,instagram,9,2023-04-18,,2024-01-28,2024-01-31,19,367.3,,0
4418,40,BASICO,Anual,1990,Sudeste,Instagram,5,2022-12-11,2023-09-07,2023-08-09,2024-01-31,2,40.8,Falta de tempo,1
5571,32,Padrão,Mensal,34.9,Sudeste,orgânico,6,2022-11-19,,2024-01-22,2024-01-31,9,272,,0
4384,32,Padrao,Mensal,34.9,Sul,instagram,4,2021-12-24,,2024-01-28,2024-01-31,8,307.7,,0
4313,22,Basico,Mensal,19.9,Sul,Google,1,2023-08-28,2023-12-31,2023-12-21,2024-01-31,0,0,Problema técnico,1
2170,40,básico,Anual,1990,Nordeste,instagram,7,2021-05-08,,2024-01-09,2024-01-31,20,900,,0
3012,24,Padrao,Mensal,34.9,Sudeste,orgânico,7,2019-09-05,,2024-01-27,2024-01-31,16,900,,0
3873,21,básico,Mensal,19.9,Nordeste,Organico,9,2022-07-16,,2024-01-03,2024-01-31,12,304.4,,0
5987,42,padrão,Anual,34.9,Sul,IG,5,2023-10-27,2023-12-16,2023-12-09,2024-01-31,5,36,Pouco conteúdo novo,1
5333,36,básico,Mensal,1990,Norte,IG,10,2022-05-07,,2024-01-19,2024-01-31,14,452.3,,0
5931,32,BASICO,Mensal,1990,Sudeste,google,6,2023-08-29,,2024-01-23,2024-01-31,12,98.6,,0
2270,43,Premium,Anual,55.9,Norte,instagram,7,2022-05-21,,2024-01-19,2024-01-31,10,476.9,,0
4431,28,Padrão,Mensal,34.9,Sul,Google,4,2023-05-15,2023-12-17,2023-11-10,2024-01-31,3,37.2,Problema técnico,1
2391,31,Basico,Mensal,19.9,Sudeste,Google,7,2022-03-30,,2024-01-09,2024-01-31,11,368.8,,0
5472,47,Basico,Anual,19.9,Nordeste,Indicacao,8,2022-10-31,,2024-01-23,2024-01-31,18,434.4,,0
5501,31,básico,Mensal,1990,Sudeste,google,5,2021-09-06,,2024-01-15,2024-01-31,15,900,,0
1901,56,básico,Anual,19.9,Nordeste,google,8,2022-11-05,,2024-01-28,2024-01-31,21,643,,0
4014,34,básico,Mensal,19.9,Centro-Oeste,google,7,2020-12-07,,2024-01-18,2024-01-31,9,564.8,,0
2161,25,padrão,Mensal,34.9,Nordeste,orgânico,4,2023-04-12,2023-11-25,2023-11-10,2024-01-31,3,64.8,preco,1
2483,53,Premium,Mensal,55.9,Centro-Oeste,orgânico,4,2023-03-17,,2024-01-06,2024-01-31,12,199.5,,0
4445,18,Premium,Mensal,55.9,Sudeste,IG,4,2022-03-12,2023-11-06,2023-10-17,2024-01-31,5,252.5,Outro,1
5081,59,BASICO,Mensal,19.9,Sudeste,google,3,2023-02-21,2023-12-15,2023-11-25,2024-01-31,3,57.7,Pouco conteúdo novo,1
5352,40,padrão,Mensal,34.9,Norte,Indicacao,9,2023-08-15,,2024-01-12,2024-01-31,21,244.3,,0
4426,45,Padrao,Mensal,34.9,Sudeste,Instagram,7,2023-09-22,,2024-01-26,2024-01-31,11,83.4,,0
2301,53,BASICO,Mensal,19.9,Nordeste,Indicacao,7,2023-10-19,,2024-01-10,2024-01-31,20,91.9,,0
1631,31,Padrao,Mensal,34.9,Sul,Organico,9,2022-11-14,,2024-01-11,2024-01-31,19,591,,0
3264,25,Padrão,Mensal,34.9,Sudeste,orgânico,8,2023-10-31,,2024-01-02,2024-01-31,14,98.8,,0
2970,22,padrão,Mensal,34.9,Sul,google,3,2023-03-20,2023-08-29,2023-08-02,2024-01-31,2,36.4,PREÇO,1
3310,36,BASICO,Mensal,19.9,Norte,IG,1,2022-03-31,2023-09-08,2023-09-04,2024-01-31,1,39,Preço,1
2409,34,Basico,Mensal,1990,Nordeste,orgânico,4,2023-07-16,2023-11-26,2023-11-11,2024-01-31,3,35.7,Pouco conteúdo novo,1
5168,18,Premium,Mensal,55.9,Sul,Instagram,10,2023-02-26,,2024-01-06,2024-01-31,13,280.8,,0
2476,36,padrão,Mensal,34.9,Centro-Oeste,instagram,7,2022-04-15,,2024-01-03,2024-01-31,14,672.9,,0
4623,65,Padrão,Anual,34.9,Centro-Oeste,Google,8,2022-08-27,,2024-01-20,2024-01-31,9,220.3,,0
1689,29,Padrão,Mensal,34.9,Nordeste,indicação,6,2022-04-24,,2024-01-15,2024-01-31,17,730.8,,0
2038,34,básico,Mensal,19.9,Centro-Oeste,IG,6,2023-01-04,2024-01-07,2023-12-04,2024-01-31,3,77.4,Outro,1
4689,39,básico,Mensal,1990,Sudeste,Indicacao,10,2023-09-09,,2024-01-06,2024-01-31,13,124.4,,0
1050,32,Basico,Anual,19.9,Centro-Oeste,Google,0,2023-06-30,2023-12-09,2023-11-01,2024-01-31,3,37.7,PREÇO,1
4743,29,Padrao,Mensal,3490,Norte,orgânico,4,2023-06-17,2023-11-07,2023-10-22,2024-01-31,4,46.8,Preço,1
3235,30,Basico,Mensal,19.9,Sudeste,orgânico,8,2022-01-04,,2024-01-26,2024-01-31,14,639.6,,0
1373,40,Premium,Mensal,5590,Sudeste,instagram,5,2023-07-28,2023-10-31,2023-10-08,2024-01-31,4,53.3,Preço,1
3047,33,Premium,Mensal,55.9,?,Organico,9,2022-06-25,,2024-01-30,2024-01-31,15,589.4,,0
1697,22,padrão,Mensal,34.9,Nordeste,indicação,3,2021-07-30,,2024-01-26,2024-01-31,11,626.2,,0
4150,33,básico,Mensal,1990,Sudeste,IG,6,2023-07-16,,2024-01-30,2024-01-31,18,188.2,,0
1029,43,Premium,Mensal,55.9,Sul,Organico,2,2021-12-21,2023-06-13,2023-05-24,2024-01-31,2,112.3,Pouco conteúdo novo,1
5727,22,Padrão,Mensal,34.9,Norte,Indicacao,7,2021-04-27,,2024-01-25,2024-01-31,11,532.6,,0
3782,23,Basico,Mensal,19.9,Centro-Oeste,instagram,8,2023-07-03,,2024-01-07,2024-01-31,17,231.3,,0
5424,22,Premium,Mensal,55.9,Centro-Oeste,indicação,7,2022-12-18,2023-09-22,2023-09-03,2024-01-31,6,144.4,Preço,1
2604,46,Padrão,Mensal,34.9,Sudeste,Instagram,8,2022-11-19,,2024-01-19,2024-01-31,17,480.8,,0
4737,22,básico,Anual,19.9,Sul,Indicacao,9,2022-06-03,,2024-01-20,2024-01-31,9,427.1,,0
4533,37,padrão,Mensal,34.9,Sudeste,IG,9,2023-09-22,,2024-01-31,2024-01-31,10,85.7,,0
4312,33,Basico,Mensal,19.9,Nordeste,indicação,6,2021-07-09,,2024-01-11,2024-01-31,10,478,,0
3102,55,Padrao,Mensal,3490,Sul,indicação,4,2023-06-24,2023-11-16,2023-11-12,2024-01-31,1,15.2,Concorrente,1
2985,35,Padrao,Anual,3490,?,Google,8,2022-12-10,,2024-01-25,2024-01-31,11,244.2,,0
3286,27,padrão,Mensal,34.9,Norte,IG,6,2023-11-10,2024-01-23,2024-01-07,2024-01-31,3,9.3,Falta de tempo,1
4968,52,BASICO,Mensal,19.9,Sudeste,IG,1,2023-05-21,,2024-01-30,2024-01-31,14,158.9,,0
5060,51,Padrão,Anual,34.9,Sudeste,Instagram,4,2022-10-28,2023-06-30,2023-05-31,2024-01-31,7,221.1,Preço,1
3287,28,Basico,Anual,19.9,Sudeste,Organico,2,2022-08-25,2023-12-16,2023-11-23,2024-01-31,5,172.2,preco,1
4434,30,BASICO,Mensal,19.9,Sudeste,Google,1,2023-04-11,2023-09-12,2023-08-19,2024-01-31,0,0,Concorrente,1
3038,44,padrão,Mensal,34.9,Centro-Oeste,Instagram,2,2023-04-15,2023-11-07,2023-10-05,2024-01-31,1,20.3,Problema técnico,1
1693,27,básico,Mensal,19.9,Sudeste,instagram,7,2023-08-12,,2024-01-15,2024-01-31,20,143.3,,0
3778,31,Padrão,Mensal,3490,Sudeste,orgânico,6,2023-03-12,,2024-01-17,2024-01-31,12,261.5,,0
4188,64,básico,Anual,19.9,Sudeste,Organico,7,2022-01-26,,2024-01-26,2024-01-31,14,534.2,,0
2187,38,BASICO,Mensal,1990,Norte,Indicacao,7,2022-05-17,,2024-01-16,2024-01-31,13,583,,0
1188,35,BASICO,Mensal,19.9,Sudeste,indicação,8,2023-01-30,,2024-01-11,2024-01-31,11,277,,0
3307,60,premium,Mensal,55.9,Sudeste,Organico,8,2023-03-16,,2024-01-19,2024-01-31,12,176.4,,0
5364,32,padrão,Anual,34.9,Nordeste,Instagram,5,2022-01-04,,2024-01-13,2024-01-31,14,738,,0
3335,34,premium,Mensal,55.9,Sul,indicação,6,2022-03-24,,2024-01-13,2024-01-31,10,339.2,,0
3889,43,BASICO,Anual,19.9,?,Organico,5,2023-08-16,2023-11-18,2023-11-04,2024-01-31,2,21.5,problema tecnico,1
2097,35,BASICO,Mensal,19.9,Sudeste,indicação,3,2022-07-23,2023-08-27,2023-07-31,2024-01-31,3,94.9,Pouco conteúdo novo,1
4407,29,Basico,Mensal,19.9,Norte,instagram,5,2023-10-18,,2024-01-20,2024-01-31,21,108.7,,0
5344,31,premium,Mensal,55.9,Nordeste,Organico,10,2022-07-24,,2024-01-29,2024-01-31,9,254.9,,0
3147,47,Padrão,Anual,34.9,Sudeste,Instagram,10,2022-08-17,,2024-01-09,2024-01-31,7,256.9,,0
2209,56,básico,Anual,19.9,Nordeste,Organico,9,2023-08-04,,2024-01-28,2024-01-31,13,163.1,,0
2747,39,Padrão,Mensal,34.9,Sul,orgânico,2,2023-06-27,2023-10-17,2023-10-13,2024-01-31,2,30,Pouco conteúdo novo,1
5802,33,Padrao,Mensal,34.9,Sudeste,google,7,2023-02-19,,2024-01-04,2024-01-31,15,367,,0
5923,18,padrão,Mensal,34.9,?,instagram,9,2022-07-31,,2024-01-27,2024-01-31,15,456.6,,0
5967,47,Premium,Mensal,55.9,Sul,orgânico,8,2022-06-15,,2024-01-18,2024-01-31,19,841.5,,0
1493,23,BASICO,Mensal,1990,Norte,orgânico,4,2023-08-31,2023-12-24,2023-12-16,2024-01-31,2,21.6,PREÇO,1
3861,48,Basico,Mensal,19.9,Sudeste,Organico,5,2022-08-04,2023-05-06,2023-04-13,2024-01-31,5,195.5,preco,1
5031,41,Padrão,Mensal,34.9,Centro-Oeste,Google,4,2023-02-24,,2024-01-15,2024-01-31,10,162.9,,0
1729,50,BASICO,Mensal,19.9,Nordeste,instagram,7,2022-06-20,,2024-01-28,2024-01-31,11,405.4,,0
5822,37,Premium,Mensal,55.9,Sudeste,instagram,5,2021-06-29,,2024-01-09,2024-01-31,11,679.5,,0
1824,30,padrão,Mensal,3490,Centro-Oeste,Indicacao,8,2023-01-23,,2024-01-27,2024-01-31,13,263.1,,0
4160,36,BASICO,Mensal,19.9,Sudeste,orgânico,7,2023-05-21,2023-11-22,2023-10-22,2024-01-31,2,29.3,PREÇO,1
2590,38,padrão,Mensal,34.9,Sul,Google,4,2023-07-11,2023-11-06,2023-10-18,2024-01-31,3,26.5,Concorrente,1
4000,18,Premium,Mensal,55.9,Nordeste,indicação,8,2021-08-19,,2024-01-26,2024-01-31,17,900,,0
1574,42,BASICO,Mensal,19.9,Nordeste,orgânico,8,2022-04-26,,2024-01-18,2024-01-31,16,723.6,,0
1714,34,premium,Mensal,55.9,Nordeste,instagram,9,2023-08-12,,2024-01-18,2024-01-31,11,83.1,,0
4212,40,Padrao,Mensal,34.9,Centro-Oeste,Google,6,2023-07-29,2023-12-11,2023-12-03,2024-01-31,4,44.2,Pouco conteúdo novo,1
4585,18,Padrão,Mensal,3490,?,Instagram,10,2023-03-06,,2024-01-15,2024-01-31,13,224.7,,0
1758,35,Premium,Mensal,55.9,Nordeste,orgânico,9,2021-11-24,,2024-01-15,2024-01-31,13,753.2,,0
4813,25,Premium,Anual,55.9,Sudeste,IG,8,2023-11-07,,2024-01-13,2024-01-31,17,67.6,,0
1108,40,padrão,Anual,34.9,Sudeste,Organico,5,2022-08-26,,2024-01-08,2024-01-31,13,324.5,,0
3408,38,BASICO,Mensal,1990,Sul,Organico,9,2022-12-21,,2024-01-25,2024-01-31,11,288,,0
2095,26,Padrão,Mensal,34.9,Sudeste,IG,5,2023-09-30,,2024-01-22,2024-01-31,12,100.4,,0
4278,38,premium,Mensal,55.9,Sul,orgânico,9,2022-12-07,,2024-01-11,2024-01-31,17,414.8,,0
4762,39,básico,Anual,19.9,Sudeste,Indicacao,6,2024-01-09,2024-01-20,2024-01-09,2024-01-31,2,2.8,Pouco conteúdo novo,1
5396,52,Padrão,Mensal,34.9,Nordeste,Indicacao,5,2023-06-04,,2024-01-21,2024-01-31,16,282.9,,0
2595,47,premium,Mensal,55.9,Sul,google,2,2022-12-22,2023-10-30,2023-10-25,2024-01-31,2,51.8,Problema técnico,1
3897,36,Padrao,Mensal,34.9,Sul,orgânico,2,2023-09-18,2023-12-12,2023-12-06,2024-01-31,1,6.6,Pouco conteúdo novo,1
4004,47,básico,Mensal,19.9,Sul,Indicacao,2,2023-03-24,2023-10-20,2023-10-13,2024-01-31,5,87.1,PREÇO,1
1883,22,BASICO,Mensal,1990,Sudeste,google,9,2022-11-22,,2024-01-14,2024-01-31,10,310.7,,0
3308,41,Padrão,Mensal,34.9,Sudeste,Google,0,2023-04-13,2024-01-11,2023-12-04,2024-01-31,1,18.8,problema tecnico,1
1709,30,Padrao,Anual,3490,Nordeste,Indicacao,5,2023-02-28,,2024-01-04,2024-01-31,22,424,,0
2539,18,padrão,Mensal,34.9,Sul,Instagram,7,2023-07-21,,2024-01-17,2024-01-31,9,90.6,,0
1176,39,Padrao,Mensal,34.9,Sudeste,orgânico,8,2022-03-16,,2024-01-21,2024-01-31,15,654.2,,0
3326,41,Padrão,Anual,34.9,Nordeste,Instagram,7,2023-09-23,,2024-01-27,2024-01-31,10,92.9,,0
3947,27,Basico,Mensal,19.9,Sul,Organico,9,2023-06-28,,2024-01-11,2024-01-31,12,157.6,,0
3835,37,básico,Mensal,19.9,Sudeste,IG,7,2022-09-22,,2024-01-26,2024-01-31,19,699.8,,0
3190,26,Basico,Mensal,19.9,Sudeste,Organico,1,2023-06-26,2024-01-17,2024-01-05,2024-01-31,5,82.9,Falta de tempo,1
2105,48,Basico,Mensal,19.9,Centro-Oeste,google,10,2021-06-07,,2024-01-03,2024-01-31,16,900,,0
5444,35,básico,Mensal,19.9,Nordeste,Organico,7,2022-06-04,,2024-01-18,2024-01-31,16,532.2,,0
5778,56,Padrao,Mensal,3490,Sudeste,indicação,2,2022-10-04,,2024-01-31,2024-01-31,15,482.3,,0
2210,53,Basico,Mensal,19.9,Sudeste,Indicacao,7,2022-08-18,,2024-01-16,2024-01-31,18,602.5,,0
3276,49,Padrão,Mensal,3490,Sul,indicação,6,2022-07-23,,2024-01-11,2024-01-31,11,364.9,,0
1505,41,básico,Anual,19.9,Sul,Indicacao,6,2021-05-14,,2024-01-13,2024-01-31,5,244.6,,0
5351,31,BASICO,Mensal,19.9,Sul,instagram,8,2020-08-19,,2024-01-05,2024-01-31,12,859.2,,0
1726,47,BASICO,Mensal,19.9,?,google,10,2023-04-23,,2024-01-20,2024-01-31,10,214.7,,0
5169,36,padrão,Mensal,34.9,Nordeste,Google,9,2023-03-13,,2024-01-21,2024-01-31,22,432.1,,0
1630,42,BASICO,Anual,19.9,Sul,instagram,6,2020-08-03,2023-03-16,2023-03-05,2024-01-31,1,95.1,Pouco conteúdo novo,1
1748,55,BASICO,Mensal,19.9,Sul,indicação,2,2023-03-20,2023-10-31,2023-10-04,2024-01-31,2,46.3,Concorrente,1
4171,48,básico,Mensal,1990,Sudeste,google,4,2023-04-27,,2024-01-29,2024-01-31,19,281.6,,0
1614,26,Padrão,Mensal,34.9,Sudeste,instagram,4,2022-10-02,,2024-01-31,2024-01-31,20,460.2,,0
2325,53,padrão,Mensal,34.9,Sudeste,instagram,6,2023-10-11,,2024-01-05,2024-01-31,8,54.2,,0
3118,22,básico,Mensal,19.9,Sudeste,instagram,4,2022-10-21,,2024-01-21,2024-01-31,15,361.4,,0
5973,46,premium,Mensal,55.9,Sudeste,orgânico,6,2023-06-25,,2024-01-05,2024-01-31,11,146.8,,0
3717,50,BASICO,Mensal,19.9,?,Instagram,8,2023-02-23,,2024-01-17,2024-01-31,7,111.8,,0
3740,42,Basico,Mensal,19.9,Sul,IG,3,2022-12-04,2023-08-08,2023-07-02,2024-01-31,8,267.1,PREÇO,1
1691,40,Basico,Mensal,19.9,Sul,Indicacao,4,2023-04-23,,2024-01-16,2024-01-31,18,325,,0
2883,21,padrão,Mensal,34.9,Centro-Oeste,instagram,0,2023-09-03,2023-12-28,2023-12-03,2024-01-31,3,21.7,Pouco conteúdo novo,1
1783,43,Padrao,Mensal,34.9,Sudeste,Indicacao,9,2023-07-09,,2024-01-15,2024-01-31,13,156.3,,0
3462,31,básico,Mensal,19.9,Sul,Google,6,2022-09-14,2023-12-05,2023-11-18,2024-01-31,1,33.2,Pouco conteúdo novo,1
4079,40,Premium,Mensal,55.9,Nordeste,instagram,5,2022-11-03,,2024-01-20,2024-01-31,13,295.9,,0
4850,29,padrão,Mensal,34.9,Sudeste,Instagram,6,2022-06-01,2023-12-28,2023-12-01,2024-01-31,1,45.8,Preço,1
1231,21,Premium,Mensal,55.9,Sudeste,Instagram,5,2021-03-02,,2024-01-23,2024-01-31,13,658.6,,0
3879,34,Basico,Mensal,19.9,Norte,orgânico,6,2022-12-19,,2024-01-04,2024-01-31,5,123.6,,0
3625,44,BASICO,Mensal,19.9,Nordeste,indicação,10,2022-07-21,,2024-01-09,2024-01-31,16,628.6,,0
3493,38,Basico,Anual,19.9,Sudeste,IG,6,2023-09-28,2023-12-06,2023-11-11,2024-01-31,3,24.5,Outro,1
5620,18,BASICO,Mensal,19.9,Sudeste,orgânico,6,2022-06-03,,2024-01-25,2024-01-31,13,449.4,,0
3507,32,básico,Mensal,19.9,Sudeste,IG,7,2023-05-22,,2024-01-16,2024-01-31,13,191.5,,0
4010,31,BASICO,Mensal,19.9,Nordeste,Organico,3,2023-09-29,2024-01-21,2023-12-19,2024-01-31,3,25.3,Concorrente,1
4687,30,Padrão,Anual,34.9,Centro-Oeste,orgânico,5,2022-08-12,,2024-01-16,2024-01-31,16,416.3,,0
4359,30,Basico,Mensal,19.9,Sudeste,Google,10,2022-01-28,,2024-01-05,2024-01-31,19,642.7,,0
5502,47,BASICO,Anual,19.9,Nordeste,IG,6,2023-03-16,2023-10-27,2023-10-14,2024-01-31,5,104.4,Pouco conteúdo novo,1
1166,18,Padrao,Mensal,34.9,Norte,orgânico,3,2023-05-30,2023-10-14,2023-09-17,2024-01-31,2,23.2,problema tecnico,1
4334,35,BASICO,Anual,19.9,Sul,IG,7,2023-04-26,,2024-01-16,2024-01-31,18,369.5,,0
3409,57,Basico,Mensal,19.9,Sudeste,Indicacao,6,2022-07-06,,2024-01-29,2024-01-31,20,612.9,,0
3797,38,básico,Anual,19.9,Nordeste,instagram,7,2023-07-30,2023-12-08,2023-11-05,2024-01-31,3,39.9,problema tecnico,1
1170,34,premium,Mensal,55.9,Centro-Oeste,indicação,8,2023-04-22,,2024-01-19,2024-01-31,15,223.6,,0
3485,24,Padrao,Anual,34.9,Centro-Oeste,Organico,5,2022-12-14,,2024-01-19,2024-01-31,8,166.6,,0
4322,33,premium,Mensal,55.9,Norte,Google,1,2023-04-28,2023-09-21,2023-09-05,2024-01-31,4,70.5,Falta de tempo,1
1506,49,Padrão,Mensal,34.9,Sudeste,Instagram,6,2022-07-01,,2024-01-23,2024-01-31,13,440,,0
2362,46,padrão,Mensal,34.9,Sudeste,indicação,6,2023-07-18,,2024-01-04,2024-01-31,9,96.1,,0
3366,27,BASICO,Mensal,19.9,Sudeste,Instagram,3,2023-04-28,,2024-01-19,2024-01-31,15,255.1,,0
5700,27,BASICO,Anual,19.9,Sudeste,Organico,6,2022-10-29,,2024-01-24,2024-01-31,7,248.5,,0
1332,23,padrão,Mensal,34.9,Nordeste,instagram,5,2023-07-01,,2024-01-21,2024-01-31,14,185.7,,0
5574,46,padrão,Mensal,34.9,Sul,instagram,6,2022-07-04,,2024-01-03,2024-01-31,7,187.8,,0
3045,57,premium,Mensal,55.9,Sul,IG,8,2023-09-21,,2024-01-31,2024-01-31,13,98.5,,0
2492,61,padrão,Mensal,34.9,Sul,IG,5,2023-02-13,,2024-01-17,2024-01-31,11,226.9,,0
1620,55,BASICO,Anual,19.9,Sul,google,0,2023-09-26,2024-01-13,2023-12-07,2024-01-31,1,6.3,Concorrente,1
2605,35,padrão,Mensal,34.9,Centro-Oeste,Google,6,2023-09-09,,2024-01-17,2024-01-31,15,105.5,,0
2026,29,premium,Mensal,55.9,Nordeste,Instagram,4,2023-06-09,,2024-01-03,2024-01-31,18,233.9,,0
3901,37,premium,Mensal,55.9,Nordeste,orgânico,7,2023-12-10,,2024-01-06,2024-01-31,15,33.4,,0
5788,41,premium,Mensal,55.9,Nordeste,instagram,9,2022-08-17,,2024-01-21,2024-01-31,9,282.8,,0
3510,47,premium,Mensal,55.9,Nordeste,indicação,9,2023-06-05,,2024-01-25,2024-01-31,12,138.6,,0
4543,18,básico,Mensal,19.9,Sul,instagram,6,2022-12-23,2023-09-26,2023-09-23,2024-01-31,1,19.9,PREÇO,1
2338,21,BASICO,Mensal,1990,Nordeste,orgânico,6,2023-02-18,,2024-01-09,2024-01-31,11,269.3,,0
5603,53,Padrão,Mensal,34.9,Sudeste,Organico,3,2023-09-10,2024-01-16,2023-12-13,2024-01-31,3,17.9,Preço,1
5917,30,Padrão,Mensal,34.9,Sudeste,Organico,7,2023-03-19,,2024-01-09,2024-01-31,16,364.8,,0
5475,50,Padrao,Anual,34.9,Nordeste,instagram,0,2023-05-05,2024-01-02,2023-12-18,2024-01-31,3,51.1,PREÇO,1
2956,36,básico,Anual,19.9,Nordeste,orgânico,6,2021-12-17,,2024-01-28,2024-01-31,15,731.6,,0
3179,40,Premium,Mensal,55.9,Norte,orgânico,7,2023-02-26,,2024-01-15,2024-01-31,9,148.7,,0
5394,24,básico,Mensal,19.9,Norte,Google,7,2023-12-22,,2024-01-10,2024-01-31,13,24.8,,0
2398,24,básico,Mensal,19.9,Norte,Organico,5,2023-02-14,,2024-01-09,2024-01-31,22,479.5,,0
3320,29,padrão,Anual,34.9,Centro-Oeste,orgânico,10,2023-07-25,,2024-01-14,2024-01-31,12,172,,0
4449,22,Premium,Anual,55.9,Nordeste,Google,3,2023-05-06,2023-11-06,2023-10-28,2024-01-31,5,98,Pouco conteúdo novo,1
3449,36,Padrão,Anual,34.9,Norte,orgânico,10,2023-09-23,,2024-01-16,2024-01-31,16,127.6,,0
2368,33,básico,Mensal,1990,Norte,orgânico,4,2023-07-24,2024-01-10,2023-12-22,2024-01-31,3,40.9,Preço,1
3149,27,Padrao,Anual,3490,Sul,Organico,8,2023-02-24,,2024-01-28,2024-01-31,17,381.3,,0
4091,32,básico,Mensal,19.9,Sudeste,Organico,10,2022-01-01,,2024-01-04,2024-01-31,16,719.9,,0
5716,47,padrão,Mensal,34.9,Nordeste,IG,1,2023-06-22,2023-11-06,2023-10-23,2024-01-31,2,20.5,Falta de tempo,1
5122,36,premium,Anual,55.9,Sudeste,orgânico,2,2023-12-28,2024-01-20,2023-12-30,2024-01-31,3,6.2,Pouco conteúdo novo,1
3715,40,Padrão,Mensal,34.9,Sul,instagram,2,2023-08-18,2023-11-09,2023-11-03,2024-01-31,5,36.7,problema tecnico,1
3522,18,premium,Mensal,5590,Sudeste,IG,4,2022-12-29,,2024-01-08,2024-01-31,10,263,,0
4952,49,Padrao,Mensal,34.9,Nordeste,orgânico,8,2023-01-15,,2024-01-10,2024-01-31,8,210.5,,0
2707,36,básico,Anual,19.9,Nordeste,Indicacao,1,2023-10-13,2023-12-20,2023-11-11,2024-01-31,4,22.8,Pouco conteúdo novo,1
4047,39,padrão,Mensal,34.9,Sudeste,Instagram,4,2023-08-26,2024-01-08,2023-12-15,2024-01-31,1,11.7,Preço,1
4327,19,Basico,Anual,19.9,Sul,instagram,9,2022-10-25,,2024-01-27,2024-01-31,16,363.1,,0
3472,43,padrão,Mensal,34.9,Sul,indicação,4,2021-02-05,,2024-01-07,2024-01-31,17,900,,0
1916,22,Padrão,Mensal,34.9,Centro-Oeste,google,6,2023-07-08,2024-01-17,2023-12-18,2024-01-31,2,21.7,Outro,1
5642,35,premium,Mensal,55.9,Centro-Oeste,IG,6,2022-05-27,,2024-01-03,2024-01-31,16,704.9,,0
5285,38,Padrão,Anual,34.9,Sudeste,indicação,2,2020-11-22,,2024-01-20,2024-01-31,14,900,,0
1091,62,padrão,Mensal,34.9,Sudeste,Google,6,2023-07-23,,2024-01-04,2024-01-31,12,152.4,,0
2163,34,premium,Mensal,5590,Sudeste,Google,9,2022-07-21,,2024-01-04,2024-01-31,13,359.8,,0
4627,22,premium,Mensal,55.9,Norte,Instagram,5,2023-08-19,2024-01-16,2023-12-31,2024-01-31,5,36.4,PREÇO,1
1912,40,BASICO,Mensal,19.9,Sul,google,5,2023-11-27,2024-01-06,2023-11-29,2024-01-31,3,11.9,Preço,1
4177,21,Basico,Anual,19.9,Norte,Organico,8,2023-06-16,,2024-01-04,2024-01-31,11,131.7,,0
3188,39,padrão,Mensal,3490,Sul,orgânico,8,2022-06-29,,2024-01-09,2024-01-31,14,550.5,,0
2909,24,BASICO,Mensal,19.9,Norte,orgânico,2,2023-07-10,2023-12-13,2023-12-03,2024-01-31,1,13.8,Falta de tempo,1
2660,43,BASICO,Mensal,19.9,Sudeste,google,10,2023-06-25,,2024-01-30,2024-01-31,15,154.6,,0
3665,28,Premium,Mensal,55.9,Nordeste,orgânico,7,2022-11-28,,2024-01-19,2024-01-31,12,284.8,,0
5619,36,Basico,Anual,19.9,Sul,Indicacao,4,2023-08-28,2023-12-11,2023-11-19,2024-01-31,2,19.5,Falta de tempo,1
3742,26,BASICO,Mensal,19.9,Sudeste,Google,10,2022-10-16,,2024-01-17,2024-01-31,10,239.5,,0
5542,46,básico,Mensal,19.9,Nordeste,orgânico,3,2023-09-26,2023-12-27,2023-11-18,2024-01-31,2,12.4,Pouco conteúdo novo,1
1124,29,Padrão,Mensal,34.9,?,instagram,4,2023-02-01,2023-12-29,2023-12-22,2024-01-31,2,36.7,Falta de tempo,1
3379,34,Basico,Anual,19.9,Nordeste,Google,6,2022-08-31,,2024-01-06,2024-01-31,18,673.3,,0
4075,33,BASICO,Mensal,19.9,Sul,IG,7,2022-08-02,,2024-01-20,2024-01-31,17,512.3,,0
5146,29,padrão,Anual,34.9,Sudeste,google,7,2021-12-12,,2024-01-18,2024-01-31,20,900,,0
3621,31,Padrao,Anual,34.9,Sudeste,Instagram,6,2022-10-02,,2024-01-27,2024-01-31,12,341.8,,0
4280,21,básico,Mensal,19.9,Sul,Instagram,9,2022-05-10,,2024-01-18,2024-01-31,17,525.9,,0
5305,27,Premium,Mensal,55.9,?,Organico,3,2023-08-14,2023-12-07,2023-11-16,2024-01-31,6,46.6,preco,1
4175,34,premium,Mensal,55.9,Sudeste,Instagram,10,2023-01-02,,2024-01-12,2024-01-31,13,278.1,,0
2380,18,básico,Mensal,1990,?,instagram,10,2022-06-24,,2024-01-21,2024-01-31,12,493.9,,0
5180,40,padrão,Mensal,34.9,Sudeste,google,4,2023-08-21,,2024-01-25,2024-01-31,9,76.3,,0
2042,47,básico,Mensal,19.9,Sul,orgânico,5,2022-11-19,2023-08-20,2023-07-31,2024-01-31,5,131.7,Pouco conteúdo novo,1
3764,47,Padrao,Mensal,34.9,Sul,Organico,10,2023-07-27,,2024-01-24,2024-01-31,10,135.9,,0
4195,45,Padrão,Mensal,34.9,Sul,Organico,9,2023-09-12,,2024-01-25,2024-01-31,16,117,,0
3064,46,básico,Anual,19.9,Norte,google,9,2022-10-06,,2024-01-25,2024-01-31,17,550.8,,0
3250,25,BASICO,Mensal,19.9,Sudeste,google,8,2022-02-26,,2024-01-16,2024-01-31,12,406.8,,0
2055,36,padrão,Anual,34.9,Sudeste,indicação,5,2023-02-16,,2024-01-06,2024-01-31,15,250.8,,0
1339,24,Padrao,Mensal,34.9,Sudeste,Organico,4,2023-09-28,2024-01-14,2023-12-20,2024-01-31,4,24.5,PREÇO,1
4775,31,Padrao,Mensal,34.9,Centro-Oeste,google,6,2023-07-19,,2024-01-12,2024-01-31,12,144.5,,0
3144,22,Basico,Mensal,19.9,Nordeste,Google,8,2023-11-16,,2024-01-14,2024-01-31,7,20.8,,0
4549,39,Padrão,Mensal,34.9,Norte,Indicacao,5,2021-05-23,,2024-01-02,2024-01-31,14,781.9,,0
5622,42,básico,Mensal,19.9,Sudeste,indicação,7,2022-03-19,,2024-01-30,2024-01-31,16,757.3,,0
1723,35,Padrão,Mensal,34.9,Norte,Instagram,7,2022-04-03,,2024-01-14,2024-01-31,14,443.6,,0
2954,28,Basico,Mensal,1990,Sudeste,instagram,2,2022-05-30,2023-05-11,2023-04-17,2024-01-31,1,38.3,Pouco conteúdo novo,1
5503,36,premium,Mensal,55.9,Sul,instagram,4,2023-07-12,,2024-01-25,2024-01-31,11,106.8,,0
1003,34,Basico,Anual,1990,Centro-Oeste,indicação,4,2023-05-20,2023-10-16,2023-10-12,2024-01-31,6,69.7,Pouco conteúdo novo,1
1501,38,Premium,Anual,55.9,Sudeste,Indicacao,6,2022-06-29,,2024-01-20,2024-01-31,12,468.6,,0
2807,21,BASICO,Mensal,19.9,Norte,orgânico,7,2022-08-28,,2024-01-19,2024-01-31,14,480.5,,0
1310,39,Padrao,Mensal,34.9,Centro-Oeste,Google,9,2022-07-22,,2024-01-30,2024-01-31,15,575.7,,0
2227,38,BASICO,Mensal,19.9,Nordeste,Instagram,5,2022-09-25,,2024-01-25,2024-01-31,16,583.5,,0
3256,37,básico,Mensal,19.9,Nordeste,IG,4,2023-02-03,2023-11-16,2023-11-03,2024-01-31,5,139.4,Problema técnico,1
5871,72,padrão,Mensal,34.9,?,Instagram,4,2023-07-13,,2024-01-05,2024-01-31,14,201,,0
4596,37,Padrão,Mensal,34.9,Sul,orgânico,10,2023-06-01,,2024-01-08,2024-01-31,8,119.7,,0
4906,25,básico,Mensal,19.9,Nordeste,IG,1,2022-09-05,2023-06-11,2023-05-22,2024-01-31,4,99.2,Pouco conteúdo novo,1
5797,32,Basico,Mensal,19.9,Sul,Organico,3,2023-04-21,2024-01-12,2023-12-27,2024-01-31,3,55.6,Pouco conteúdo novo,1
2592,46,padrão,Anual,34.9,Sul,Indicacao,7,2022-12-29,,2024-01-14,2024-01-31,18,520.9,,0
4803,48,Basico,Anual,19.9,Centro-Oeste,Organico,4,2023-07-17,2023-12-08,2023-11-20,2024-01-31,1,11.2,Preço,1
3536,29,básico,Mensal,19.9,Nordeste,Indicacao,2,2023-06-29,2023-12-19,2023-11-19,2024-01-31,3,44.9,Outro,1
2945,28,Padrao,Anual,3490,Sudeste,IG,7,2023-05-06,,2024-01-25,2024-01-31,12,201.5,,0
2049,47,padrão,Anual,3490,Sudeste,Organico,9,2023-07-23,,2024-01-04,2024-01-31,10,94.3,,0
5020,40,Premium,Mensal,55.9,Sudeste,Organico,3,2023-06-10,2023-10-24,2023-10-12,2024-01-31,4,62.5,Concorrente,1
1347,30,premium,Mensal,55.9,Sudeste,instagram,5,2020-02-16,,2024-01-26,2024-01-31,9,757.9,,0
2996,38,premium,Mensal,55.9,?,orgânico,8,2023-05-25,,2024-01-11,2024-01-31,16,278.2,,0
1103,41,BASICO,Mensal,19.9,Sudeste,orgânico,6,2022-11-06,,2024-01-20,2024-01-31,12,424.4,,0
2279,31,Padrão,Mensal,34.9,Sudeste,Indicacao,9,2022-03-25,,2024-01-02,2024-01-31,16,729.8,,0
5819,18,Premium,Mensal,55.9,Sudeste,google,6,2022-09-24,,2024-01-31,2024-01-31,12,318.5,,0
4927,39,Basico,Mensal,19.9,Sul,google,7,2022-08-25,,2024-01-11,2024-01-31,16,461.3,,0
5956,43,básico,Mensal,19.9,Nordeste,Google,6,2023-02-14,2024-01-11,2023-12-17,2024-01-31,1,23.1,PREÇO,1
2258,34,básico,Mensal,19.9,Sudeste,Instagram,8,2023-07-27,,2024-01-29,2024-01-31,11,117.8,,0
3973,33,padrão,Mensal,34.9,Sudeste,google,10,2022-07-14,,2024-01-21,2024-01-31,14,414.7,,0
5561,24,BASICO,Anual,19.9,Sul,orgânico,6,2023-01-14,,2024-01-18,2024-01-31,16,391.1,,0
3487,36,BASICO,Mensal,19.9,Sudeste,Organico,9,2023-05-27,,2024-01-22,2024-01-31,13,185.2,,0
3153,40,premium,Mensal,55.9,Sul,indicação,9,2022-08-28,,2024-01-12,2024-01-31,13,361.9,,0
4072,46,Basico,Anual,19.9,Norte,indicação,6,2021-08-26,,2024-01-25,2024-01-31,15,900,,0
3848,33,Padrão,Anual,34.9,Sul,orgânico,7,2021-05-26,,2024-01-09,2024-01-31,13,683.4,,0
1815,46,básico,Mensal,19.9,Sul,Instagram,4,2022-12-11,,2024-01-22,2024-01-31,17,503.6,,0
1117,37,Basico,Mensal,19.9,Sudeste,Instagram,8,2023-03-01,,2024-01-26,2024-01-31,13,338.8,,0
3289,35,BASICO,Anual,19.9,Centro-Oeste,Google,7,2022-12-24,,2024-01-06,2024-01-31,12,320.3,,0
4595,40,Padrao,Mensal,34.9,Nordeste,Indicacao,9,2021-10-31,,2024-01-14,2024-01-31,13,576.1,,0
4428,47,padrão,Mensal,34.9,Nordeste,IG,3,2021-09-25,,2024-01-28,2024-01-31,10,454.6,,0
1602,31,Premium,Mensal,55.9,Nordeste,IG,10,2023-11-16,,2024-01-10,2024-01-31,13,53.6,,0
4029,44,Premium,Mensal,55.9,Sudeste,Indicacao,1,2023-10-26,2023-12-19,2023-11-14,2024-01-31,2,12.6,problema tecnico,1
1944,51,premium,Mensal,55.9,Nordeste,orgânico,10,2022-11-11,,2024-01-03,2024-01-31,11,243.5,,0
2158,26,Padrão,Mensal,34.9,Sudeste,Google,5,2022-12-14,,2024-01-10,2024-01-31,10,287.3,,0
1584,34,Basico,Mensal,19.9,Norte,instagram,2,2022-07-06,2023-12-03,2023-10-27,2024-01-31,1,38.1,Pouco conteúdo novo,1
5306,43,Premium,Mensal,55.9,Sul,IG,8,2022-05-02,,2024-01-10,2024-01-31,13,502.1,,0
3870,51,básico,Anual,19.9,Centro-Oeste,google,8,2022-07-04,2023-06-27,2023-06-12,2024-01-31,4,131.4,Concorrente,1
3504,36,básico,Anual,19.9,Nordeste,google,3,2023-03-10,2023-12-22,,2024-01-31,1,14,PREÇO,1
5588,53,Premium,Mensal,55.9,Sul,Indicacao,9,2022-01-08,,2024-01-06,2024-01-31,12,696.2,,0
2966,32,Basico,Mensal,1990,Nordeste,google,6,2023-11-11,2024-01-13,2024-01-03,2024-01-31,2,6.3,Pouco conteúdo novo,1
3317,21,premium,Mensal,55.9,Sudeste,indicação,8,2023-06-30,,2024-01-08,2024-01-31,10,150.6,,0
2198,46,Padrão,Mensal,34.9,Sudeste,orgânico,8,2023-01-25,,2024-01-22,2024-01-31,14,246.4,,0
1252,27,Padrao,Mensal,3490,Sudeste,orgânico,5,2023-03-23,,2024-01-19,2024-01-31,19,288.2,,0
5678,42,Basico,Mensal,19.9,Sudeste,Indicacao,2,2023-11-29,2024-01-22,2024-01-12,2024-01-31,4,12.8,problema tecnico,1
5270,33,padrão,Mensal,34.9,Nordeste,Google,1,2023-04-22,2023-10-02,2023-09-13,2024-01-31,3,58.9,problema tecnico,1
2500,26,Padrao,Mensal,34.9,Nordeste,Instagram,9,2022-10-08,,2024-01-02,2024-01-31,19,639,,0
1256,18,padrão,Mensal,34.9,Sudeste,Indicacao,5,2022-09-11,,2024-01-11,2024-01-31,15,513.6,,0
3543,42,BASICO,Mensal,1990,Sul,google,10,2022-12-20,,2024-01-20,2024-01-31,12,298.7,,0
3509,54,BASICO,Mensal,19.9,Sudeste,Indicacao,8,2023-09-17,,2024-01-25,2024-01-31,9,64,,0
4427,22,padrão,Mensal,34.9,Sudeste,Organico,4,2022-03-06,,2024-01-22,2024-01-31,12,598.6,,0
3471,34,Padrão,Mensal,34.9,Sul,indicação,9,2023-07-18,,2024-01-26,2024-01-31,11,128.1,,0
3399,18,Padrao,Mensal,3490,Nordeste,Organico,6,2023-03-20,,2024-01-28,2024-01-31,10,222.2,,0
4197,36,Padrao,Anual,34.9,Sudeste,orgânico,6,2022-04-15,,2024-01-25,2024-01-31,7,260.7,,0
3950,48,básico,Anual,1990,Sudeste,IG,10,2023-08-28,,2024-01-22,2024-01-31,10,97.2,,0
1551,32,Padrao,Anual,34.9,Nordeste,instagram,10,2023-03-24,,2024-01-04,2024-01-31,17,308.5,,0
3761,23,básico,Mensal,19.9,Sudeste,Organico,0,2023-03-31,2024-01-10,2023-12-18,2024-01-31,1,14.1,Preço,1
3616,31,Padrao,Anual,34.9,Sudeste,instagram,4,2023-10-13,2024-01-27,2023-12-22,2024-01-31,3,19.7,Pouco conteúdo novo,1
3037,50,básico,Anual,19.9,Sudeste,Organico,7,2021-08-11,,2024-01-19,2024-01-31,11,742.3,,0
1399,34,básico,Anual,19.9,Nordeste,Organico,8,2023-01-13,,2024-01-29,2024-01-31,20,549.7,,0
5233,30,Padrão,Mensal,34.9,Sudeste,instagram,7,2023-03-03,,2024-01-11,2024-01-31,20,319,,0
3171,38,BASICO,Mensal,1990,Centro-Oeste,indicação,5,2023-09-30,2023-12-02,2023-11-19,2024-01-31,3,24.2,problema tecnico,1
3470,30,Premium,Mensal,55.9,Nordeste,google,4,2023-04-23,2024-01-18,2023-12-21,2024-01-31,5,87.5,Problema técnico,1
3480,22,padrão,Anual,34.9,Sudeste,instagram,9,2023-07-30,,2024-01-22,2024-01-31,12,149.8,,0
5760,31,padrão,Mensal,34.9,Sul,orgânico,6,2023-08-23,2023-12-25,2023-12-01,2024-01-31,1,10.7,Pouco conteúdo novo,1
2264,57,padrão,Mensal,34.9,Sul,google,6,2023-12-24,2024-01-14,2023-12-25,2024-01-31,4,7.6,PREÇO,1
4856,19,básico,Mensal,19.9,Sul,orgânico,5,2023-06-02,,2024-01-21,2024-01-31,14,197.4,,0
2924,28,Padrão,Mensal,34.9,Norte,Indicacao,7,2023-06-09,,2024-01-14,2024-01-31,17,191,,0
5765,47,Padrão,Mensal,34.9,Sudeste,Google,5,2022-12-27,,2024-01-19,2024-01-31,20,454,,0
1296,33,BASICO,Mensal,19.9,Nordeste,IG,9,2023-07-18,,2024-01-16,2024-01-31,18,190.8,,0
5489,35,premium,Anual,55.9,Sudeste,IG,2,2023-02-04,,2024-01-08,2024-01-31,17,383.4,,0
4827,24,Basico,Mensal,19.9,Sudeste,Instagram,6,2023-01-18,,2024-01-02,2024-01-31,13,314.3,,0
4828,55,Padrao,Mensal,3490,Sudeste,indicação,4,2023-02-28,,2024-01-16,2024-01-31,10,167.4,,0
2222,27,Basico,Mensal,19.9,Sul,instagram,8,2023-06-18,,2024-01-06,2024-01-31,8,126.3,,0
4172,53,BASICO,Mensal,19.9,Sudeste,orgânico,4,2023-03-18,,2024-01-26,2024-01-31,14,246.6,,0
1856,41,premium,Anual,55.9,Nordeste,Google,9,2023-07-26,,2024-01-02,2024-01-31,13,125.9,,0
4657,18,Padrao,Mensal,34.9,Sul,instagram,2,2023-03-12,2023-12-10,2023-11-29,2024-01-31,3,59.4,Problema técnico,1
5271,53,Basico,Anual,19.9,Norte,orgânico,10,2022-09-22,,2024-01-09,2024-01-31,16,590.9,,0
2730,42,básico,Mensal,19.9,Sul,Organico,2,2023-07-24,2024-01-16,2023-12-18,2024-01-31,1,11.1,problema tecnico,1
5670,42,padrão,Mensal,34.9,?,orgânico,7,2021-04-14,,2024-01-27,2024-01-31,12,701,,0
2652,39,Padrao,Mensal,34.9,Sudeste,Google,4,2023-08-13,,2024-01-04,2024-01-31,6,63.9,,0
4462,54,Padrao,Anual,34.9,Sudeste,Instagram,6,2022-06-18,,2024-01-20,2024-01-31,12,540.1,,0
2150,27,Padrão,Mensal,34.9,Sudeste,Organico,9,2023-03-30,,2024-01-22,2024-01-31,12,184.9,,0
1837,42,BASICO,Anual,19.9,Sul,Google,2,2021-06-01,2023-09-27,2023-08-26,2024-01-31,1,66.8,Preço,1
1892,45,Padrão,Mensal,3490,Centro-Oeste,orgânico,6,2022-12-20,,2024-01-28,2024-01-31,13,343.3,,0
4300,29,padrão,Mensal,3490,Nordeste,Google,6,2023-05-04,,2024-01-23,2024-01-31,18,330.8,,0
4403,48,Basico,Mensal,19.9,Sudeste,indicação,8,2023-04-17,,2024-01-04,2024-01-31,21,349.8,,0
3577,25,padrão,Mensal,34.9,Sudeste,instagram,1,2021-10-20,2023-11-17,2023-10-26,2024-01-31,4,174.6,Pouco conteúdo novo,1
3891,23,BASICO,Mensal,19.9,Sul,Instagram,10,2023-07-04,,2024-01-04,2024-01-31,11,148.2,,0
5280,18,Padrao,Mensal,34.9,Centro-Oeste,Instagram,5,2023-02-17,2023-12-07,2023-11-25,2024-01-31,5,131.5,PREÇO,1
2654,21,Basico,Anual,19.9,Sul,Organico,9,2021-12-26,,2024-01-20,2024-01-31,23,900,,0
2544,38,Padrao,Mensal,34.9,Sudeste,Google,9,2022-09-19,,2024-01-29,2024-01-31,6,174.1,,0
2571,51,básico,Mensal,19.9,Centro-Oeste,google,9,2022-10-31,,2024-01-25,2024-01-31,15,532.4,,0
4459,31,BASICO,Mensal,19.9,Sul,Indicacao,8,2023-01-15,,2024-01-09,2024-01-31,14,323.3,,0
1540,43,básico,Mensal,19.9,Sudeste,orgânico,7,2022-07-18,,2024-01-27,2024-01-31,16,543,,0
3194,33,Padrao,Mensal,34.9,Sudeste,IG,8,2023-06-01,,2024-01-03,2024-01-31,15,251.3,,0
2336,33,básico,Anual,19.9,Sudeste,Google,8,2020-11-15,,2024-01-13,2024-01-31,15,900,,0
3172,49,padrão,Anual,34.9,Centro-Oeste,google,6,2023-07-23,2024-01-19,2024-01-06,2024-01-31,5,61.5,preco,1
1888,38,padrão,Mensal,34.9,Sul,IG,5,2022-02-23,2023-10-11,2023-09-18,2024-01-31,5,228.9,Concorrente,1
3029,18,Basico,Mensal,19.9,Sudeste,orgânico,5,2021-12-24,,2024-01-18,2024-01-31,15,701.4,,0
5010,36,Padrao,Anual,34.9,Sul,IG,5,2022-10-24,2023-11-18,2023-11-13,2024-01-31,0,0,Pouco conteúdo novo,1
1459,40,premium,Anual,5590,Sul,Instagram,8,2023-06-11,2023-11-30,2023-10-28,2024-01-31,3,38.1,Pouco conteúdo novo,1
3214,54,padrão,Mensal,34.9,Sudeste,instagram,4,2022-12-05,2023-10-16,2023-09-30,2024-01-31,5,118.9,Falta de tempo,1
3776,30,padrão,Mensal,3490,Sudeste,instagram,3,2022-07-31,,2024-01-14,2024-01-31,17,702.6,,0
1661,55,Padrão,Mensal,34.9,Nordeste,Google,3,2022-12-12,,2024-01-24,2024-01-31,12,292.4,,0
2462,34,Premium,Anual,55.9,Sudeste,Google,6,2023-04-24,,2024-01-13,2024-01-31,13,166.1,,0
3113,24,Padrao,Mensal,34.9,Sul,Indicacao,3,2023-09-06,2023-12-10,2023-12-01,2024-01-31,0,0,Pouco conteúdo novo,1
3349,37,Padrao,Mensal,3490,Sul,instagram,6,2022-07-15,,2024-01-20,2024-01-31,18,584.7,,0
4128,61,Padrao,Mensal,34.9,Norte,IG,6,2022-07-02,,2024-01-23,2024-01-31,16,534.2,,0
1700,25,premium,Mensal,55.9,Sul,Indicacao,8,2022-03-16,,2024-01-10,2024-01-31,14,489.1,,0
2348,26,padrão,Mensal,34.9,Centro-Oeste,orgânico,8,2023-07-03,2023-12-03,2023-11-24,2024-01-31,2,20.5,problema tecnico,1
2961,40,Padrão,Anual,34.9,Sudeste,Google,6,2022-08-18,,2024-01-20,2024-01-31,18,620.1,,0
3201,43,padrão,Mensal,34.9,Sul,IG,8,2023-07-13,,2024-01-22,2024-01-31,8,111.4,,0
4210,37,premium,Mensal,55.9,Nordeste,orgânico,6,2023-07-23,2023-12-07,2023-12-03,2024-01-31,5,62,PREÇO,1
4874,55,Premium,Mensal,55.9,Sul,Google,9,2023-10-22,,2024-01-16,2024-01-31,10,42.8,,0
1814,22,premium,Mensal,55.9,Sudeste,Indicacao,6,2022-07-07,2023-04-30,2023-04-03,2024-01-31,6,262.4,Preço,1
1822,50,Padrao,Anual,34.9,?,Indicacao,10,2023-08-13,,2024-01-12,2024-01-31,7,78.2,,0
3778,31,Padrão,Mensal,34.9,Sudeste,orgânico,6,2023-03-12,,2024-01-17,2024-01-31,12,261.5,,0
5372,48,BASICO,Anual,19.9,Sudeste,Indicacao,6,2023-06-15,,2024-01-22,2024-01-31,16,161.6,,0
2532,29,Premium,Mensal,55.9,Sul,orgânico,8,2023-08-11,,2024-01-04,2024-01-31,12,115.6,,0
4367,33,Padrao,Mensal,34.9,Nordeste,orgânico,9,2023-10-23,,2024-01-16,2024-01-31,9,58.3,,0
4416,44,básico,Mensal,19.9,Nordeste,orgânico,9,2023-02-08,,2024-01-22,2024-01-31,13,328.3,,0
4421,37,Basico,Mensal,1990,Sudeste,orgânico,5,2023-08-13,,2024-01-06,2024-01-31,11,123.4,,0
4156,31,Basico,Mensal,19.9,Sudeste,Organico,7,2022-09-25,,2024-01-06,2024-01-31,19,680.1,,0
4088,64,Padrão,Mensal,34.9,Sudeste,Organico,4,2020-11-07,2023-05-10,2023-04-02,2024-01-31,1,55.4,Problema técnico,1
5466,27,Padrão,Anual,34.9,Sudeste,google,6,2023-02-19,,2024-01-24,2024-01-31,13,342.9,,0
3539,45,Premium,Mensal,55.9,Sudeste,google,9,2023-03-12,,2024-01-07,2024-01-31,15,274.7,,0
2791,31,Padrão,Mensal,34.9,Centro-Oeste,instagram,7,2023-04-21,,2024-01-08,2024-01-31,18,342.2,,0
2215,49,básico,Mensal,19.9,Sudeste,indicação,7,2022-04-06,,2024-01-05,2024-01-31,15,762.9,,0
4250,60,padrão,Mensal,34.9,Sudeste,Google,6,2023-01-21,,2024-01-05,2024-01-31,15,306.5,,0
2060,33,básico,Anual,19.9,Sul,Organico,9,2022-12-17,,2024-01-19,2024-01-31,12,287.2,,0
2828,32,padrão,Mensal,3490,Sul,Instagram,10,2023-09-15,,2024-01-18,2024-01-31,12,94.4,,0
4917,34,Basico,Mensal,19.9,Sudeste,Organico,5,2022-04-26,2023-08-12,2023-07-13,2024-01-31,3,96.6,Falta de tempo,1
3467,40,básico,Mensal,19.9,Nordeste,Organico,9,2023-10-22,,2024-01-10,2024-01-31,17,118.9,,0
4266,22,premium,Anual,55.9,Nordeste,Indicacao,7,2022-09-28,,2024-01-12,2024-01-31,13,432.4,,0
5144,32,padrão,Mensal,34.9,Sul,IG,8,2022-01-06,,2024-01-31,2024-01-31,16,776.4,,0
4565,30,padrão,Mensal,3490,Sudeste,Google,6,2023-05-02,2023-10-10,2023-09-20,2024-01-31,4,57.6,preco,1
3972,36,básico,Mensal,19.9,Sudeste,Indicacao,7,2023-06-17,,2024-01-02,2024-01-31,14,188.8,,0
5094,39,Padrão,Mensal,34.9,Sul,google,8,2023-03-17,2023-12-05,2023-11-25,2024-01-31,2,33.8,PREÇO,1
1845,34,Padrao,Mensal,34.9,Sudeste,Organico,7,2023-12-16,,2024-01-29,2024-01-31,16,25.7,,0
4411,36,Padrao,Mensal,3490,Sudeste,Organico,10,2023-09-10,,2024-01-08,2024-01-31,19,163.4,,0
5651,47,básico,Mensal,19.9,Sudeste,Organico,10,2023-06-29,,2024-01-29,2024-01-31,13,163.7,,0
2141,38,Padrão,Anual,34.9,Nordeste,Instagram,4,2022-12-06,,2024-01-29,2024-01-31,13,294,,0
1179,48,Basico,Mensal,19.9,Sul,indicação,8,2021-12-04,,2024-01-23,2024-01-31,17,900,,0
1664,37,básico,Mensal,19.9,Nordeste,orgânico,7,2022-07-05,2023-06-04,2023-05-18,2024-01-31,3,126.9,Pouco conteúdo novo,1
3611,45,básico,Mensal,19.9,Sudeste,Instagram,8,2023-07-08,2024-01-18,2023-12-25,2024-01-31,4,48.4,preco,1
5133,43,Padrão,Mensal,34.9,Sudeste,Organico,5,2023-12-02,,2024-01-02,2024-01-31,9,26.6,,0
2941,34,BASICO,Anual,1990,Sudeste,Instagram,2,2023-03-27,2023-11-24,2023-11-05,2024-01-31,2,30.1,Falta de tempo,1
4283,34,Padrao,Mensal,34.9,Norte,Organico,8,2023-04-03,,2024-01-15,2024-01-31,13,199.5,,0
1235,39,Basico,Mensal,19.9,Nordeste,IG,7,2023-01-17,,2024-01-10,2024-01-31,19,475.8,,0
5817,32,padrão,Anual,34.9,Sul,instagram,8,2023-03-13,,2024-01-28,2024-01-31,11,225.5,,0
3642,56,Basico,Mensal,19.9,Sul,Indicacao,5,2022-12-14,,2024-01-08,2024-01-31,14,355.8,,0
1604,41,Basico,Anual,19.9,Sudeste,Indicacao,7,2022-08-30,,2024-01-25,2024-01-31,15,414.5,,0
1065,44,Basico,Mensal,1990,Nordeste,indicação,7,2023-02-01,,2024-01-13,2024-01-31,12,249.9,,0
3770,37,padrão,Anual,34.9,Sudeste,IG,6,2023-03-13,,2024-01-20,2024-01-31,13,254.3,,0
3129,35,premium,Mensal,55.9,Sudeste,Instagram,2,2022-06-10,,2024-01-21,2024-01-31,13,417.9,,0
3312,18,básico,Anual,19.9,Centro-Oeste,Organico,8,2020-01-29,,2024-01-03,2024-01-31,14,900,,0
2515,31,Padrao,Mensal,34.9,Nordeste,indicação,6,2023-09-23,,2024-01-26,2024-01-31,11,65.1,,0
3077,38,Basico,Mensal,19.9,Sul,Organico,4,2022-10-22,,2024-01-24,2024-01-31,10,274.7,,0
1005,49,Premium,Mensal,55.9,Nordeste,orgânico,9,2023-10-12,,2024-01-11,2024-01-31,12,54.3,,0
5852,42,básico,Mensal,1990,Norte,orgânico,3,2023-06-26,2023-12-19,2023-11-13,2024-01-31,7,88.1,Preço,1
3131,40,Padrão,Mensal,34.9,Nordeste,google,9,2023-05-31,,2024-01-29,2024-01-31,20,364.4,,0
5903,32,básico,Mensal,19.9,Sudeste,indicação,3,2022-07-06,2023-07-04,2023-06-02,2024-01-31,2,88.5,Pouco conteúdo novo,1
5419,39,Basico,Mensal,19.9,Nordeste,IG,3,2023-06-20,,2024-01-07,2024-01-31,11,133,,0
4653,44,Premium,Mensal,55.9,Nordeste,Organico,10,2023-03-05,,2024-01-13,2024-01-31,13,248.4,,0
5062,18,padrão,Mensal,34.9,Sudeste,Instagram,8,2021-12-20,,2024-01-19,2024-01-31,14,619,,0
1428,52,Premium,Anual,5590,Centro-Oeste,Instagram,7,2023-03-21,,2024-01-22,2024-01-31,11,176.3,,0
3697,30,Padrao,Mensal,34.9,Nordeste,Google,6,2022-11-03,,2024-01-07,2024-01-31,10,320.9,,0
1472,36,Premium,Mensal,55.9,Sudeste,Google,10,2023-08-07,,2024-01-09,2024-01-31,7,51.3,,0
5137,43,padrão,Mensal,34.9,Sul,orgânico,2,2023-04-14,2023-11-01,2023-10-24,2024-01-31,1,14.1,preco,1
1361,55,básico,Anual,19.9,Sul,instagram,7,2023-07-16,,2024-01-06,2024-01-31,15,136.7,,0
5130,30,Padrao,Mensal,34.9,Norte,instagram,5,2023-02-24,2024-01-08,2023-12-09,2024-01-31,3,50.6,problema tecnico,1
4247,42,premium,Mensal,5590,Nordeste,instagram,10,2021-03-22,,2024-01-11,2024-01-31,11,859.2,,0
1267,40,Padrão,Mensal,34.9,Sudeste,instagram,7,2023-02-14,,2024-01-09,2024-01-31,13,285.9,,0
1436,32,Premium,Mensal,55.9,Nordeste,indicação,9,2023-05-25,,2024-01-23,2024-01-31,8,100.3,,0
1301,46,Padrao,Anual,34.9,Centro-Oeste,Organico,7,2023-09-18,2023-12-15,2023-11-12,2024-01-31,6,52,Pouco conteúdo novo,1
2424,52,padrão,Mensal,34.9,Norte,indicação,3,2022-05-14,,2024-01-19,2024-01-31,14,452.1,,0
3556,35,Basico,Mensal,1990,Sudeste,Indicacao,2,2023-09-01,2024-01-26,2024-01-11,2024-01-31,2,21.5,preco,1
3116,21,Basico,Mensal,1990,Sudeste,indicação,4,2022-05-02,,2024-01-22,2024-01-31,11,481.1,,0
3228,51,básico,Mensal,19.9,Centro-Oeste,Indicacao,5,2023-04-16,2023-11-25,2023-10-27,2024-01-31,2,38.6,preco,1
2177,28,Basico,Anual,19.9,Sul,Instagram,6,2022-09-01,,2024-01-17,2024-01-31,25,900,,0
3802,22,BASICO,Mensal,19.9,Sudeste,indicação,6,2023-09-22,2023-12-21,2023-12-18,2024-01-31,0,0,Preço,1
1156,54,Padrão,Mensal,34.9,Nordeste,Google,7,2023-07-28,,2024-01-31,2024-01-31,10,89.6,,0
3805,31,Padrao,Mensal,34.9,Sudeste,Google,8,2023-03-24,,2024-01-12,2024-01-31,20,344.3,,0
3498,51,Padrao,Mensal,34.9,Sudeste,Instagram,10,2023-03-17,,2024-01-17,2024-01-31,15,303.9,,0
5557,43,Padrão,Mensal,34.9,Nordeste,Organico,10,2023-07-09,,2024-01-26,2024-01-31,19,267.8,,0
5539,30,básico,Mensal,19.9,Sudeste,Organico,10,2021-12-04,,2024-01-04,2024-01-31,10,549.6,,0
1410,24,BASICO,Mensal,19.9,Sudeste,Organico,10,2023-10-21,,2024-01-23,2024-01-31,8,43.3,,0
1974,26,Basico,Mensal,1990,Sudeste,google,7,2023-08-27,2023-12-30,2023-12-08,2024-01-31,4,47,Falta de tempo,1
1980,24,BASICO,Mensal,1990,Centro-Oeste,Google,6,2023-05-30,,2024-01-23,2024-01-31,19,228.5,,0
2607,66,básico,Anual,19.9,Nordeste,Google,7,2023-01-10,,2024-01-09,2024-01-31,23,500.8,,0
2982,50,padrão,Anual,34.9,Sudeste,instagram,3,2023-09-13,2023-12-02,2023-11-01,2024-01-31,2,13.7,Pouco conteúdo novo,1
3909,33,Padrao,Anual,34.9,Sul,IG,8,2022-01-20,,2024-01-03,2024-01-31,14,725.8,,0
3151,34,básico,Mensal,19.9,Sudeste,Organico,7,2023-08-13,2023-12-15,2023-11-22,2024-01-31,5,54.7,problema tecnico,1
5655,25,Premium,Mensal,55.9,Sudeste,Instagram,5,2023-06-29,2023-12-27,2023-12-20,2024-01-31,3,47.2,Concorrente,1
4544,44,básico,Mensal,19.9,Centro-Oeste,orgânico,9,2021-11-26,,2024-01-12,2024-01-31,13,739.1,,0
5711,38,Premium,Mensal,5590,Sudeste,orgânico,9,2021-11-15,,2024-01-27,2024-01-31,14,640.7,,0
1412,40,padrão,Mensal,34.9,Sul,google,6,2022-03-29,,2024-01-21,2024-01-31,8,367.3,,0
1652,47,Premium,Anual,55.9,Sudeste,Indicacao,10,2022-07-09,,2024-01-25,2024-01-31,13,500.2,,0
4345,32,Basico,Mensal,19.9,Nordeste,IG,7,2023-04-09,,2024-01-09,2024-01-31,14,296.8,,0
1340,36,premium,Mensal,55.9,Sudeste,orgânico,7,2023-02-28,,2024-01-24,2024-01-31,14,291.5,,0
2687,32,Padrao,Mensal,34.9,Sudeste,indicação,8,2022-09-20,2023-12-26,2023-12-03,2024-01-31,7,226,Pouco conteúdo novo,1
4274,25,básico,Mensal,19.9,Centro-Oeste,orgânico,7,2024-01-30,,2024-01-30,2024-01-31,16,32.9,,0
4666,37,Premium,Anual,5590,Sul,Indicacao,10,2021-09-19,,2024-01-13,2024-01-31,10,424.6,,0
1539,47,básico,Mensal,19.9,Sudeste,Instagram,7,2022-12-01,,2024-01-02,2024-01-31,17,536,,0
4684,40,BASICO,Mensal,19.9,Sudeste,IG,9,2022-08-02,,2024-01-23,2024-01-31,12,453.4,,0
1425,18,BASICO,Mensal,19.9,Nordeste,IG,3,2022-11-12,,2024-01-19,2024-01-31,9,256.4,,0
1016,31,Basico,Mensal,19.9,Sul,Google,6,2021-12-12,,2024-01-14,2024-01-31,14,690.5,,0
2193,40,básico,Mensal,1990,Sudeste,Google,3,2023-08-15,2024-01-03,2023-12-11,2024-01-31,3,30.3,Concorrente,1
1443,44,Padrao,Mensal,34.9,Sul,instagram,10,2023-09-25,,2024-01-12,2024-01-31,22,172.6,,0
3981,27,básico,Mensal,19.9,Norte,instagram,10,2021-05-12,,2024-01-23,2024-01-31,17,900,,0
5946,21,Basico,Mensal,19.9,Nordeste,IG,8,2023-06-01,,2024-01-13,2024-01-31,8,130.1,,0
2682,44,BASICO,Mensal,1990,Centro-Oeste,IG,5,2023-04-11,2023-11-11,2023-10-26,2024-01-31,4,79.1,Falta de tempo,1
1753,37,básico,Anual,19.9,Sudeste,Organico,8,2022-01-08,,2024-01-22,2024-01-31,16,645,,0
4387,30,Premium,Mensal,55.9,Sul,IG,4,2023-02-14,2024-01-10,2023-12-15,2024-01-31,2,47.1,Concorrente,1
4285,33,Padrao,Mensal,34.9,Sul,Indicacao,3,2023-02-14,,2024-01-13,2024-01-31,15,332.9,,0
4453,41,Basico,Anual,19.9,Nordeste,Organico,8,2022-08-05,,2024-01-21,2024-01-31,12,422.2,,0
3267,18,Basico,Mensal,19.9,Sul,Instagram,10,2021-01-02,,2024-01-09,2024-01-31,8,654.9,,0
4136,51,Basico,Mensal,19.9,Sudeste,Instagram,9,2023-07-21,,2024-01-21,2024-01-31,15,215.3,,0
5927,44,premium,Mensal,55.9,Centro-Oeste,Google,7,2021-10-11,,2024-01-23,2024-01-31,14,690.9,,0
5838,48,Premium,Mensal,55.9,Centro-Oeste,IG,2,2023-04-17,2024-01-13,2023-12-19,2024-01-31,1,12.8,Falta de tempo,1
3318,46,Padrao,Anual,34.9,Norte,google,9,2020-11-06,,2024-01-13,2024-01-31,10,590.9,,0
2835,27,Padrao,Anual,34.9,Sudeste,Instagram,8,2022-11-23,,2024-01-18,2024-01-31,13,384.5,,0
4861,42,padrão,Anual,34.9,Sudeste,orgânico,10,2023-03-13,,2024-01-26,2024-01-31,9,126.1,,0
4635,35,Padrão,Mensal,34.9,Sul,Google,6,2021-09-30,,2024-01-19,2024-01-31,15,658.5,,0
2672,46,Padrão,Anual,34.9,Sul,Google,3,2022-05-26,,2024-01-02,2024-01-31,8,237.7,,0
1586,47,Padrao,Mensal,34.9,Sudeste,google,7,2023-06-22,,2024-01-31,2024-01-31,14,223.9,,0
1362,43,Premium,Mensal,55.9,Centro-Oeste,Google,8,2022-12-04,,2024-01-25,2024-01-31,9,196.5,,0
5026,40,Premium,Mensal,5590,Sudeste,Instagram,6,2021-01-29,,2024-01-29,2024-01-31,18,900,,0
4483,41,padrão,Mensal,34.9,?,indicação,10,2023-04-23,,2024-01-07,2024-01-31,14,208.2,,0
5908,49,Basico,Mensal,19.9,Nordeste,Indicacao,5,2023-09-20,2024-01-09,2024-01-03,2024-01-31,4,30.4,Preço,1
4707,43,Padrão,Anual,34.9,Nordeste,Instagram,8,2023-04-27,,2024-01-25,2024-01-31,15,248,,0
3455,30,Basico,Mensal,19.9,Sudeste,google,8,2021-12-05,,2024-01-27,2024-01-31,13,765,,0
4883,40,BASICO,Mensal,19.9,Sudeste,Google,5,2023-12-19,2024-01-10,2023-12-19,2024-01-31,8,12.7,Concorrente,1
2000,51,Premium,Anual,55.9,Sudeste,Indicacao,10,2023-04-09,,2024-01-02,2024-01-31,9,141.2,,0
2320,45,BASICO,Mensal,19.9,Sudeste,indicação,9,2023-09-18,,2024-01-16,2024-01-31,12,69.6,,0
3281,42,Padrão,Mensal,34.9,Sudeste,Instagram,4,2022-09-21,2023-10-07,2023-09-22,2024-01-31,3,97.2,Preço,1
2075,18,BASICO,Mensal,19.9,Sudeste,orgânico,6,2023-01-03,,2024-01-21,2024-01-31,18,356,,0
2411,36,Padrão,Mensal,34.9,Centro-Oeste,orgânico,6,2023-08-12,,2024-01-28,2024-01-31,10,97.1,,0
1212,39,básico,Anual,19.9,Norte,instagram,10,2021-10-11,,2024-01-18,2024-01-31,25,900,,0
1131,18,padrão,Mensal,34.9,Nordeste,orgânico,5,2023-08-24,2023-11-27,2023-10-23,2024-01-31,7,61.3,Pouco conteúdo novo,1
5570,21,padrão,Mensal,34.9,Nordeste,orgânico,10,2023-01-04,,2024-01-15,2024-01-31,11,254.7,,0
2779,37,Basico,Anual,19.9,Sudeste,google,4,2022-03-30,2023-09-16,2023-08-21,2024-01-31,1,35,Preço,1
3377,22,premium,Mensal,55.9,Nordeste,Google,8,2023-04-18,,2024-01-23,2024-01-31,17,215.8,,0
4229,66,Premium,Mensal,55.9,Sul,instagram,7,2023-02-22,,2024-01-03,2024-01-31,14,232.2,,0
2785,59,Padrão,Mensal,34.9,Sudeste,orgânico,3,2023-04-26,2023-09-17,2023-09-09,2024-01-31,0,0,Outro,1
2562,22,premium,Mensal,55.9,Sudeste,Organico,8,2023-06-21,,2024-01-28,2024-01-31,6,83.2,,0
2156,46,premium,Mensal,55.9,Norte,Google,7,2020-02-03,,2024-01-13,2024-01-31,12,815.3,,0
4480,35,BASICO,Mensal,19.9,Nordeste,indicação,4,2023-10-01,2023-12-21,2023-12-12,2024-01-31,1,5.8,Problema técnico,1
1191,47,Padrao,Mensal,34.9,Nordeste,Indicacao,3,2023-09-23,2023-12-29,2023-12-26,2024-01-31,2,15,Pouco conteúdo novo,1
5029,41,Padrão,Anual,34.9,Sudeste,Google,6,2021-09-30,,2024-01-08,2024-01-31,23,900,,0
4409,46,BASICO,Mensal,19.9,Sudeste,Google,5,2022-01-03,,2024-01-30,2024-01-31,13,619,,0
1079,46,Premium,Mensal,55.9,Nordeste,Google,5,2023-11-12,2024-01-09,2024-01-06,2024-01-31,3,9.4,problema tecnico,1
5666,23,Padrão,Mensal,34.9,Norte,indicação,5,2022-12-02,2023-09-29,2023-09-08,2024-01-31,9,239.3,Falta de tempo,1
1558,30,Padrão,Anual,3490,Norte,instagram,9,2023-11-07,,2024-01-05,2024-01-31,20,59.5,,0
3620,33,BASICO,Mensal,19.9,Nordeste,instagram,10,2021-01-06,,2024-01-03,2024-01-31,21,900,,0
5513,31,Padrao,Mensal,34.9,Norte,IG,8,2021-07-19,,2024-01-17,2024-01-31,9,556.7,,0
3226,18,premium,Anual,55.9,Sudeste,Google,6,2023-04-30,,2024-01-09,2024-01-31,11,148.1,,0
2317,47,Padrão,Mensal,34.9,Sul,Indicacao,4,2023-02-26,2023-10-02,2023-09-12,2024-01-31,2,50.6,problema tecnico,1
4319,25,padrão,Mensal,34.9,Sudeste,Organico,5,2022-07-13,,2024-01-02,2024-01-31,14,509.1,,0
3520,47,Premium,Anual,55.9,Sudeste,indicação,9,2021-11-10,,2024-01-22,2024-01-31,11,442.4,,0
4478,33,básico,Mensal,19.9,Nordeste,Organico,3,2023-04-04,2023-09-13,2023-08-21,2024-01-31,2,36.7,Preço,1
5548,42,básico,Anual,19.9,Nordeste,orgânico,8,2023-09-19,2023-12-07,2023-11-24,2024-01-31,3,18.4,preco,1
2903,43,Padrão,Mensal,34.9,Nordeste,indicação,3,2023-05-20,,2024-01-11,2024-01-31,15,287.3,,0
2524,51,premium,Mensal,55.9,Sudeste,Instagram,1,2023-09-16,2023-12-17,2023-12-13,2024-01-31,3,20.8,preco,1
3957,32,premium,Mensal,55.9,Sudeste,Indicacao,4,2023-07-21,2023-11-01,2023-09-28,2024-01-31,2,19.6,Preço,1
4157,22,Basico,Mensal,19.9,Sudeste,Google,10,2022-09-14,,2024-01-05,2024-01-31,13,401,,0
3767,22,Padrao,Mensal,34.9,Nordeste,orgânico,4,2023-08-21,,2024-01-06,2024-01-31,19,155.7,,0
3351,51,BASICO,Anual,19.9,Nordeste,Instagram,6,2022-03-22,2023-12-04,2023-11-06,2024-01-31,6,192,Problema técnico,1
5377,32,Basico,Mensal,19.9,Norte,indicação,7,2023-04-09,,2024-01-15,2024-01-31,11,185,,0
5914,42,Padrão,Mensal,3490,Sudeste,Google,9,2023-08-07,,2024-01-23,2024-01-31,9,64.7,,0
5227,36,básico,Mensal,19.9,Sul,Instagram,10,2023-03-02,,2024-01-03,2024-01-31,16,333,,0
2986,39,Premium,Mensal,5590,Centro-Oeste,IG,1,2021-08-10,2022-12-10,2022-12-01,2024-01-31,2,126.9,Preço,1
5179,28,básico,Mensal,19.9,Nordeste,Organico,6,2023-09-12,,2024-01-07,2024-01-31,12,67.2,,0
1391,29,básico,Mensal,1990,Nordeste,orgânico,9,2023-06-14,,2024-01-06,2024-01-31,12,128.1,,0
1972,22,Padrão,Mensal,34.9,?,Instagram,3,2023-10-10,2024-01-16,2024-01-13,2024-01-31,2,8.8,Pouco conteúdo novo,1
1656,21,premium,Anual,55.9,Centro-Oeste,IG,7,2023-10-01,2023-12-25,2023-11-16,2024-01-31,4,33.1,Pouco conteúdo novo,1
1083,47,Padrao,Anual,34.9,Norte,orgânico,9,2021-10-26,,2024-01-03,2024-01-31,12,655.7,,0
2574,29,BASICO,Mensal,19.9,Sudeste,google,9,2022-04-16,,2024-01-17,2024-01-31,17,786.2,,0
4665,44,Basico,Anual,19.9,Sudeste,indicação,6,2022-10-22,,2024-01-22,2024-01-31,16,560.1,,0
5261,26,BASICO,Anual,19.9,Sudeste,orgânico,6,2021-12-23,,2024-01-22,2024-01-31,13,571.5,,0
1073,33,Padrao,Mensal,34.9,Nordeste,IG,7,2023-10-14,,2024-01-07,2024-01-31,19,104.3,,0
5524,22,Basico,Mensal,19.9,Sudeste,Organico,6,2023-08-10,,2024-01-27,2024-01-31,16,121.7,,0
3062,33,Basico,Mensal,19.9,Sul,indicação,6,2023-11-30,2024-01-04,2023-12-19,2024-01-31,4,12.9,Falta de tempo,1
1082,39,BASICO,Anual,1990,Sudeste,Google,5,2022-08-20,2023-09-29,2023-09-20,2024-01-31,2,55.4,Pouco conteúdo novo,1
4325,34,Premium,Mensal,55.9,Sul,Organico,8,2023-12-15,,2024-01-31,2024-01-31,13,29.4,,0
1975,44,Padrao,Anual,34.9,Centro-Oeste,google,8,2022-09-21,,2024-01-03,2024-01-31,12,312.8,,0
3200,44,Basico,Mensal,19.9,Sudeste,google,5,2021-05-19,,2024-01-24,2024-01-31,17,900,,0
4211,36,Padrao,Mensal,34.9,Sudeste,orgânico,6,2023-08-13,,2024-01-14,2024-01-31,11,78,,0
3519,43,premium,Mensal,55.9,Sul,IG,10,2023-11-01,,2024-01-23,2024-01-31,14,86.4,,0
2715,48,básico,Mensal,1990,Sul,indicação,6,2023-05-23,2023-12-31,2023-12-22,2024-01-31,1,14.7,preco,1
2510,42,padrão,Mensal,34.9,Nordeste,IG,7,2022-11-21,,2024-01-26,2024-01-31,16,389.4,,0
4512,34,padrão,Mensal,34.9,Sudeste,Organico,9,2021-05-21,,2024-01-04,2024-01-31,13,889.7,,0
1963,37,BASICO,Mensal,19.9,Centro-Oeste,orgânico,6,2022-05-06,,2024-01-20,2024-01-31,10,465.6,,0
3111,50,Premium,Anual,55.9,Sul,Instagram,10,2022-12-18,,2024-01-13,2024-01-31,15,282.9,,0
4648,54,básico,Mensal,19.9,Sudeste,instagram,4,2023-11-17,2024-01-02,2023-11-30,2024-01-31,2,9.5,Problema técnico,1
1573,20,premium,Anual,55.9,Nordeste,google,5,2023-09-18,2023-12-07,2023-11-13,2024-01-31,7,47.7,preco,1
1446,26,Padrão,Mensal,34.9,Sul,Organico,7,2022-09-28,,2024-01-28,2024-01-31,8,185.7,,0
5846,26,padrão,Mensal,34.9,Nordeste,instagram,7,2021-07-22,,2024-01-08,2024-01-31,14,725.9,,0
5043,25,Basico,Mensal,19.9,Sul,indicação,8,2023-05-23,,2024-01-08,2024-01-31,12,195.3,,0
4020,22,Premium,Mensal,55.9,Sudeste,Google,10,2022-09-26,,2024-01-02,2024-01-31,14,492.5,,0
3800,34,Basico,Mensal,19.9,Sudeste,Indicacao,8,2023-10-26,,2024-01-13,2024-01-31,13,91.1,,0
3922,38,básico,Mensal,1990,Nordeste,orgânico,8,2023-07-16,,2024-01-13,2024-01-31,4,41.6,,0
4233,49,premium,Mensal,55.9,Nordeste,Organico,7,2022-10-27,,2024-01-14,2024-01-31,9,211.3,,0
1416,39,Padrao,Mensal,3490,Sudeste,Instagram,7,2023-04-29,,2024-01-03,2024-01-31,16,245,,0
3114,65,Premium,Mensal,55.9,Sul,instagram,5,2023-04-20,2023-12-06,2023-11-08,2024-01-31,4,74.4,Falta de tempo,1
2760,25,Padrao,Anual,34.9,Sudeste,google,7,2023-06-09,2023-11-20,2023-11-09,2024-01-31,5,50.5,Pouco conteúdo novo,1
2630,20,Premium,Mensal,55.9,Sudeste,Organico,6,2023-08-25,,2024-01-26,2024-01-31,16,142.3,,0
1890,41,Padrão,Mensal,34.9,Sudeste,Instagram,8,2020-12-25,,2024-01-21,2024-01-31,10,681.8,,0
5509,30,básico,Mensal,19.9,Norte,Google,5,2022-11-13,2023-10-22,2023-10-19,2024-01-31,6,122.3,preco,1
2512,40,Padrão,Mensal,34.9,Norte,Organico,7,2023-07-22,,2024-01-03,2024-01-31,13,162.4,,0
5159,40,padrão,Mensal,34.9,Sul,orgânico,6,2023-06-04,2023-11-20,2023-10-14,2024-01-31,2,28.6,Pouco conteúdo novo,1
1282,35,padrão,Mensal,34.9,Centro-Oeste,google,4,2022-04-28,2023-08-14,2023-07-13,2024-01-31,1,47.1,Falta de tempo,1
4944,36,Padrao,Anual,34.9,Norte,orgânico,10,2023-07-03,,2024-01-03,2024-01-31,20,311.6,,0
1543,42,BASICO,Anual,19.9,Nordeste,Organico,5,2022-12-26,,2024-01-09,2024-01-31,9,209.8,,0
3061,39,Basico,Anual,19.9,Sudeste,Instagram,6,2023-01-31,2023-09-15,2023-08-24,2024-01-31,1,20.1,PREÇO,1
3560,47,Basico,Mensal,19.9,Nordeste,orgânico,2,2023-01-18,2023-12-17,2023-11-09,2024-01-31,6,122.3,preco,1
4152,21,padrão,Mensal,34.9,Sul,Instagram,6,2022-11-06,,2024-01-24,2024-01-31,9,236,,0
4981,39,Basico,Mensal,19.9,Sudeste,Indicacao,5,2022-09-27,,2024-01-25,2024-01-31,9,276.7,,0
4996,62,Basico,Mensal,19.9,Sudeste,Instagram,4,2023-01-01,2023-10-20,2023-10-16,2024-01-31,5,109.8,Falta de tempo,1
4870,34,padrão,Anual,34.9,Sudeste,Organico,6,2023-04-28,2023-12-15,,2024-01-31,1,16.1,Preço,1
2517,32,Basico,Mensal,1990,Sudeste,Organico,1,2023-09-15,2023-11-26,2023-11-02,2024-01-31,3,28.6,Pouco conteúdo novo,1
3648,42,Premium,Mensal,55.9,Sul,Indicacao,5,2023-04-19,2023-09-16,2023-09-04,2024-01-31,6,117.5,Falta de tempo,1
1223,25,Padrao,Mensal,3490,Sul,orgânico,7,2021-06-13,,2024-01-19,2024-01-31,20,900,,0
4034,47,básico,Anual,1990,Sudeste,orgânico,8,2023-01-20,,2024-01-14,2024-01-31,12,295.8,,0
4170,30,Premium,Anual,55.9,Centro-Oeste,Instagram,7,2023-04-10,,2024-01-04,2024-01-31,18,254,,0
3094,41,Padrao,Mensal,34.9,Centro-Oeste,indicação,7,2023-03-12,,2024-01-10,2024-01-31,15,237.1,,0
2885,43,BASICO,Mensal,19.9,Nordeste,instagram,6,2022-08-15,,2024-01-21,2024-01-31,10,370.7,,0
2942,34,BASICO,Mensal,19.9,Sudeste,google,9,2022-10-24,,2024-01-14,2024-01-31,27,900,,0
1440,32,premium,Mensal,55.9,Norte,Instagram,4,2022-03-02,,2024-01-06,2024-01-31,11,524.4,,0
4670,29,Padrao,Mensal,34.9,Sudeste,Organico,8,2022-03-02,,2024-01-21,2024-01-31,11,520.3,,0
4184,42,Padrão,Mensal,3490,Sul,IG,7,2020-03-09,,2024-01-27,2024-01-31,10,900,,0
3057,27,Padrao,Anual,34.9,Sul,orgânico,5,2023-09-09,2023-11-27,2023-10-24,2024-01-31,2,16.6,Outro,1
5000,39,BASICO,Mensal,1990,Sudeste,Organico,5,2023-06-27,2024-01-01,2023-12-14,2024-01-31,4,59.6,Problema técnico,1
3132,35,padrão,Mensal,34.9,?,indicação,8,2023-05-02,,2024-01-12,2024-01-31,15,316.5,,0
4732,35,Padrao,Mensal,34.9,Norte,Organico,7,2022-09-18,,2024-01-30,2024-01-31,20,704.7,,0
2780,23,BASICO,Anual,19.9,Centro-Oeste,Google,9,2023-04-06,,2024-01-27,2024-01-31,15,286.8,,0
5321,31,Basico,Mensal,19.9,Centro-Oeste,orgânico,2,2023-04-19,2023-12-18,2023-12-13,2024-01-31,3,47.3,PREÇO,1
5428,29,padrão,Mensal,34.9,Sudeste,IG,10,2021-07-04,,2024-01-04,2024-01-31,12,634.9,,0
3959,53,Padrao,Mensal,34.9,Nordeste,google,6,2023-11-09,2023-12-25,2023-11-18,2024-01-31,3,13.4,Falta de tempo,1
5694,45,Premium,Mensal,55.9,Sul,indicação,7,2023-08-22,,2024-01-18,2024-01-31,22,155.6,,0
5199,26,padrão,Mensal,34.9,Nordeste,Instagram,4,2023-06-19,2024-01-08,2024-01-05,2024-01-31,0,0,preco,1
4647,54,premium,Anual,5590,Sudeste,Indicacao,9,2023-07-14,,2024-01-21,2024-01-31,18,224.7,,0
3186,33,Padrao,Mensal,34.9,Nordeste,IG,7,2023-07-23,,2024-01-13,2024-01-31,13,177.3,,0
1763,55,premium,Mensal,55.9,Sudeste,orgânico,6,2023-10-03,2024-01-23,2024-01-15,2024-01-31,4,33.5,problema tecnico,1
1335,18,padrão,Mensal,34.9,Nordeste,Organico,10,2023-07-29,,2024-01-15,2024-01-31,17,233.1,,0
3672,39,padrão,Mensal,34.9,Nordeste,Google,10,2021-07-28,,2024-01-09,2024-01-31,4,232.6,,0
4826,33,básico,Anual,19.9,Sudeste,IG,8,2023-05-26,,2024-01-24,2024-01-31,11,209.9,,0
4406,31,BASICO,Mensal,19.9,Sudeste,orgânico,5,2023-06-01,2023-10-01,2023-08-30,2024-01-31,1,13.5,problema tecnico,1
1592,46,premium,Mensal,55.9,Sudeste,instagram,9,2023-05-14,,2024-01-11,2024-01-31,7,107.9,,0
2800,41,premium,Mensal,55.9,Sul,Instagram,6,2022-10-02,,2024-01-20,2024-01-31,18,637.7,,0
3651,21,Padrão,Mensal,34.9,Sul,Instagram,10,2022-07-21,,2024-01-13,2024-01-31,14,501.4,,0
5434,43,Premium,Mensal,55.9,Sul,google,8,2023-04-25,,2024-01-09,2024-01-31,8,101.6,,0
5861,39,BASICO,Mensal,19.9,Norte,Instagram,0,2023-10-22,2023-12-28,2023-12-15,2024-01-31,4,24.8,Falta de tempo,1
1369,55,premium,Anual,55.9,Sudeste,Instagram,4,2023-09-19,2023-12-20,2023-12-03,2024-01-31,3,28.1,Falta de tempo,1
4857,43,básico,Mensal,19.9,Sudeste,indicação,10,2023-07-04,,2024-01-31,2024-01-31,19,236.2,,0
4851,59,padrão,Mensal,34.9,Sudeste,Google,5,2023-08-23,,2024-01-07,2024-01-31,14,167.7,,0
4112,31,Basico,Mensal,19.9,Sul,indicação,7,2022-04-10,,2024-01-13,2024-01-31,17,845.7,,0
2639,44,básico,Mensal,19.9,Sudeste,IG,6,2022-02-24,,,2024-01-31,10,514.3,,0
1859,39,Basico,Anual,19.9,Centro-Oeste,Indicacao,5,2023-06-08,,2024-01-29,2024-01-31,15,199.8,,0
5224,18,Basico,Mensal,19.9,Centro-Oeste,indicação,5,2023-09-13,2024-01-19,2023-12-23,2024-01-31,2,18.3,preco,1
2502,35,Basico,Mensal,19.9,Sudeste,IG,2,2023-05-13,2023-11-13,2023-10-31,2024-01-31,1,16,Falta de tempo,1
2671,42,Basico,Mensal,19.9,Sudeste,IG,5,2022-07-15,,2024-01-28,2024-01-31,12,448.5,,0
2175,45,Basico,Mensal,19.9,Sudeste,instagram,6,2023-09-06,2024-01-18,2023-12-21,2024-01-31,3,22.7,Falta de tempo,1
2648,29,premium,Anual,55.9,Sul,indicação,9,2024-01-19,,,2024-01-31,13,26.2,,0
4602,18,Padrão,Mensal,34.9,Sudeste,Indicacao,8,2020-05-09,,2024-01-31,2024-01-31,11,900,,0
4916,43,básico,Anual,19.9,Centro-Oeste,indicação,8,2023-11-25,,2024-01-22,2024-01-31,9,35.1,,0
5521,58,Basico,Anual,19.9,Centro-Oeste,IG,5,2022-12-25,,2024-01-24,2024-01-31,23,449.9,,0
5996,37,Basico,Mensal,19.9,Centro-Oeste,Indicacao,8,2023-01-13,,2024-01-31,2024-01-31,16,429.6,,0
4447,59,premium,Anual,55.9,Sudeste,Indicacao,0,2023-11-05,2024-01-27,2024-01-23,2024-01-31,3,14.1,Problema técnico,1
5348,50,BASICO,Mensal,19.9,Sul,google,9,2023-05-24,,2024-01-15,2024-01-31,12,172.5,,0
3766,47,premium,Mensal,5590,Centro-Oeste,orgânico,8,2023-03-03,,2024-01-20,2024-01-31,17,436.5,,0
5529,32,básico,Anual,19.9,Sul,Google,3,2022-11-04,2023-08-31,2023-07-30,2024-01-31,4,135.6,PREÇO,1
1319,36,Padrao,Mensal,34.9,Nordeste,orgânico,3,2022-10-26,2023-12-19,2023-11-11,2024-01-31,2,64.1,PREÇO,1
3563,42,Padrão,Mensal,34.9,Sudeste,Indicacao,6,2023-08-03,,2024-01-15,2024-01-31,12,128.3,,0
5613,-2,Padrão,Anual,34.9,Centro-Oeste,Organico,10,2023-04-12,,2024-01-07,2024-01-31,15,316.3,,0
3636,57,premium,Mensal,55.9,Sudeste,Indicacao,7,2022-05-25,,,2024-01-31,16,658.8,,0
4309,29,Padrao,Mensal,34.9,Sudeste,google,1,2023-06-01,2023-10-21,2023-10-05,2024-01-31,4,50.5,problema tecnico,1
5057,22,BASICO,Mensal,19.9,Sudeste,instagram,8,2022-07-06,,2024-01-12,2024-01-31,14,443.6,,0
1135,54,BASICO,Anual,19.9,Nordeste,IG,9,2022-10-20,,2024-01-23,2024-01-31,15,318.9,,0
5217,44,básico,Mensal,19.9,Norte,google,7,2022-06-13,,2024-01-16,2024-01-31,13,529.5,,0
2650,31,básico,Mensal,19.9,Sul,Indicacao,10,2023-07-30,,2024-01-07,2024-01-31,8,99,,0
4393,53,Basico,Mensal,19.9,Sul,Google,7,2023-04-06,,2024-01-03,2024-01-31,11,202.9,,0
5134,23,Padrao,Anual,34.9,Nordeste,orgânico,10,2022-08-01,,2024-01-25,2024-01-31,15,457.9,,0
1355,18,Premium,Anual,55.9,Sudeste,Organico,5,2023-06-24,2023-11-01,2023-09-23,2024-01-31,2,28.5,Falta de tempo,1
4062,29,Premium,Anual,55.9,Sudeste,Google,3,2023-09-18,2024-01-02,2023-12-13,2024-01-31,2,13.9,Preço,1
2076,18,Padrão,Anual,34.9,Sudeste,orgânico,9,2023-07-26,,2024-01-31,2024-01-31,13,175.5,,0
5275,35,padrão,Mensal,34.9,Nordeste,indicação,7,2022-08-18,,2024-01-20,2024-01-31,7,264.6,,0
5924,36,BASICO,Mensal,19.9,Sudeste,Indicacao,9,2022-09-07,,2024-01-24,2024-01-31,9,263.3,,0
3109,25,básico,Mensal,19.9,?,Instagram,4,2023-03-06,2024-01-03,2023-11-30,2024-01-31,4,101.4,PREÇO,1
4347,36,Basico,Mensal,19.9,?,instagram,6,2023-07-10,,2024-01-23,2024-01-31,15,205.5,,0
4933,32,básico,Mensal,19.9,Norte,Google,3,2023-03-23,2023-09-30,2023-08-25,2024-01-31,2,45.5,Pouco conteúdo novo,1
4180,33,padrão,Mensal,34.9,Centro-Oeste,google,8,2023-07-27,,2024-01-03,2024-01-31,17,201.2,,0
3940,30,Basico,Mensal,19.9,Sul,IG,8,2021-10-13,,2024-01-04,2024-01-31,16,890,,0
5836,18,Padrão,Mensal,34.9,Sudeste,orgânico,6,2022-07-21,,2024-01-14,2024-01-31,16,544.2,,0
2897,26,Basico,Mensal,19.9,Norte,indicação,0,2023-01-25,2023-11-11,2023-10-24,2024-01-31,5,95,Problema técnico,1
5629,47,BASICO,Anual,19.9,Centro-Oeste,orgânico,10,2023-03-30,,2024-01-27,2024-01-31,17,325,,0
3829,43,premium,Mensal,55.9,Nordeste,Organico,8,2023-08-29,2023-11-26,2023-11-17,2024-01-31,3,27,Falta de tempo,1
5014,29,Padrao,Mensal,34.9,Norte,instagram,10,2022-12-23,,2024-01-19,2024-01-31,18,509.7,,0
4686,30,Padrao,Mensal,34.9,Sul,Indicacao,7,2023-01-26,,2024-01-31,2024-01-31,22,523.8,,0
3933,23,Padrão,Mensal,34.9,Nordeste,IG,4,2023-10-13,2024-01-10,2023-12-22,2024-01-31,2,11.1,Pouco conteúdo novo,1
1329,28,BASICO,Anual,19.9,Sul,google,8,2023-04-26,,2024-01-23,2024-01-31,23,384.1,,0
1823,33,padrão,Mensal,3490,?,Google,5,2023-03-30,2023-09-07,2023-08-20,2024-01-31,2,40.6,Problema técnico,1
5339,38,Premium,Mensal,55.9,Nordeste,Organico,10,2021-11-03,,2024-01-29,2024-01-31,12,770.2,,0
1064,41,Padrão,Mensal,34.9,Centro-Oeste,Organico,7,2021-05-05,,2024-01-26,2024-01-31,14,851,,0
1772,36,Padrao,Mensal,34.9,Nordeste,Indicacao,7,2023-03-12,,2024-01-28,2024-01-31,16,358.6,,0
3997,51,Padrao,Anual,34.9,Nordeste,google,6,2021-10-01,,2024-01-14,2024-01-31,13,820.8,,0
1365,18,básico,Mensal,19.9,Sul,indicação,5,2023-03-22,,2024-01-08,2024-01-31,13,295.9,,0
4809,39,Basico,Mensal,19.9,Norte,indicação,6,2023-10-19,2024-01-20,2024-01-09,2024-01-31,3,20.7,Outro,1
2107,37,Padrao,Mensal,34.9,Sul,instagram,4,2022-01-24,2023-02-21,2023-02-15,2024-01-31,6,281.6,problema tecnico,1
1619,33,BASICO,Mensal,1990,Sudeste,Instagram,0,2022-10-22,2023-08-29,2023-08-11,2024-01-31,2,44.2,preco,1
4958,50,Premium,Mensal,55.9,Norte,indicação,8,2023-08-12,,2024-01-03,2024-01-31,18,205.7,,0
4215,53,Premium,Mensal,55.9,Nordeste,google,9,2023-05-26,,2024-01-15,2024-01-31,11,148.3,,0
4569,23,premium,Mensal,55.9,Sudeste,Instagram,7,2023-11-22,,2024-01-31,2024-01-31,12,35.1,,0
3295,18,BASICO,Mensal,19.9,Sudeste,Instagram,8,2022-04-06,,2024-01-19,2024-01-31,17,843.5,,0
1669,42,Padrão,Mensal,34.9,Centro-Oeste,Organico,2,2023-04-30,2023-10-29,2023-09-28,2024-01-31,4,75.2,Problema técnico,1
3820,29,Padrao,Mensal,34.9,Sudeste,indicação,6,2023-04-12,,2024-01-18,2024-01-31,11,187.3,,0
3016,44,Basico,Anual,19.9,Sul,Organico,2,2023-01-14,,2024-01-19,2024-01-31,16,354.8,,0
2955,54,básico,Mensal,19.9,Sudeste,google,7,2021-10-29,,2024-01-29,2024-01-31,11,707,,0
4149,33,básico,Mensal,19.9,Sul,orgânico,6,2023-12-28,2024-01-20,2024-01-08,2024-01-31,2,4.8,PREÇO,1
3483,18,padrão,Mensal,34.9,Centro-Oeste,google,10,2023-12-07,,2024-01-06,2024-01-31,18,40.1,,0
1400,60,básico,Mensal,19.9,Norte,Indicacao,5,2023-04-11,,2024-01-04,2024-01-31,13,218.2,,0
4219,24,Basico,Mensal,19.9,Sul,orgânico,4,2023-11-10,,2024-01-31,2024-01-31,7,28.8,,0
1613,33,Padrão,Anual,34.9,Centro-Oeste,Indicacao,3,2023-05-12,,2024-01-25,2024-01-31,17,292.1,,0
4272,32,BASICO,Anual,19.9,Centro-Oeste,Google,4,2023-06-17,2023-12-01,2023-11-22,2024-01-31,2,22.5,Concorrente,1
4804,36,BASICO,Anual,19.9,Sudeste,Organico,7,2023-02-23,2023-10-25,2023-10-02,2024-01-31,1,17,Pouco conteúdo novo,1
4260,31,básico,Anual,19.9,Nordeste,Organico,4,2022-08-12,,2024-01-20,2024-01-31,13,346,,0
4169,23,básico,Mensal,1990,Sudeste,Organico,5,2023-07-09,,2024-01-24,2024-01-31,15,211.6,,0
2817,21,premium,Anual,55.9,?,indicação,4,2023-01-30,2023-08-05,2023-07-12,2024-01-31,4,73.6,Preço,1
1504,51,BASICO,Mensal,19.9,Sudeste,Organico,3,2023-01-16,2023-10-30,2023-10-07,2024-01-31,1,26.4,preco,1
1227,27,Basico,Anual,19.9,Centro-Oeste,orgânico,7,2023-04-25,,2024-01-10,2024-01-31,11,184.7,,0
2755,29,Padrao,Mensal,3490,Nordeste,Organico,6,2022-08-25,,2024-01-17,2024-01-31,18,526.6,,0
1245,40,padrão,Anual,34.9,Nordeste,IG,2,2022-02-15,2023-09-24,2023-08-29,2024-01-31,3,162.4,PREÇO,1
2635,53,Premium,Anual,55.9,Sudeste,orgânico,5,2022-06-27,,2024-01-25,2024-01-31,15,572.4,,0
3688,34,padrão,Mensal,34.9,Sul,instagram,9,2023-06-22,,2024-01-23,2024-01-31,17,253.1,,0
3002,53,padrão,Mensal,34.9,Nordeste,instagram,4,2023-04-26,2024-01-21,2023-12-28,2024-01-31,5,64.1,Problema técnico,1
1374,28,Padrao,Mensal,34.9,Sudeste,IG,5,2023-04-12,,2024-01-12,2024-01-31,13,241.1,,0
1119,45,básico,Mensal,1990,Sudeste,Indicacao,8,2023-07-01,,2024-01-17,2024-01-31,14,156.6,,0
1040,47,Padrão,Anual,34.9,Sul,IG,7,2021-09-29,,2024-01-19,2024-01-31,11,637.5,,0
3680,34,Premium,Mensal,55.9,Nordeste,IG,5,2023-10-31,2024-01-23,2024-01-07,2024-01-31,5,31.5,Pouco conteúdo novo,1
1663,45,Padrão,Anual,34.9,Nordeste,Instagram,6,2023-02-12,2023-12-22,2023-12-17,2024-01-31,6,146.4,Pouco conteúdo novo,1
3730,45,Padrão,Mensal,34.9,Sudeste,IG,8,2021-07-08,,2024-01-17,2024-01-31,11,604.7,,0
1646,57,básico,Mensal,19.9,Nordeste,indicação,10,2023-03-18,,2024-01-28,2024-01-31,14,301,,0
3578,31,Padrão,Mensal,34.9,Sudeste,indicação,4,2022-10-17,2023-08-01,2023-07-22,2024-01-31,2,57.7,Pouco conteúdo novo,1
2435,31,Premium,Mensal,55.9,Sudeste,Indicacao,8,2022-11-11,,2024-01-05,2024-01-31,15,451.4,,0
3661,32,Basico,Anual,19.9,?,Indicacao,6,2023-08-08,,2024-01-26,2024-01-31,19,142.1,,0
3804,38,Premium,Anual,55.9,Norte,orgânico,5,2022-05-08,,2024-01-12,2024-01-31,13,416.7,,0
3065,20,Padrão,Mensal,34.9,Sul,orgânico,5,2023-03-11,,2024-01-29,2024-01-31,15,318.4,,0
1755,59,BASICO,Mensal,19.9,Sudeste,orgânico,6,2022-07-21,2024-01-06,2023-12-07,2024-01-31,2,50.8,preco,1
1554,45,Premium,Anual,55.9,Sudeste,google,8,2022-11-10,,2024-01-21,2024-01-31,19,441.6,,0
3342,37,básico,Anual,19.9,Nordeste,instagram,5,2023-08-17,,2024-01-30,2024-01-31,18,152.8,,0
4621,27,Basico,Mensal,19.9,Nordeste,Indicacao,7,2021-05-29,,2024-01-14,2024-01-31,15,676.5,,0
4948,41,Basico,Mensal,19.9,Sudeste,google,10,2023-10-03,,2024-01-27,2024-01-31,9,54,,0
5401,31,Premium,Mensal,55.9,Sudeste,Organico,10,2023-01-04,,2024-01-18,2024-01-31,10,213.7,,0
4527,36,Basico,Anual,1990,Norte,instagram,7,2022-01-01,,2024-01-15,2024-01-31,10,543.9,,0
1802,32,Premium,Mensal,55.9,Sudeste,Google,6,2023-08-01,,2024-01-08,2024-01-31,13,155.6,,0
2387,28,Padrao,Anual,34.9,Sudeste,Google,3,2023-03-15,2023-12-05,2023-10-27,2024-01-31,0,0,Pouco conteúdo novo,1
3554,28,Padrão,Mensal,34.9,Nordeste,indicação,6,2022-04-18,,2024-01-12,2024-01-31,13,424.8,,0
3741,31,premium,Mensal,55.9,Nordeste,Indicacao,7,2023-07-21,,2024-01-10,2024-01-31,21,270.3,,0
3036,20,Premium,Mensal,55.9,Sudeste,instagram,8,2023-03-12,,2024-01-05,2024-01-31,12,182.7,,0
5816,29,Basico,Mensal,19.9,Sul,IG,4,2022-09-16,2023-09-03,2023-08-01,2024-01-31,1,29.3,PREÇO,1
5467,28,BASICO,Anual,1990,Sudeste,Indicacao,7,2022-11-02,,2024-01-08,2024-01-31,15,415.7,,0
2818,45,Padrão,Mensal,34.9,Nordeste,Indicacao,7,2022-12-17,2023-07-24,2023-06-28,2024-01-31,3,88.5,preco,1
1378,37,Basico,Anual,19.9,Sul,Organico,6,2023-04-28,,2024-01-08,2024-01-31,8,142.2,,0
1793,35,básico,Mensal,19.9,?,google,10,2023-06-26,,2024-01-05,2024-01-31,27,350.7,,0
1605,45,BASICO,Mensal,19.9,Norte,indicação,7,2021-04-13,,2024-01-11,2024-01-31,22,900,,0
2958,27,BASICO,Mensal,19.9,Nordeste,indicação,7,2023-04-21,2023-11-25,2023-10-23,2024-01-31,4,79.8,Pouco conteúdo novo,1
2514,46,Premium,Mensal,5590,Norte,instagram,9,2022-07-27,,2024-01-04,2024-01-31,8,240.2,,0
1289,21,Padrão,Mensal,34.9,Nordeste,instagram,2,2022-05-28,,2024-01-12,2024-01-31,11,324.5,,0
2271,31,Basico,Mensal,19.9,Sudeste,indicação,8,2022-06-26,,2024-01-15,2024-01-31,12,395.4,,0
3614,25,Basico,Mensal,19.9,Nordeste,Indicacao,1,2023-03-14,2023-09-20,2023-09-13,2024-01-31,3,70,Falta de tempo,1
4750,36,padrão,Mensal,34.9,Sul,Organico,5,2022-06-22,2023-07-21,2023-06-12,2024-01-31,4,162.2,Pouco conteúdo novo,1
5674,18,padrão,Mensal,34.9,Sudeste,orgânico,8,2022-06-07,2023-07-18,2023-06-18,2024-01-31,3,136.5,Preço,1
4178,24,BASICO,Mensal,19.9,?,orgânico,6,2023-09-23,2024-01-07,2023-12-21,2024-01-31,3,20,preco,1
5696,40,básico,Mensal,19.9,Centro-Oeste,Organico,4,2022-11-21,2023-07-22,2023-07-05,2024-01-31,4,96.6,Preço,1
1297,40,padrão,Anual,34.9,Centro-Oeste,google,10,2021-07-18,,2024-01-27,2024-01-31,13,762.3,,0
2917,49,BASICO,Mensal,19.9,?,indicação,6,2023-10-09,,2024-01-13,2024-01-31,12,65.5,,0
4702,40,Basico,Mensal,19.9,Sudeste,Organico,10,2021-12-21,,2024-01-02,2024-01-31,15,779.4,,0
2319,45,básico,Mensal,19.9,?,Organico,10,2023-04-26,,2024-01-17,2024-01-31,15,239.7,,0
4892,42,premium,Anual,55.9,Sudeste,Organico,8,2022-12-19,,2024-01-27,2024-01-31,18,523.8,,0
4429,35,BASICO,Anual,1990,Sul,instagram,1,2023-05-27,2023-11-08,2023-10-17,2024-01-31,2,31.9,Pouco conteúdo novo,1
1703,34,Padrão,Mensal,34.9,Sudeste,Organico,6,2022-03-27,,2024-01-28,2024-01-31,13,526.7,,0
2634,34,padrão,Anual,34.9,Sudeste,orgânico,9,2021-06-12,,2024-01-02,2024-01-31,18,862.4,,0
3845,18,Padrão,Mensal,3490,Sudeste,Indicacao,7,2022-11-16,,2024-01-14,2024-01-31,10,211.6,,0
4819,26,padrão,Mensal,34.9,Sudeste,Indicacao,7,2023-04-19,,2024-01-14,2024-01-31,28,368,,0
2549,33,Basico,Mensal,19.9,Sudeste,Google,7,2023-09-06,,2024-01-17,2024-01-31,15,123.7,,0
3677,41,BASICO,Anual,19.9,Nordeste,orgânico,6,2022-07-09,,2024-01-26,2024-01-31,18,712.6,,0
4709,18,padrão,Anual,34.9,Nordeste,google,9,2022-10-19,,2024-01-30,2024-01-31,15,359.4,,0
1482,33,Premium,Mensal,55.9,Sul,instagram,9,2023-05-11,,2024-01-03,2024-01-31,25,289.7,,0
5740,41,Premium,Mensal,55.9,Norte,IG,10,2022-03-30,,2024-01-27,2024-01-31,12,485.3,,0
5050,41,básico,Mensal,1990,Nordeste,instagram,10,2022-02-03,,2024-01-27,2024-01-31,18,864.9,,0
1278,37,Padrão,Mensal,34.9,Nordeste,Organico,5,2022-06-08,,2024-01-25,2024-01-31,11,374,,0
5715,36,Basico,Mensal,1990,Norte,IG,4,2022-07-07,2023-11-11,2023-11-07,2024-01-31,4,119.1,problema tecnico,1
5279,18,BASICO,Mensal,1990,Sudeste,Organico,4,2022-12-21,2023-10-13,2023-09-09,2024-01-31,3,83.1,preco,1
2007,43,Premium,Mensal,55.9,Sudeste,Google,6,2022-04-28,,2024-01-18,2024-01-31,12,520.4,,0
3602,18,BASICO,Mensal,19.9,Sudeste,instagram,4,2023-06-01,2023-10-24,2023-09-16,2024-01-31,4,46.6,Concorrente,1
3669,23,Padrão,Mensal,34.9,Sudeste,orgânico,6,2022-03-02,,2024-01-07,2024-01-31,11,563.6,,0
1910,52,Padrao,Mensal,34.9,Centro-Oeste,IG,8,2021-08-23,,2024-01-11,2024-01-31,19,900,,0
4308,30,BASICO,Mensal,19.9,Sul,indicação,6,2023-05-16,2024-01-04,2023-12-08,2024-01-31,5,65.4,PREÇO,1
3685,36,Premium,Mensal,55.9,Sudeste,Indicacao,8,2022-11-13,,2024-01-17,2024-01-31,10,219.7,,0
5297,21,básico,Mensal,19.9,Sul,Instagram,1,2022-10-28,2023-06-24,2023-05-18,2024-01-31,4,141.5,Pouco conteúdo novo,1
3049,44,BASICO,Mensal,19.9,Nordeste,Indicacao,6,2023-04-04,2023-11-22,2023-11-10,2024-01-31,3,47.3,Problema técnico,1
4609,40,BASICO,Mensal,19.9,Sul,indicação,5,2023-07-29,2024-01-01,2023-12-26,2024-01-31,1,9.6,Pouco conteúdo novo,1
2255,41,Premium,Mensal,55.9,Sudeste,Organico,7,2021-02-02,,2024-01-17,2024-01-31,8,665.4,,0
5458,34,Basico,Mensal,19.9,Nordeste,IG,3,2023-03-20,,2024-01-27,2024-01-31,18,367.2,,0
4461,46,padrão,Anual,34.9,Sudeste,google,7,2023-12-17,,2024-01-25,2024-01-31,11,18.9,,0
1224,27,premium,Mensal,55.9,Centro-Oeste,Instagram,10,2022-09-25,,2024-01-09,2024-01-31,16,484.3,,0
2367,44,Basico,Mensal,19.9,Sudeste,instagram,7,2022-05-07,,2024-01-21,2024-01-31,15,713,,0
5414,45,básico,Mensal,19.9,Nordeste,Indicacao,5,2022-12-16,2023-11-10,2023-10-22,2024-01-31,3,75.4,Falta de tempo,1
5969,18,padrão,Mensal,3490,Sudeste,Instagram,7,2021-12-16,2023-09-18,2023-09-15,2024-01-31,2,105.9,PREÇO,1
4262,46,BASICO,Mensal,19.9,Norte,indicação,4,2023-03-11,2024-01-12,2023-12-26,2024-01-31,3,52.2,Preço,1
2853,35,Padrão,Mensal,34.9,Nordeste,Organico,10,2023-02-22,,2024-01-21,2024-01-31,12,259.9,,0
2283,39,BASICO,Mensal,19.9,Sudeste,Organico,8,2023-10-13,,2024-01-19,2024-01-31,17,112.9,,0
2930,18,BASICO,Mensal,19.9,Nordeste,indicação,7,2023-01-15,,2024-01-16,2024-01-31,13,344.4,,0
4217,65,padrão,Mensal,34.9,Nordeste,instagram,10,2021-11-07,,2024-01-03,2024-01-31,14,650.1,,0
3544,20,Padrao,Anual,34.9,Norte,IG,9,2023-08-15,,2024-01-21,2024-01-31,14,163.7,,0
1081,27,básico,Anual,19.9,Nordeste,Instagram,10,2022-12-26,,2024-01-30,2024-01-31,13,257.4,,0
3604,43,premium,Anual,55.9,Nordeste,Instagram,7,2022-01-03,,2024-01-06,2024-01-31,14,575.8,,0
2028,42,Premium,Anual,55.9,Sudeste,Organico,6,2020-07-17,,2024-01-15,2024-01-31,16,900,,0
4790,27,Basico,Anual,1990,Nordeste,Indicacao,9,2022-08-22,,2024-01-28,2024-01-31,18,679.3,,0
2673,40,BASICO,Mensal,19.9,Sudeste,Organico,7,2023-08-07,2023-12-20,2023-12-12,2024-01-31,4,46.8,preco,1
5316,41,padrão,Anual,34.9,?,Indicacao,9,2023-08-23,,2024-01-07,2024-01-31,6,51.3,,0
5183,36,Padrão,Mensal,34.9,Nordeste,Organico,3,2023-02-11,2023-09-02,2023-08-25,2024-01-31,1,16.3,problema tecnico,1
1106,28,Padrao,Mensal,34.9,Sudeste,orgânico,9,2022-05-23,,2024-01-26,2024-01-31,11,504.9,,0
4960,41,Padrão,Mensal,34.9,Centro-Oeste,IG,8,2022-10-03,,2024-01-30,2024-01-31,9,220.2,,0
5582,40,Basico,Mensal,19.9,Sudeste,google,9,2022-01-05,,2024-01-11,2024-01-31,18,739.3,,0
4553,36,BASICO,Mensal,1990,Nordeste,orgânico,6,2023-02-11,2023-10-29,2023-09-26,2024-01-31,5,109.5,Concorrente,1
3473,52,padrão,Anual,34.9,Nordeste,instagram,10,2023-03-21,,2024-01-24,2024-01-31,9,179.3,,0
4120,22,Basico,Mensal,1990,Sudeste,orgânico,7,2022-10-22,,2024-01-23,2024-01-31,14,452.6,,0
3249,32,padrão,Anual,34.9,Sudeste,google,8,2021-12-07,,2024-01-23,2024-01-31,13,505.5,,0
1359,29,padrão,Mensal,34.9,Sudeste,indicação,7,2022-04-27,,2024-01-24,2024-01-31,8,331.3,,0
3443,43,padrão,Mensal,3490,Sul,IG,3,2022-12-21,2023-08-11,2023-07-13,2024-01-31,3,89.4,Pouco conteúdo novo,1
1169,35,Basico,Anual,19.9,Centro-Oeste,instagram,10,2022-07-03,,2024-01-20,2024-01-31,13,567.1,,0
5047,26,Padrao,Mensal,34.9,Centro-Oeste,Organico,3,2022-11-14,2023-10-09,2023-09-30,2024-01-31,3,70.9,Pouco conteúdo novo,1
2926,36,Padrao,Anual,34.9,Sul,Google,7,2023-07-15,,2024-01-28,2024-01-31,11,119.2,,0
2223,33,Padrao,Mensal,34.9,Sul,indicação,5,2023-09-02,,2024-01-26,2024-01-31,17,175.4,,0
4821,45,Padrao,Anual,34.9,Sul,instagram,10,2023-06-30,,2024-01-31,2024-01-31,10,165.8,,0
5367,32,Basico,Mensal,19.9,Sudeste,indicação,6,2022-08-20,,2024-01-06,2024-01-31,19,495.7,,0
3265,35,Padrao,Mensal,34.9,Centro-Oeste,IG,6,2023-06-03,2023-10-24,2023-09-26,2024-01-31,3,50.7,Pouco conteúdo novo,1
2859,21,Padrao,Mensal,34.9,Sudeste,orgânico,7,2023-02-01,,2024-01-16,2024-01-31,10,254.3,,0
2192,23,Premium,Mensal,55.9,Sul,orgânico,7,2023-01-06,,2024-01-25,2024-01-31,16,442.6,,0
4907,41,Padrao,Anual,34.9,Nordeste,google,8,2024-01-01,,2024-01-11,2024-01-31,14,32.3,,0
3511,33,básico,Mensal,19.9,Sudeste,instagram,2,2023-06-19,2023-12-09,2023-12-02,2024-01-31,2,27.8,Pouco conteúdo novo,1
4103,31,Padrão,Mensal,34.9,Sudeste,orgânico,6,2023-08-11,2023-12-11,2023-11-18,2024-01-31,3,22.9,Concorrente,1
5301,43,Padrao,Mensal,34.9,Nordeste,Instagram,2,2023-07-03,2024-01-08,2023-12-06,2024-01-31,2,25.7,Problema técnico,1
1866,40,Padrao,Mensal,34.9,Sudeste,Organico,7,2022-12-22,,2024-01-23,2024-01-31,17,471.6,,0
4633,50,Basico,Mensal,19.9,Sudeste,indicação,7,2023-11-17,2023-12-31,2023-12-21,2024-01-31,4,16.8,Concorrente,1
3919,52,Basico,Anual,1990,Sudeste,Organico,7,2021-05-10,,2024-01-31,2024-01-31,13,900,,0
1341,25,BASICO,Anual,19.9,Sudeste,Instagram,9,2023-12-10,,2024-01-26,2024-01-31,15,32.7,,0
2143,46,Basico,Anual,19.9,Norte,instagram,9,2023-01-21,,2024-01-30,2024-01-31,11,303.9,,0
5708,24,básico,Mensal,19.9,Sul,orgânico,10,2023-07-27,,2024-01-03,2024-01-31,13,183.8,,0
3243,38,BASICO,Mensal,19.9,Sudeste,indicação,10,2023-06-24,,2024-01-15,2024-01-31,13,202.3,,0
4650,18,BASICO,Mensal,19.9,Centro-Oeste,google,10,2023-04-03,,2024-01-03,2024-01-31,13,239.5,,0
1290,45,Basico,Mensal,19.9,Nordeste,indicação,7,2023-09-24,,2024-01-22,2024-01-31,14,126.9,,0
5107,18,Basico,Mensal,19.9,Sul,Google,10,2023-06-18,,2024-01-10,2024-01-31,12,131.3,,0
5099,37,padrão,Mensal,34.9,Nordeste,Organico,8,2022-08-22,,2024-01-06,2024-01-31,13,434.2,,0
4761,22,Premium,Anual,55.9,Sudeste,Organico,9,2022-02-13,,,2024-01-31,20,858.9,,0
4070,40,BASICO,Mensal,19.9,Sudeste,Indicacao,6,2023-10-31,,2024-01-06,2024-01-31,14,82.3,,0
3076,37,Padrao,Mensal,34.9,Sudeste,IG,7,2020-03-01,,2024-01-04,2024-01-31,19,900,,0
4510,18,BASICO,Mensal,19.9,Sudeste,IG,4,2023-07-15,2023-12-03,2023-11-21,2024-01-31,5,62.9,Problema técnico,1
4986,32,Padrao,Mensal,34.9,Sul,IG,9,2023-10-16,,2024-01-05,2024-01-31,16,71.5,,0
1600,42,BASICO,Mensal,19.9,?,IG,3,2023-04-03,2023-11-18,2023-10-20,2024-01-31,1,18.3,Pouco conteúdo novo,1
4644,28,Padrão,Mensal,34.9,Sul,IG,3,2023-05-30,2023-12-04,2023-11-13,2024-01-31,0,0,Outro,1
3622,50,BASICO,Anual,19.9,Sudeste,instagram,4,2023-05-17,2024-01-22,2024-01-18,2024-01-31,4,75.7,Falta de tempo,1
2331,50,Premium,Anual,5590,Centro-Oeste,instagram,4,2022-10-18,,2024-01-12,2024-01-31,12,341.6,,0
1393,18,Basico,Mensal,1990,Centro-Oeste,IG,10,2023-04-02,,2024-01-26,2024-01-31,17,387,,0
4725,34,Padrão,Mensal,34.9,Sudeste,Indicacao,6,2023-06-13,2023-11-05,2023-10-27,2024-01-31,1,10.5,Preço,1
1765,49,Basico,Mensal,19.9,Nordeste,orgânico,5,2023-09-28,,2024-01-21,2024-01-31,17,98.7,,0
3679,42,premium,Mensal,5590,Sul,IG,10,2023-03-25,,2024-01-27,2024-01-31,17,342.4,,0
5491,59,premium,Mensal,55.9,Sul,Organico,9,2023-07-15,,2024-01-27,2024-01-31,16,185.3,,0
1688,18,básico,Mensal,19.9,Nordeste,Instagram,2,2023-01-16,,2024-01-04,2024-01-31,17,482.7,,0
3956,43,BASICO,Mensal,19.9,Sudeste,Instagram,3,2022-09-25,,2024-01-16,2024-01-31,9,322.6,,0
3157,21,BASICO,Mensal,19.9,Sul,orgânico,2,2023-05-19,2024-01-14,2023-12-06,2024-01-31,3,56.7,Falta de tempo,1
2402,44,BASICO,Mensal,1990,Norte,Instagram,5,2022-12-30,2023-11-11,2023-11-06,2024-01-31,5,151,PREÇO,1
3916,36,padrão,Mensal,34.9,Sudeste,Google,5,2019-03-16,,2024-01-10,2024-01-31,14,900,,0
3160,24,Premium,Anual,55.9,Centro-Oeste,indicação,5,2022-10-21,,2024-01-09,2024-01-31,13,324.9,,0
4261,44,padrão,Mensal,34.9,Sudeste,Organico,7,2023-07-01,2023-10-29,2023-10-18,2024-01-31,1,14.8,Preço,1
4281,24,Padrao,Mensal,34.9,Sudeste,Organico,9,2023-06-12,,2024-01-03,2024-01-31,15,228.8,,0
1204,31,Basico,Mensal,19.9,Nordeste,Organico,10,2023-07-10,,2024-01-26,2024-01-31,14,183.2,,0
3348,37,Padrao,Mensal,34.9,Sudeste,Instagram,5,2020-08-07,,2024-01-25,2024-01-31,7,676.6,,0
3720,34,Padrão,Mensal,34.9,Nordeste,Indicacao,7,2022-10-26,,2024-01-15,2024-01-31,10,273.3,,0
5961,37,Premium,Mensal,55.9,Sudeste,Indicacao,9,2022-09-21,,2024-01-15,2024-01-31,11,330.9,,0
5286,34,Padrão,Anual,34.9,Sudeste,Indicacao,4,2023-11-06,,2024-01-31,2024-01-31,15,56.8,,0
1699,28,Basico,Mensal,19.9,Nordeste,instagram,8,2022-11-19,,2024-01-19,2024-01-31,12,240.7,,0
4536,64,premium,Mensal,55.9,Sul,Instagram,8,2023-04-23,,2024-01-28,2024-01-31,12,166.3,,0
1886,32,premium,Mensal,55.9,Sul,IG,5,2023-03-04,,2024-01-03,2024-01-31,11,208.9,,0
2873,38,Padrão,Mensal,34.9,Sudeste,indicação,1,2023-06-17,2024-01-09,2023-12-16,2024-01-31,5,66.4,Preço,1
2722,41,BASICO,Anual,19.9,Sudeste,orgânico,5,2023-03-20,,2024-01-04,2024-01-31,12,220.2,,0
2479,58,Basico,Anual,19.9,Sudeste,IG,10,2023-04-27,,2024-01-17,2024-01-31,14,213.9,,0
3555,23,Padrao,Mensal,34.9,Sudeste,orgânico,6,2023-01-06,2023-10-29,2023-10-08,2024-01-31,1,26.4,Concorrente,1
5154,25,premium,Mensal,5590,Centro-Oeste,Organico,6,2022-10-29,,2024-01-18,2024-01-31,12,297,,0
2951,59,BASICO,Anual,19.9,Sudeste,Organico,4,2021-09-30,2022-12-04,2022-10-30,2024-01-31,3,155.9,Problema técnico,1
2337,64,Basico,Mensal,1990,Nordeste,Organico,8,2023-05-10,,2024-01-19,2024-01-31,22,281.5,,0
5722,36,Basico,Mensal,1990,Nordeste,IG,6,2023-08-23,2023-12-15,2023-11-16,2024-01-31,4,47.8,preco,1
2611,33,Premium,Mensal,55.9,Sul,google,8,2023-06-26,,2024-01-03,2024-01-31,14,223.7,,0
2480,37,básico,Mensal,19.9,?,google,6,2023-10-21,2024-01-06,2023-12-09,2024-01-31,2,9.1,Pouco conteúdo novo,1
5936,40,Padrão,Anual,34.9,Nordeste,indicação,9,2023-10-30,,2024-01-22,2024-01-31,13,67.9,,0
4590,22,Padrao,Mensal,34.9,Sudeste,Google,10,2022-12-27,,2024-01-16,2024-01-31,14,309.1,,0
4786,18,BASICO,Anual,19.9,Nordeste,orgânico,10,2023-05-02,,2024-01-18,2024-01-31,20,360.1,,0
1012,19,Premium,Mensal,55.9,Sudeste,orgânico,5,2023-01-09,,2024-01-08,2024-01-31,14,388.7,,0
3579,50,Basico,Mensal,19.9,Norte,google,8,2023-07-04,,2024-01-13,2024-01-31,19,284.4,,0
4749,37,Basico,Mensal,19.9,Centro-Oeste,orgânico,6,2023-07-28,,2024-01-23,2024-01-31,13,161.1,,0
2904,24,padrão,Mensal,34.9,Sudeste,google,6,2023-12-10,,2024-01-08,2024-01-31,10,20,,0
5457,22,Premium,Mensal,55.9,Sul,orgânico,4,2023-04-06,2023-09-19,2023-08-18,2024-01-31,2,42.6,Preço,1
3176,37,premium,Mensal,55.9,Sudeste,instagram,6,2023-09-22,,2024-01-22,2024-01-31,12,77.9,,0
2552,32,BASICO,Mensal,19.9,Nordeste,Organico,7,2023-02-09,,2024-01-13,2024-01-31,7,152.4,,0
3864,34,básico,Mensal,19.9,Sul,Indicacao,6,2022-03-21,,2024-01-03,2024-01-31,13,427.4,,0
5085,36,básico,Mensal,1990,Sudeste,orgânico,4,2023-03-25,2023-09-18,2023-08-19,2024-01-31,3,68.5,problema tecnico,1
1851,57,Basico,Anual,1990,Sul,Google,2,2022-09-21,,2024-01-25,2024-01-31,6,135.6,,0
1792,36,premium,Mensal,55.9,Sudeste,IG,3,2023-10-20,2024-01-19,2024-01-12,2024-01-31,4,21.6,Pouco conteúdo novo,1
2183,25,premium,Mensal,55.9,Sudeste,Indicacao,8,2023-08-02,,2024-01-21,2024-01-31,20,188.1,,0
4090,55,Padrão,Mensal,34.9,?,instagram,7,2023-11-17,,2024-01-29,2024-01-31,11,42.7,,0
2388,58,padrão,Mensal,34.9,Centro-Oeste,Indicacao,8,2023-03-19,,2024-01-19,2024-01-31,9,133.2,,0
1906,50,Basico,Anual,19.9,Sudeste,Instagram,5,2023-07-14,,2024-01-11,2024-01-31,15,173.8,,0
4374,39,básico,Mensal,19.9,Centro-Oeste,Organico,9,2022-12-19,,2024-01-06,2024-01-31,13,304.2,,0
1568,36,Padrão,Anual,34.9,Sudeste,google,10,2022-11-07,,2024-01-11,2024-01-31,7,208.4,,0
4784,29,Basico,Anual,19.9,Sudeste,IG,6,2023-07-23,,2024-01-29,2024-01-31,16,145.8,,0
4785,43,Basico,Mensal,19.9,Sul,instagram,6,2023-02-02,2023-09-21,2023-08-14,2024-01-31,6,120.3,Falta de tempo,1
3490,36,básico,Mensal,19.9,Nordeste,Google,8,2023-01-14,,2024-01-29,2024-01-31,18,380.3,,0
4242,48,Padrao,Mensal,34.9,Norte,Indicacao,10,2023-08-01,,2024-01-21,2024-01-31,19,197.8,,0
3785,46,Basico,Mensal,19.9,Centro-Oeste,IG,9,2020-12-12,,2024-01-18,2024-01-31,13,850.7,,0
5193,41,premium,Mensal,55.9,Sudeste,Indicacao,5,2022-08-28,,2024-01-06,2024-01-31,14,475,,0
5825,39,Padrão,Mensal,34.9,?,Organico,3,2023-06-26,2023-10-23,2023-09-22,2024-01-31,5,71.9,Concorrente,1
3269,39,Basico,Anual,19.9,Centro-Oeste,IG,6,2023-03-18,,2024-01-19,2024-01-31,13,184.7,,0
2893,31,Premium,Mensal,55.9,Sudeste,orgânico,4,2021-12-23,,2024-01-15,2024-01-31,16,792.4,,0
4134,24,Basico,Mensal,1990,Sudeste,Instagram,7,2023-02-18,2023-09-05,2023-08-19,2024-01-31,3,66.8,Pouco conteúdo novo,1
4811,45,premium,Anual,55.9,Nordeste,Google,6,2023-06-03,2024-01-19,2023-12-30,2024-01-31,1,13.4,preco,1
5398,18,Padrao,Mensal,34.9,Sudeste,indicação,3,2023-02-16,2024-01-18,2024-01-14,2024-01-31,2,42.8,Problema técnico,1
1488,31,Padrao,Mensal,34.9,Sul,Indicacao,5,2023-04-15,,2024-01-02,2024-01-31,11,148.6,,0
1257,32,Premium,Anual,55.9,Sudeste,indicação,5,2023-06-10,,2024-01-03,2024-01-31,14,182.7,,0
1744,31,padrão,Mensal,34.9,Sudeste,Organico,6,2023-09-27,2023-12-04,2023-11-18,2024-01-31,1,5.7,Preço,1
1432,25,padrão,Mensal,34.9,Sudeste,IG,8,2023-02-02,,2024-01-03,2024-01-31,12,259.9,,0
1687,27,BASICO,Mensal,19.9,Sudeste,google,5,2023-08-23,,2024-01-26,2024-01-31,12,88.4,,0
4733,44,Premium,Anual,5590,Nordeste,Google,6,2021-07-05,,2024-01-04,2024-01-31,10,705.7,,0
4366,56,padrão,Anual,34.9,Sudeste,Indicacao,7,2023-08-15,,2024-01-18,2024-01-31,12,98.9,,0
3197,36,premium,Mensal,55.9,Sul,orgânico,6,2023-01-01,,2024-01-20,2024-01-31,14,311.9,,0
4501,47,Basico,Mensal,19.9,Centro-Oeste,Indicacao,1,2023-06-23,2023-11-19,2023-10-20,2024-01-31,2,26.3,Concorrente,1
3756,18,premium,Mensal,55.9,Sul,Indicacao,5,2023-02-23,,2024-01-17,2024-01-31,11,219,,0
5751,34,Padrao,Mensal,34.9,Sudeste,instagram,10,2023-04-20,,2024-01-28,2024-01-31,10,186.8,,0
5245,34,Premium,Mensal,55.9,Sul,indicação,8,2022-11-30,,2024-01-06,2024-01-31,15,384.9,,0
3346,30,básico,Mensal,19.9,Nordeste,Organico,7,2023-04-15,2024-01-15,2023-12-14,2024-01-31,2,38.4,Pouco conteúdo novo,1
2774,38,premium,Mensal,55.9,Sudeste,google,10,2023-08-18,,2024-01-16,2024-01-31,10,73.7,,0
4867,48,Basico,Mensal,19.9,Norte,Organico,8,2023-03-20,,2024-01-12,2024-01-31,16,361.8,,0
5863,18,padrão,Mensal,34.9,Nordeste,Indicacao,6,2022-10-02,2023-07-16,2023-07-07,2024-01-31,5,178.1,Pouco conteúdo novo,1
2397,51,premium,Mensal,55.9,Nordeste,indicação,7,2022-10-01,,2024-01-24,2024-01-31,10,296.6,,0
3145,18,básico,Mensal,19.9,Sudeste,IG,10,2023-03-25,,2024-01-20,2024-01-31,14,328,,0
3518,31,Padrão,Mensal,34.9,Nordeste,Organico,3,2022-09-07,2023-12-16,2023-12-11,2024-01-31,2,64.2,Outro,1
3146,40,básico,Mensal,19.9,Sudeste,orgânico,9,2023-06-25,,2024-01-09,2024-01-31,14,215.8,,0
1507,18,Padrao,Mensal,34.9,Norte,Organico,7,2022-01-26,,2024-01-23,2024-01-31,16,628.3,,0
1764,32,padrão,Mensal,34.9,Norte,Indicacao,7,2023-01-19,,2024-01-04,2024-01-31,14,257.9,,0
4265,30,Padrão,Mensal,34.9,Sudeste,Instagram,8,2022-10-02,,2024-01-10,2024-01-31,13,392.3,,0
4311,52,BASICO,Mensal,19.9,Sul,Instagram,3,2023-02-25,2023-08-21,2023-08-03,2024-01-31,3,46.5,Pouco conteúdo novo,1
2770,20,Basico,Mensal,19.9,Sudeste,Organico,3,2023-08-21,2024-01-04,2023-12-06,2024-01-31,2,19.2,Preço,1
5610,27,Basico,Mensal,19.9,Nordeste,orgânico,9,2022-07-26,,,2024-01-31,14,544.3,,0
3734,18,Padrão,Anual,34.9,?,Google,6,2023-04-06,,2024-01-03,2024-01-31,11,249.9,,0
1578,38,premium,Mensal,5590,Centro-Oeste,Google,5,2023-03-22,2024-01-16,2023-12-20,2024-01-31,2,42.7,Pouco conteúdo novo,1
2609,18,Padrao,Mensal,34.9,Sudeste,IG,7,2022-09-18,,2024-01-25,2024-01-31,15,409.1,,0
4587,43,Basico,Mensal,19.9,Sul,Indicacao,6,2021-06-07,2022-12-17,2022-11-26,2024-01-31,1,65.7,Pouco conteúdo novo,1
3079,32,premium,Mensal,55.9,Nordeste,Instagram,6,2021-07-24,,2024-01-04,2024-01-31,17,900,,0
5972,30,Padrão,Mensal,34.9,Nordeste,orgânico,8,2022-05-03,,2024-01-05,2024-01-31,12,544,,0
4350,42,básico,Mensal,19.9,Sul,orgânico,8,2022-09-30,,2024-01-16,2024-01-31,12,334.8,,0
4466,31,premium,Mensal,55.9,Sudeste,google,10,2023-08-07,,2024-01-29,2024-01-31,10,118.4,,0
2798,46,Padrão,Mensal,34.9,?,indicação,10,2022-10-19,,2024-01-10,2024-01-31,12,394.6,,0
5602,30,Padrão,Mensal,34.9,?,Google,6,2023-03-16,,2024-01-24,2024-01-31,14,231.1,,0
5713,24,Premium,Mensal,55.9,Sudeste,indicação,5,2023-02-12,,2024-01-07,2024-01-31,22,370.3,,0
2288,34,padrão,Mensal,34.9,Sudeste,google,6,2023-10-25,,2024-01-10,2024-01-31,13,87,,0
1239,47,Padrão,Anual,34.9,Sudeste,Organico,4,2023-07-25,,2024-01-28,2024-01-31,16,146.3,,0
5135,37,Padrao,Mensal,34.9,Sudeste,Organico,4,2022-03-06,,2024-01-18,2024-01-31,8,350.4,,0
2745,36,Padrão,Mensal,3490,?,IG,1,2023-03-02,2024-01-20,2023-12-21,2024-01-31,2,39,preco,1
5990,29,Padrao,Mensal,34.9,Sudeste,Instagram,8,2022-12-14,,2024-01-23,2024-01-31,18,482.9,,0
2599,18,padrão,Mensal,34.9,Nordeste,Instagram,8,2023-10-25,,2024-01-04,2024-01-31,16,110,,0
4900,18,Premium,Mensal,55.9,Nordeste,indicação,6,2022-03-29,,2024-01-19,2024-01-31,19,798.5,,0
3527,43,padrão,Anual,34.9,Sul,Indicacao,4,2022-10-21,2023-10-15,2023-10-12,2024-01-31,0,0,PREÇO,1
4105,36,Basico,Mensal,19.9,Sul,Indicacao,6,2023-08-14,2024-01-23,,2024-01-31,5,59.4,Pouco conteúdo novo,1
2778,35,Basico,Mensal,19.9,Sudeste,instagram,5,2022-03-20,2023-12-27,2023-12-02,2024-01-31,2,70.2,Pouco conteúdo novo,1
3572,36,Premium,Mensal,55.9,Centro-Oeste,indicação,10,2021-08-08,,2024-01-04,2024-01-31,13,711.6,,0
1903,25,básico,Mensal,19.9,Nordeste,Instagram,10,2022-11-02,,2024-01-13,2024-01-31,14,401.2,,0
2448,18,BASICO,Mensal,19.9,Sudeste,orgânico,7,2023-10-10,,2024-01-27,2024-01-31,18,104.4,,0
2869,51,Padrão,Mensal,34.9,Sul,orgânico,6,2021-04-24,,2024-01-14,2024-01-31,11,689.5,,0
2559,45,padrão,Mensal,34.9,Nordeste,Instagram,9,2022-09-23,,2024-01-24,2024-01-31,16,600.6,,0
1555,32,padrão,Anual,34.9,Sudeste,Google,6,2023-11-13,2024-01-13,2023-12-10,2024-01-31,6,27.6,Concorrente,1
2311,42,Basico,Anual,19.9,Centro-Oeste,Google,5,2023-05-27,,2024-01-30,2024-01-31,13,149.3,,0
1200,48,padrão,Mensal,34.9,Sul,Organico,9,2023-05-01,,2024-01-31,2024-01-31,17,334.1,,0
1803,41,Basico,Mensal,19.9,Sudeste,indicação,2,2022-12-16,2024-01-15,2023-12-16,2024-01-31,2,37.5,Pouco conteúdo novo,1
3826,32,básico,Mensal,19.9,Sul,Organico,6,2019-11-04,,2024-01-29,2024-01-31,10,818.3,,0
5515,39,premium,Mensal,55.9,Sul,orgânico,4,2023-06-05,2023-11-05,2023-10-18,2024-01-31,3,55.9,problema tecnico,1
3540,29,básico,Anual,1990,Sudeste,instagram,8,2023-05-18,,2024-01-21,2024-01-31,14,262.9,,0
3748,43,BASICO,Anual,19.9,?,Indicacao,7,2023-01-11,2023-10-25,2023-10-11,2024-01-31,2,41.5,problema tecnico,1
3526,56,Basico,Anual,19.9,Nordeste,Organico,6,2022-08-18,,2024-01-14,2024-01-31,9,313.3,,0
1343,45,premium,Mensal,55.9,Centro-Oeste,Instagram,8,2022-12-23,,2024-01-23,2024-01-31,15,381.4,,0
2330,51,BASICO,Mensal,19.9,Nordeste,google,5,2022-08-20,,2024-01-12,2024-01-31,18,733.5,,0
4236,34,Padrao,Mensal,34.9,Sudeste,indicação,6,2023-10-27,2023-12-28,2023-12-15,2024-01-31,2,12.7,Pouco conteúdo novo,1
4220,18,Premium,Anual,55.9,Sudeste,Instagram,9,2022-12-18,,2024-01-09,2024-01-31,11,230,,0
3915,44,Padrao,Mensal,3490,Nordeste,orgânico,6,2023-06-05,,2024-01-06,2024-01-31,13,243.1,,0
5392,23,padrão,Mensal,34.9,Centro-Oeste,Organico,10,2023-09-27,,2024-01-21,2024-01-31,15,116.1,,0
5907,55,BASICO,Mensal,19.9,Centro-Oeste,instagram,8,2023-04-27,,2024-01-28,2024-01-31,15,208.3,,0
4264,48,Basico,Mensal,1990,Centro-Oeste,Google,8,2023-09-19,,2024-01-05,2024-01-31,9,57.4,,0
5523,35,Padrão,Mensal,34.9,Sudeste,Indicacao,2,2023-08-21,2023-12-10,2023-11-20,2024-01-31,3,26.2,preco,1
2940,39,Padrão,Mensal,34.9,Sudeste,orgânico,9,2023-11-20,,2024-01-12,2024-01-31,18,86.1,,0
5618,31,padrão,Anual,34.9,Sudeste,Google,8,2022-10-11,,2024-01-05,2024-01-31,12,344.3,,0
2576,39,BASICO,Anual,19.9,Sudeste,orgânico,7,2021-01-01,,2024-01-08,2024-01-31,11,815.1,,0
3405,50,Padrao,Mensal,3490,Nordeste,instagram,5,2022-12-10,,2024-01-18,2024-01-31,9,174.6,,0
3191,46,premium,Mensal,55.9,Nordeste,orgânico,6,2023-08-20,2024-01-04,2023-12-26,2024-01-31,6,57.6,Pouco conteúdo novo,1
1289,21,padrão,Mensal,3490,Nordeste,Instagram,2,2022-05-28,,2024-01-12,2024-01-31,11,324.5,,0
5089,45,Basico,Mensal,19.9,Sudeste,IG,5,2023-12-09,2024-01-12,2023-12-12,2024-01-31,2,4.1,Falta de tempo,1
4904,37,premium,Mensal,55.9,Norte,orgânico,7,2023-12-13,,2024-01-15,2024-01-31,18,34.8,,0
2540,24,Padrao,Anual,34.9,?,IG,6,2023-08-29,2024-01-22,2024-01-04,2024-01-31,3,24.6,Outro,1
2085,61,Premium,Mensal,55.9,Norte,Indicacao,10,2023-02-11,,2024-01-02,2024-01-31,9,153.8,,0
3469,48,Padrao,Mensal,3490,Sudeste,indicação,7,2023-09-15,,2024-01-18,2024-01-31,14,85.2,,0
2550,63,Basico,Mensal,19.9,Sudeste,Instagram,10,2023-05-29,,2024-01-21,2024-01-31,13,180.6,,0
5488,42,Padrao,Mensal,3490,Sudeste,orgânico,6,2023-04-05,,2024-01-10,2024-01-31,12,283.6,,0
2122,37,Padrão,Mensal,34.9,Sudeste,google,4,2023-03-12,2023-08-27,2023-08-16,2024-01-31,3,56,Pouco conteúdo novo,1
5744,30,Padrão,Mensal,34.9,Sudeste,orgânico,9,2022-11-26,,2024-01-15,2024-01-31,10,226.3,,0
5185,41,BASICO,Anual,19.9,Sudeste,Indicacao,7,2023-07-15,2023-11-04,2023-10-26,2024-01-31,0,0,problema tecnico,1
2804,45,padrão,Mensal,34.9,Centro-Oeste,Instagram,6,2023-07-20,2023-11-30,2023-11-21,2024-01-31,4,40.4,Outro,1
2040,33,Padrao,Mensal,3490,Sul,google,9,2022-11-21,,2024-01-07,2024-01-31,13,282.1,,0
1011,54,Padrao,Mensal,34.9,Sul,instagram,6,2023-08-13,,2024-01-04,2024-01-31,21,200.4,,0
4886,42,premium,Mensal,55.9,Sul,indicação,2,2023-09-23,2023-12-13,2023-11-25,2024-01-31,5,28.5,Preço,1
4597,18,Basico,Mensal,19.9,Sudeste,instagram,4,2023-01-04,2023-08-02,2023-07-14,2024-01-31,3,80.5,Outro,1
4555,21,BASICO,Mensal,19.9,Nordeste,Organico,5,2023-05-30,2023-11-24,2023-11-04,2024-01-31,2,28.5,Falta de tempo,1
5625,40,básico,Anual,19.9,Sudeste,indicação,7,2023-09-26,2023-12-15,2023-11-12,2024-01-31,4,37.3,Problema técnico,1
3280,46,Premium,Mensal,55.9,Norte,IG,8,2023-09-14,,2024-01-04,2024-01-31,11,67.1,,0
3728,41,Padrao,Anual,3490,Sudeste,Instagram,10,2022-12-21,,2024-01-21,2024-01-31,17,524.1,,0
4231,44,Padrão,Anual,3490,Sudeste,Instagram,6,2022-08-17,2023-12-30,2023-11-28,2024-01-31,1,39.4,PREÇO,1
1145,32,Padrao,Anual,34.9,Sudeste,Instagram,10,2023-10-07,,,2024-01-31,11,50.9,,0
1311,63,Basico,Anual,1990,Nordeste,indicação,10,2022-11-18,,2024-01-26,2024-01-31,20,529.2,,0
2043,36,Premium,Mensal,55.9,Sudeste,IG,5,2023-09-20,,2024-01-07,2024-01-31,16,97.9,,0
2450,20,BASICO,Mensal,19.9,Nordeste,Google,6,2023-09-11,,2024-01-13,2024-01-31,11,73.1,,0
1487,28,BASICO,Mensal,19.9,?,Organico,9,2023-09-03,,2024-01-11,2024-01-31,9,95.4,,0
2535,38,Basico,Mensal,19.9,Sul,Google,7,2023-04-24,,2024-01-07,2024-01-31,13,220.7,,0
3411,18,Basico,Mensal,19.9,Sudeste,Organico,10,2023-08-26,,2024-01-28,2024-01-31,19,157.9,,0
3427,42,Premium,Mensal,55.9,Sul,orgânico,7,2022-01-31,,2024-01-30,2024-01-31,14,732.1,,0
3737,37,Padrao,Mensal,3490,Norte,Instagram,8,2022-08-22,,2024-01-27,2024-01-31,23,553.7,,0
2221,40,Basico,Anual,19.9,Sudeste,IG,7,2022-02-24,,2024-01-19,2024-01-31,13,491.1,,0
1773,53,Basico,Mensal,19.9,Sul,instagram,9,2021-12-12,,2024-01-07,2024-01-31,15,900,,0
2237,39,Basico,Mensal,19.9,Norte,IG,7,2022-03-02,2023-10-14,2023-09-25,2024-01-31,4,196,preco,1
2911,30,Padrão,Mensal,3490,Nordeste,indicação,9,2023-08-13,,2024-01-15,2024-01-31,13,125.8,,0
4218,42,Basico,Mensal,19.9,?,Instagram,1,2023-08-25,2023-11-28,2023-11-20,2024-01-31,5,35.4,PREÇO,1
2287,39,Padrão,Mensal,34.9,Norte,Indicacao,9,2022-02-03,,2024-01-29,2024-01-31,12,585.1,,0
5435,54,Padrao,Mensal,34.9,Sudeste,Instagram,8,2022-11-17,,2024-01-17,2024-01-31,14,421.1,,0
1949,32,BASICO,Mensal,19.9,Nordeste,IG,9,2022-05-17,,2024-01-28,2024-01-31,8,300.2,,0
5968,30,Padrao,Anual,3490,Sul,IG,7,2023-02-10,,2024-01-20,2024-01-31,13,206,,0
1513,35,básico,Anual,19.9,Sudeste,Indicacao,10,2023-05-18,,2024-01-12,2024-01-31,13,234.1,,0
1633,31,Padrão,Anual,34.9,Sul,indicação,5,2022-08-23,,2024-01-30,2024-01-31,15,496.9,,0
3220,-2,Basico,Mensal,19.9,Sudeste,IG,8,2022-05-11,,2024-01-14,2024-01-31,13,434.4,,0
4145,34,BASICO,Anual,19.9,Norte,Google,6,2022-08-16,,2024-01-26,2024-01-31,9,350.3,,0
5083,43,Padrão,Mensal,34.9,Norte,google,8,2023-02-27,2023-08-20,2023-08-07,2024-01-31,4,66.8,Preço,1
1917,45,Premium,Mensal,55.9,Centro-Oeste,Organico,8,2022-09-06,,2024-01-17,2024-01-31,19,487.3,,0
5894,24,Basico,Mensal,19.9,Sul,Indicacao,6,2022-06-17,,2024-01-14,2024-01-31,19,620.6,,0
1713,39,padrão,Anual,34.9,Sul,Indicacao,8,2022-05-09,,2024-01-14,2024-01-31,15,636.5,,0
5723,36,padrão,Mensal,34.9,Centro-Oeste,Organico,4,2021-06-15,,2024-01-13,2024-01-31,7,477.4,,0
4713,45,Padrão,Anual,34.9,Nordeste,Indicacao,9,2022-05-29,,2024-01-26,2024-01-31,15,422.1,,0
2589,41,Basico,Anual,1990,Norte,IG,10,2023-05-22,,2024-01-05,2024-01-31,18,322.8,,0
4482,22,premium,Mensal,55.9,Sul,Instagram,8,2021-05-07,,2024-01-23,2024-01-31,13,760.4,,0
3339,37,Premium,Mensal,55.9,Sudeste,instagram,4,2023-07-16,2023-12-25,2023-12-11,2024-01-31,7,71.6,Preço,1
1907,37,Padrão,Mensal,34.9,Nordeste,Indicacao,6,2023-03-03,,2024-01-14,2024-01-31,17,326.6,,0
5828,30,BASICO,Mensal,19.9,Nordeste,indicação,2,2023-07-15,2023-11-21,2023-11-05,2024-01-31,4,45.2,PREÇO,1
1571,33,Padrao,Mensal,34.9,Sul,indicação,1,2022-01-22,2023-06-28,2023-06-10,2024-01-31,3,107.9,PREÇO,1
3362,43,Premium,Mensal,55.9,Nordeste,google,2,2023-02-25,,2024-01-02,2024-01-31,15,370.8,,0
5426,32,Basico,Anual,19.9,Sudeste,IG,6,2023-09-09,2024-01-21,,2024-01-31,3,28,problema tecnico,1
2194,36,Basico,Mensal,19.9,Sudeste,orgânico,7,2023-04-23,,2024-01-02,2024-01-31,9,126,,0
5172,18,padrão,Mensal,34.9,Sudeste,google,2,2023-08-31,2024-01-20,2023-12-23,2024-01-31,2,15.7,Outro,1
2833,51,Padrao,Mensal,34.9,Nordeste,indicação,9,2022-01-01,,2024-01-16,2024-01-31,18,900,,0
2797,31,BASICO,Anual,19.9,Sul,IG,6,2023-05-02,2023-10-16,2023-09-12,2024-01-31,3,41.7,Problema técnico,1
3587,26,padrão,Mensal,34.9,Sudeste,instagram,9,2022-03-24,,2024-01-24,2024-01-31,15,612.8,,0
5920,50,básico,Mensal,1990,Sudeste,instagram,6,2022-03-20,,2024-01-05,2024-01-31,13,476.9,,0
4736,32,padrão,Mensal,34.9,Sudeste,instagram,5,2023-07-10,2023-12-03,2023-11-09,2024-01-31,3,30.7,Concorrente,1
5899,39,Premium,Mensal,55.9,Sudeste,Instagram,5,2023-04-05,2023-09-04,2023-08-12,2024-01-31,2,47,Outro,1
5832,39,premium,Mensal,55.9,Sudeste,Instagram,9,2022-10-13,,2024-01-02,2024-01-31,14,442.5,,0
4938,37,padrão,Anual,34.9,Nordeste,Indicacao,8,2022-06-23,,2024-01-30,2024-01-31,13,458.3,,0
1805,35,Padrao,Mensal,34.9,?,google,4,2023-03-02,2023-09-13,2023-09-03,2024-01-31,2,52.5,Preço,1
5856,35,básico,Mensal,19.9,Centro-Oeste,IG,7,2023-11-26,,2024-01-31,2024-01-31,12,37.6,,0
5413,25,padrão,Mensal,34.9,Sul,instagram,1,2023-02-17,2023-11-11,2023-10-10,2024-01-31,2,40.7,preco,1
5698,44,padrão,Mensal,34.9,Sudeste,orgânico,6,2021-11-09,,2024-01-04,2024-01-31,14,633.7,,0
2840,50,BASICO,Mensal,19.9,Sudeste,google,8,2022-04-30,,2024-01-30,2024-01-31,9,416.1,,0
1162,52,Padrao,Mensal,34.9,Nordeste,Organico,6,2022-06-06,,2024-01-20,2024-01-31,3,87.4,,0
2750,20,padrão,Anual,34.9,Sudeste,Instagram,8,2023-04-18,,2024-01-20,2024-01-31,9,150.2,,0
2643,37,Premium,Mensal,55.9,Nordeste,instagram,9,2022-10-16,,2024-01-17,2024-01-31,15,448.7,,0
4752,31,padrão,Mensal,34.9,Sudeste,Organico,7,2021-12-17,,2024-01-22,2024-01-31,15,628.3,,0
1100,37,Padrao,Anual,34.9,Nordeste,Organico,5,2023-07-17,2024-01-18,2023-12-27,2024-01-31,1,13.7,Concorrente,1
4728,23,Padrao,Mensal,34.9,?,IG,8,2023-02-13,,2024-01-16,2024-01-31,9,167.9,,0
3456,47,Padrao,Mensal,34.9,Norte,IG,5,2023-07-21,2023-11-27,2023-11-20,2024-01-31,6,70.3,preco,1
5254,38,Padrao,Anual,34.9,Sul,Organico,4,2023-08-17,2023-12-02,2023-11-05,2024-01-31,5,51.7,Preço,1
3482,24,básico,Anual,19.9,Nordeste,IG,5,2022-04-10,2023-06-27,2023-06-23,2024-01-31,4,131.9,Pouco conteúdo novo,1
1408,20,BASICO,Anual,1990,Sudeste,Indicacao,10,2023-06-11,,2024-01-27,2024-01-31,12,129.6,,0
2382,40,Padrao,Anual,34.9,Nordeste,Indicacao,10,2023-01-27,,2024-01-02,2024-01-31,13,358.8,,0
2346,36,básico,Mensal,1990,Nordeste,Organico,4,2022-02-15,2023-07-23,,2024-01-31,5,213.1,Pouco conteúdo novo,1
4155,34,Basico,Anual,19.9,Sul,Indicacao,6,2021-09-10,,2024-01-11,2024-01-31,8,512.6,,0
3450,34,Basico,Mensal,19.9,Sudeste,Indicacao,7,2023-09-28,2023-12-13,2023-11-14,2024-01-31,4,36.9,Preço,1
1993,33,padrão,Mensal,34.9,Norte,orgânico,10,2023-04-16,,2024-01-26,2024-01-31,17,225.6,,0
2369,33,Basico,Mensal,19.9,Sudeste,Indicacao,9,2023-01-03,,2024-01-23,2024-01-31,21,516,,0
3401,35,premium,Mensal,55.9,Nordeste,orgânico,8,2023-03-10,2023-09-24,2023-08-29,2024-01-31,3,59,preco,1
1043,32,Padrao,Mensal,34.9,Nordeste,Indicacao,7,2023-08-12,,2024-01-09,2024-01-31,13,121.6,,0
2737,49,Padrão,Anual,34.9,Sudeste,Organico,8,2023-01-29,,2024-01-28,2024-01-31,11,268.7,,0
5992,35,premium,Mensal,5590,Nordeste,Google,9,2022-10-14,,2024-01-27,2024-01-31,12,427.3,,0
2451,28,Padrão,Mensal,34.9,Sudeste,Indicacao,3,2023-09-08,2024-01-15,2023-12-26,2024-01-31,2,18.5,Preço,1
1139,34,premium,Mensal,55.9,Centro-Oeste,indicação,10,2023-03-22,,2024-01-12,2024-01-31,12,224,,0
3043,32,premium,Mensal,55.9,Sudeste,orgânico,10,2023-09-01,,2024-01-03,2024-01-31,20,165.9,,0
4422,24,Padrão,Mensal,34.9,Sul,Indicacao,9,2023-08-28,,2024-01-23,2024-01-31,11,88.2,,0
5176,24,Premium,Anual,55.9,Nordeste,orgânico,9,2023-02-13,,2024-01-17,2024-01-31,21,402.4,,0
4997,35,premium,Mensal,55.9,Sudeste,IG,9,2021-05-02,,2024-01-19,2024-01-31,14,900,,0
1248,36,padrão,Mensal,3490,Sudeste,Google,5,2023-03-19,2023-11-13,2023-10-05,2024-01-31,4,61.5,Problema técnico,1
2347,37,básico,Mensal,19.9,Sudeste,orgânico,7,2022-08-04,,2024-01-13,2024-01-31,10,352.6,,0
2849,18,BASICO,Anual,1990,Nordeste,Indicacao,10,2023-03-25,,2024-01-21,2024-01-31,18,382.1,,0
5572,50,padrão,Anual,34.9,Nordeste,IG,3,2022-12-31,2023-09-18,2023-08-30,2024-01-31,1,18.3,Concorrente,1
5496,29,Padrao,Mensal,34.9,Sudeste,indicação,8,2023-07-31,,2024-01-30,2024-01-31,8,105.7,,0
5918,37,padrão,Mensal,34.9,Sudeste,Google,3,2023-12-02,2024-01-22,2023-12-18,2024-01-31,6,21.3,Problema técnico,1
3603,26,padrão,Mensal,34.9,Nordeste,indicação,9,2022-11-03,,2024-01-20,2024-01-31,20,603.9,,0
2649,40,Basico,Mensal,19.9,Sudeste,IG,7,2023-05-24,,2024-01-19,2024-01-31,12,168.2,,0
5025,41,Premium,Mensal,55.9,Norte,orgânico,6,2021-12-28,,2024-01-17,2024-01-31,11,541.8,,0
4245,33,Padrão,Mensal,34.9,Nordeste,Indicacao,2,2022-12-24,2023-07-30,2023-07-17,2024-01-31,4,109.8,Concorrente,1
3423,38,Padrão,Anual,34.9,?,indicação,5,2023-03-11,,2024-01-24,2024-01-31,13,262,,0
4983,47,Basico,Mensal,19.9,Sudeste,indicação,5,2022-10-19,,2024-01-31,2024-01-31,12,365.6,,0
5347,49,Basico,Mensal,19.9,Sudeste,Google,9,2023-07-16,,2024-01-19,2024-01-31,11,104.5,,0
4078,47,Premium,Mensal,55.9,Sudeste,orgânico,4,2022-05-08,,2024-01-16,2024-01-31,17,534.7,,0
1770,39,Basico,Mensal,19.9,Nordeste,orgânico,8,2022-06-05,,2024-01-31,2024-01-31,20,897.1,,0
1561,31,básico,Mensal,19.9,Nordeste,Organico,7,2022-03-19,,2024-01-13,2024-01-31,14,679.1,,0
4674,23,premium,Mensal,55.9,Nordeste,instagram,9,2022-05-14,,2024-01-20,2024-01-31,13,396.5,,0
5194,47,BASICO,Mensal,19.9,Sudeste,indicação,6,2023-07-15,,2024-01-13,2024-01-31,13,178.7,,0
2505,40,Padrão,Mensal,34.9,Sul,IG,6,2022-04-09,,2024-01-26,2024-01-31,15,472.8,,0
4381,33,BASICO,Anual,19.9,Nordeste,Organico,6,2023-06-18,2023-11-29,2023-11-14,2024-01-31,3,30.4,Pouco conteúdo novo,1
1518,39,premium,Mensal,55.9,Sul,orgânico,5,2022-07-07,,2024-01-20,2024-01-31,10,409.6,,0
5780,22,BASICO,Mensal,19.9,Sudeste,Google,3,2023-10-08,2024-01-05,2023-12-29,2024-01-31,4,20.2,Problema técnico,1
1778,33,básico,Mensal,19.9,Sudeste,instagram,7,2022-11-23,,2024-01-23,2024-01-31,19,385.7,,0
5202,34,Basico,Mensal,19.9,Sul,google,5,2023-06-15,2023-10-19,2023-10-13,2024-01-31,3,48.2,Concorrente,1
2915,19,básico,Mensal,19.9,Sudeste,orgânico,8,2023-07-14,,2024-01-14,2024-01-31,12,102.8,,0
3088,36,Padrao,Anual,34.9,Sul,indicação,9,2023-06-19,,2024-01-09,2024-01-31,10,133.4,,0
1283,19,BASICO,Anual,19.9,Sudeste,Organico,7,2023-09-26,,2024-01-31,2024-01-31,13,81.5,,0
5121,40,Padrão,Mensal,34.9,Nordeste,Indicacao,10,2023-08-22,,2024-01-28,2024-01-31,17,179.8,,0
3755,37,Padrão,Mensal,34.9,Sudeste,Indicacao,10,2021-08-26,,2024-01-04,2024-01-31,18,900,,0
1708,50,BASICO,Anual,1990,Sul,Organico,9,2020-03-27,,2024-01-14,2024-01-31,15,900,,0
2663,30,padrão,Anual,34.9,Sul,IG,4,2023-08-24,,2024-01-26,2024-01-31,17,147,,0
4077,41,básico,Mensal,19.9,Nordeste,Google,10,2022-05-26,,2024-01-13,2024-01-31,10,476.7,,0
1520,31,BASICO,Mensal,19.9,Sul,instagram,6,2023-08-24,,2024-01-14,2024-01-31,22,208.5,,0
2775,23,Basico,Mensal,19.9,Sul,Organico,10,2022-01-21,,2024-01-30,2024-01-31,6,265.6,,0
1759,43,BASICO,Mensal,19.9,Centro-Oeste,orgânico,4,2023-05-15,2023-11-05,2023-10-30,2024-01-31,8,133.4,Outro,1
5123,34,Padrao,Mensal,34.9,Nordeste,instagram,7,2023-11-11,,2024-01-26,2024-01-31,14,62.3,,0
4748,39,Basico,Mensal,19.9,Sul,Organico,2,2023-08-18,2023-12-22,2023-11-22,2024-01-31,1,8.8,Outro,1
5605,22,premium,Mensal,55.9,Sul,Google,4,2022-11-15,2023-07-01,2023-05-31,2024-01-31,5,160.4,Outro,1
5079,24,básico,Mensal,19.9,Sul,Google,8,2021-01-04,,2024-01-19,2024-01-31,15,900,,0
4507,42,padrão,Mensal,34.9,Norte,indicação,5,2023-07-29,2024-01-02,2023-12-12,2024-01-31,5,65.3,problema tecnico,1
1036,49,básico,Mensal,19.9,Sudeste,orgânico,9,2021-06-27,,2024-01-06,2024-01-31,12,802.1,,0
1026,32,padrão,Anual,34.9,Sudeste,indicação,2,2022-09-26,2023-11-23,2023-10-26,2024-01-31,1,25.6,Pouco conteúdo novo,1
1896,35,Basico,Mensal,19.9,Nordeste,Indicacao,6,2023-04-06,2023-12-11,2023-11-13,2024-01-31,2,35.2,PREÇO,1
3863,18,Padrão,Mensal,34.9,Sul,Indicacao,10,2022-12-30,,2024-01-24,2024-01-31,14,428.5,,0
1085,42,BASICO,Anual,19.9,Sul,orgânico,6,2023-04-12,2023-12-11,2023-11-27,2024-01-31,3,42.9,Pouco conteúdo novo,1
5556,23,básico,Mensal,19.9,Nordeste,Indicacao,7,2023-11-10,,2024-01-30,2024-01-31,11,31.3,,0
4629,43,Padrão,Mensal,34.9,Nordeste,Organico,7,2023-07-13,,2024-01-17,2024-01-31,16,161.4,,0
3881,50,Padrão,Anual,3490,Sudeste,Indicacao,7,2022-06-14,,2024-01-24,2024-01-31,15,468.4,,0
4341,18,BASICO,Mensal,19.9,Nordeste,Instagram,7,2021-09-16,,2024-01-16,2024-01-31,9,446.6,,0
4700,30,Premium,Mensal,55.9,Nordeste,indicação,6,2022-07-05,,2024-01-17,2024-01-31,15,659.2,,0
5803,28,premium,Mensal,55.9,Sudeste,Indicacao,7,2022-11-07,2023-10-19,2023-09-19,2024-01-31,3,72.7,Pouco conteúdo novo,1
2738,33,premium,Anual,55.9,Sudeste,orgânico,8,2023-08-07,,2024-01-13,2024-01-31,19,160.6,,0
3127,38,BASICO,Anual,19.9,Nordeste,orgânico,8,2023-06-03,,2024-01-20,2024-01-31,11,172.1,,0
1875,24,padrão,Mensal,34.9,Sudeste,orgânico,2,2023-10-15,2023-12-25,2023-12-04,2024-01-31,1,5.1,Pouco conteúdo novo,1
1147,40,Basico,Mensal,19.9,Sudeste,google,5,2023-05-20,2023-12-07,2023-11-17,2024-01-31,3,53.7,Pouco conteúdo novo,1
2700,18,padrão,Mensal,3490,Norte,Instagram,5,2023-01-28,2023-10-18,2023-09-10,2024-01-31,6,141,Outro,1
2093,32,Padrão,Mensal,34.9,Sudeste,instagram,7,2022-10-20,,2024-01-13,2024-01-31,8,281.6,,0
3112,27,Padrao,Anual,34.9,Sul,Instagram,7,2021-11-16,,2024-01-25,2024-01-31,16,721.3,,0
2850,27,Premium,Mensal,55.9,?,Organico,6,2022-02-21,,2024-01-11,2024-01-31,20,757.6,,0
1927,31,básico,Mensal,19.9,Sudeste,Indicacao,9,2022-05-04,,2024-01-26,2024-01-31,13,604,,0
1527,47,Basico,Mensal,1990,Sul,indicação,7,2023-09-28,2023-12-23,2023-11-18,2024-01-31,7,63,Concorrente,1
2262,36,padrão,Mensal,3490,Sudeste,IG,10,2022-10-22,,2024-01-06,2024-01-31,14,484.6,,0
4875,47,Padrão,Mensal,34.9,Nordeste,Instagram,10,2022-11-15,,2024-01-18,2024-01-31,13,361.6,,0
4519,28,Padrão,Mensal,34.9,Sul,instagram,7,2019-10-13,,2024-01-29,2024-01-31,11,900,,0
3948,36,básico,Anual,19.9,Nordeste,Organico,5,2023-07-19,2024-01-24,2023-12-29,2024-01-31,4,35,Falta de tempo,1
1799,35,BASICO,Mensal,19.9,?,google,6,2023-04-26,2023-12-16,2023-11-20,2024-01-31,2,30.9,Preço,1
3613,44,Padrão,Mensal,34.9,Sul,Instagram,7,2022-10-17,,2024-01-15,2024-01-31,15,331.3,,0
4232,33,Padrão,Mensal,34.9,Nordeste,Instagram,7,2023-10-23,,2024-01-31,2024-01-31,11,67.8,,0
5734,18,padrão,Mensal,34.9,Sudeste,instagram,8,2023-05-13,2024-01-12,2023-12-23,2024-01-31,5,69.3,Falta de tempo,1
4847,37,básico,Anual,19.9,Nordeste,Google,10,2023-02-26,,2024-01-03,2024-01-31,14,342.3,,0
1381,22,Padrão,Mensal,34.9,Nordeste,Organico,5,2023-11-23,2023-12-31,2023-12-01,2024-01-31,3,11.9,Falta de tempo,1
1485,21,BASICO,Mensal,19.9,Sudeste,Organico,7,2023-07-01,,2024-01-05,2024-01-31,14,163.8,,0
5345,23,Premium,Anual,55.9,Sudeste,Organico,10,2023-02-02,,2024-01-08,2024-01-31,20,343.4,,0
3328,36,básico,Anual,19.9,Sudeste,google,8,2021-12-01,,2024-01-12,2024-01-31,16,696.5,,0
2701,27,básico,Mensal,1990,Sudeste,orgânico,3,2023-05-21,2023-12-11,2023-11-08,2024-01-31,2,29.3,Falta de tempo,1
4352,36,premium,Anual,55.9,Norte,instagram,4,2022-09-19,2023-06-19,2023-05-29,2024-01-31,6,218,Concorrente,1
2102,47,básico,Mensal,1990,Sudeste,Organico,7,2021-11-21,,2024-01-02,2024-01-31,16,900,,0
1596,54,BASICO,Mensal,19.9,Sul,instagram,9,2023-04-06,,2024-01-10,2024-01-31,18,405.4,,0
4781,18,Padrao,Anual,34.9,Centro-Oeste,indicação,5,2021-05-28,,2024-01-08,2024-01-31,14,900,,0
5768,18,Basico,Mensal,19.9,Sudeste,IG,4,2022-09-18,,2024-01-19,2024-01-31,9,269.5,,0
2594,39,Padrão,Mensal,34.9,Sudeste,Indicacao,2,2023-10-01,2023-12-04,2023-11-03,2024-01-31,4,33.9,PREÇO,1
1492,38,Premium,Mensal,55.9,Sudeste,instagram,7,2023-04-29,,2024-01-26,2024-01-31,5,101.5,,0
2795,46,premium,Mensal,55.9,Nordeste,Organico,4,2021-02-27,,2024-01-03,2024-01-31,9,528.8,,0
3626,30,Padrao,Mensal,3490,Sul,instagram,1,2023-07-20,,2024-01-31,2024-01-31,16,136.7,,0
1579,18,padrão,Mensal,34.9,Sul,Indicacao,7,2023-09-09,2023-12-11,,2024-01-31,4,36.5,Pouco conteúdo novo,1
2802,41,Padrao,Mensal,34.9,Sul,instagram,10,2022-12-17,,2024-01-10,2024-01-31,7,209.6,,0
3655,33,Padrao,Mensal,3490,Sudeste,google,7,2022-08-07,,2024-01-29,2024-01-31,11,321.3,,0
1606,44,premium,Mensal,55.9,Sudeste,indicação,4,2023-04-13,2023-11-06,2023-10-06,2024-01-31,3,61.6,Pouco conteúdo novo,1
1839,53,Padrao,Mensal,34.9,Sudeste,Organico,7,2022-03-19,,2024-01-06,2024-01-31,14,529,,0
5198,55,Padrao,Mensal,34.9,Sudeste,google,5,2023-12-27,,2024-01-04,2024-01-31,20,33,,0
1642,32,premium,Mensal,55.9,Sudeste,orgânico,7,2023-07-01,,2024-01-12,2024-01-31,17,277.8,,0
5759,46,Basico,Mensal,19.9,Sudeste,instagram,8,2023-08-23,,2024-01-16,2024-01-31,17,151.1,,0
5453,47,Basico,Mensal,19.9,Sul,google,3,2022-11-16,2024-01-01,2023-12-02,2024-01-31,2,46.3,PREÇO,1
3468,33,Basico,Mensal,19.9,Nordeste,Indicacao,10,2023-04-09,,2024-01-15,2024-01-31,8,125.7,,0
4747,47,Basico,Mensal,19.9,Nordeste,indicação,7,2022-10-29,2023-08-24,2023-08-01,2024-01-31,4,133.2,preco,1
2829,40,BASICO,Mensal,19.9,Sul,instagram,8,2023-06-12,,2024-01-25,2024-01-31,15,158.1,,0
5205,40,padrão,Mensal,34.9,Norte,google,4,2022-07-10,,2024-01-13,2024-01-31,14,408.9,,0
3721,29,padrão,Mensal,3490,Sudeste,Indicacao,6,2023-05-02,2023-10-07,2023-09-17,2024-01-31,3,47.4,Pouco conteúdo novo,1
4369,40,premium,Mensal,55.9,Sul,orgânico,8,2023-09-07,,2024-01-27,2024-01-31,18,148.6,,0
3137,31,Padrão,Mensal,3490,Sul,google,2,2023-09-18,2023-12-12,2023-11-11,2024-01-31,3,17.3,Pouco conteúdo novo,1
4882,54,Basico,Mensal,19.9,Sul,Instagram,8,2023-10-17,,2024-01-12,2024-01-31,12,77,,0
5397,26,BASICO,Mensal,19.9,Sudeste,Instagram,2,2023-03-29,2023-09-11,2023-08-23,2024-01-31,5,85.6,Falta de tempo,1
2981,48,Padrao,Mensal,34.9,Sudeste,Google,6,2022-07-04,,2024-01-16,2024-01-31,9,300.4,,0
2436,47,padrão,Anual,34.9,Sul,IG,5,2019-08-11,,2024-01-14,2024-01-31,9,900,,0
5064,44,Padrao,Mensal,3490,?,Organico,6,2023-03-18,2024-01-14,2024-01-10,2024-01-31,0,0,Concorrente,1
2178,46,BASICO,Mensal,19.9,Nordeste,instagram,10,2022-09-29,,2024-01-22,2024-01-31,9,227.8,,0
4741,38,básico,Mensal,19.9,Sudeste,Organico,1,2022-11-19,2023-09-20,2023-09-10,2024-01-31,3,68.9,Problema técnico,1
1397,38,BASICO,Anual,19.9,Nordeste,google,8,2020-07-06,,2024-01-09,2024-01-31,13,890.6,,0
2542,32,básico,Mensal,19.9,Nordeste,google,8,2021-08-28,,2024-01-14,2024-01-31,12,547.9,,0
3968,47,BASICO,Mensal,19.9,Nordeste,IG,8,2022-02-14,2023-12-11,2023-11-20,2024-01-31,4,179.9,Problema técnico,1
4348,41,básico,Mensal,1990,Sudeste,orgânico,1,2023-11-24,2024-01-25,2024-01-08,2024-01-31,3,9.6,Problema técnico,1
1450,41,Padrao,Mensal,34.9,Sudeste,instagram,7,2022-04-29,,2024-01-18,2024-01-31,11,463.2,,0
1930,27,padrão,Anual,3490,Sudeste,orgânico,5,2023-05-16,2023-10-27,2023-10-24,2024-01-31,0,0,Outro,1
4848,31,Padrao,Mensal,34.9,Sudeste,indicação,6,2021-07-14,,2024-01-26,2024-01-31,10,635.3,,0
4550,44,Premium,Mensal,55.9,Sudeste,Indicacao,8,2022-06-22,,2024-01-04,2024-01-31,24,829,,0
5749,25,Basico,Mensal,19.9,Sudeste,Instagram,8,2023-03-22,,2024-01-03,2024-01-31,10,180.4,,0
1394,35,Padrao,Anual,34.9,Sul,IG,7,2022-04-24,,2024-01-30,2024-01-31,16,805.3,,0
5623,49,Padrão,Anual,3490,Nordeste,google,5,2023-02-19,,2024-01-26,2024-01-31,13,300.8,,0
4788,43,Basico,Mensal,19.9,Sudeste,Organico,9,2022-05-27,,2024-01-27,2024-01-31,17,482,,0
4820,38,básico,Mensal,19.9,Sul,Indicacao,4,2023-03-29,2023-09-09,2023-08-24,2024-01-31,2,32.8,problema tecnico,1
2936,27,Basico,Mensal,19.9,Sul,Organico,10,2023-07-20,,2024-01-29,2024-01-31,20,262.3,,0
2437,48,Premium,Anual,55.9,Norte,indicação,8,2022-01-10,,2024-01-28,2024-01-31,13,610.4,,0
5808,28,padrão,Mensal,34.9,Nordeste,instagram,7,2022-06-15,,2024-01-08,2024-01-31,17,582.8,,0
4030,69,Basico,Mensal,19.9,Centro-Oeste,google,8,2023-01-09,,2024-01-14,2024-01-31,17,429,,0
5657,19,Padrão,Mensal,34.9,Sudeste,google,7,2022-03-16,,2024-01-27,2024-01-31,9,434.4,,0
5735,30,premium,Mensal,55.9,Sudeste,Instagram,10,2023-01-04,,2024-01-05,2024-01-31,14,343.5,,0
4518,19,Basico,Mensal,19.9,Nordeste,Instagram,7,2022-03-15,,2024-01-06,2024-01-31,12,395.7,,0
2913,34,BASICO,Anual,19.9,?,Organico,8,2023-02-26,,2024-01-28,2024-01-31,8,192.3,,0
3255,50,Premium,Mensal,55.9,Sudeste,instagram,10,2023-02-24,,2024-01-11,2024-01-31,11,198.4,,0
4617,32,premium,Mensal,55.9,Nordeste,instagram,7,2023-06-30,,2024-01-24,2024-01-31,9,125.1,,0
1114,34,Basico,Mensal,19.9,Centro-Oeste,indicação,1,2023-05-31,2023-10-12,2023-09-09,2024-01-31,3,52.1,Preço,1
1088,29,BASICO,Mensal,19.9,Sul,IG,8,2022-03-29,,2024-01-08,2024-01-31,15,566.9,,0
3254,43,padrão,Mensal,34.9,Sudeste,orgânico,8,2022-09-20,,2024-01-30,2024-01-31,19,553.4,,0
4203,44,premium,Mensal,55.9,Sudeste,indicação,7,2023-04-21,,2024-01-04,2024-01-31,17,357.9,,0
4050,45,Padrão,Mensal,34.9,Sudeste,indicação,7,2022-05-09,,2024-01-22,2024-01-31,19,821.5,,0
2181,53,básico,Mensal,19.9,Centro-Oeste,instagram,5,2023-08-16,2024-01-08,2023-12-27,2024-01-31,1,8.3,Problema técnico,1
5798,71,básico,Mensal,1990,Sudeste,google,7,2021-08-24,,2024-01-20,2024-01-31,16,900,,0
2538,18,BASICO,Mensal,19.9,Norte,Organico,7,2022-07-09,2023-06-30,2023-05-23,2024-01-31,2,64.4,preco,1
5091,44,Premium,Mensal,55.9,Sudeste,IG,9,2021-02-24,,2024-01-02,2024-01-31,11,867.7,,0
1948,59,Padrao,Anual,34.9,Sudeste,Indicacao,8,2022-07-14,,2024-01-15,2024-01-31,13,426.9,,0
3975,30,Premium,Mensal,5590,Sudeste,indicação,6,2023-10-23,2024-01-12,2024-01-04,2024-01-31,4,27.4,problema tecnico,1
4698,25,padrão,Mensal,34.9,Sul,google,6,2023-11-15,,2024-01-13,2024-01-31,19,58,,0
5240,57,premium,Mensal,55.9,Sudeste,instagram,5,2022-09-25,2023-07-28,2023-07-11,2024-01-31,1,34.5,Pouco conteúdo novo,1
2322,25,Padrao,Mensal,3490,Norte,indicação,4,2023-04-03,,2024-01-11,2024-01-31,16,328.6,,0
3787,30,Premium,Mensal,55.9,Sudeste,orgânico,9,2021-08-13,,2024-01-13,2024-01-31,13,753.4,,0
3726,35,básico,Mensal,19.9,Sudeste,orgânico,5,2022-10-18,2023-08-31,2023-08-05,2024-01-31,2,61.3,PREÇO,1
2508,43,Padrão,Anual,34.9,Norte,IG,5,2023-02-26,,2024-01-05,2024-01-31,10,253.1,,0
3068,23,Basico,Anual,19.9,Sul,instagram,9,2022-11-29,,2024-01-17,2024-01-31,16,366.4,,0
2864,33,premium,Mensal,5590,Sul,Indicacao,7,2023-06-01,2023-11-24,2023-10-17,2024-01-31,3,56.3,preco,1
1868,44,Padrão,Mensal,34.9,Sul,indicação,7,2023-07-11,,2024-01-05,2024-01-31,8,101.2,,0
1096,22,Padrão,Mensal,3490,Nordeste,instagram,7,2022-06-06,,2024-01-07,2024-01-31,16,504.3,,0
3169,36,básico,Mensal,19.9,Sul,Google,5,2022-08-26,2023-11-20,2023-10-21,2024-01-31,1,30.6,Preço,1
1634,35,BASICO,Mensal,19.9,Sudeste,IG,8,2021-07-26,,2024-01-25,2024-01-31,9,559.3,,0
3247,19,premium,Anual,55.9,Nordeste,Instagram,3,2023-10-26,2024-01-08,2024-01-05,2024-01-31,6,37.1,Falta de tempo,1
1220,34,Premium,Mensal,55.9,Sul,Organico,10,2022-04-11,,2024-01-18,2024-01-31,10,448.7,,0
3751,30,básico,Anual,1990,Centro-Oeste,orgânico,8,2022-04-18,,2024-01-26,2024-01-31,13,390.3,,0
3999,32,básico,Mensal,19.9,?,Google,10,2023-04-20,,2024-01-31,2024-01-31,12,209.2,,0
4823,35,básico,Mensal,19.9,Sudeste,Instagram,3,2023-09-03,2023-11-29,2023-11-25,2024-01-31,6,42.3,preco,1
3792,21,BASICO,Anual,19.9,Sudeste,IG,10,2023-06-30,,2024-01-16,2024-01-31,16,265.2,,0
4476,42,padrão,Mensal,34.9,Sudeste,orgânico,3,2023-01-09,2023-08-13,2023-07-31,2024-01-31,2,46.6,preco,1
3084,21,básico,Mensal,19.9,Nordeste,Google,9,2022-06-03,,2024-01-03,2024-01-31,23,900,,0
1304,34,Premium,Mensal,5590,Sul,Organico,6,2023-01-22,,2024-01-13,2024-01-31,16,394.5,,0
4097,28,básico,Anual,1990,Sul,Google,6,2023-11-08,,2024-01-12,2024-01-31,15,71.3,,0
5187,27,Basico,Mensal,19.9,Sudeste,google,5,2023-09-29,,2024-01-29,2024-01-31,10,93.1,,0
2851,38,padrão,Mensal,34.9,Nordeste,Organico,1,2023-04-12,,2024-01-07,2024-01-31,15,285,,0
3066,30,Padrao,Mensal,34.9,Nordeste,Indicacao,5,2023-08-25,,2024-01-19,2024-01-31,16,168.2,,0
3712,60,padrão,Mensal,34.9,Sudeste,orgânico,10,2023-02-16,,2024-01-22,2024-01-31,22,501.6,,0
4450,34,Padrão,Mensal,34.9,Sudeste,IG,5,2023-02-23,,2024-01-03,2024-01-31,13,277.5,,0
2096,40,Padrao,Anual,34.9,Sudeste,instagram,4,2022-09-19,2023-06-19,2023-06-07,2024-01-31,4,132,problema tecnico,1
4392,57,Padrão,Mensal,34.9,Sul,Organico,8,2023-09-13,,2024-01-19,2024-01-31,14,90.3,,0
1046,45,Padrao,Mensal,34.9,Sul,Organico,5,2022-03-02,,2024-01-20,2024-01-31,15,811.7,,0
2145,37,básico,Anual,19.9,Nordeste,IG,4,2023-10-27,2023-12-23,2023-11-24,2024-01-31,1,6.8,Falta de tempo,1
1612,27,padrão,Mensal,34.9,Sudeste,orgânico,10,2023-06-21,,2024-01-23,2024-01-31,16,165.5,,0
4458,46,Basico,Anual,19.9,Sudeste,google,6,2022-03-27,,2024-01-21,2024-01-31,12,450.5,,0
4485,49,Padrao,Mensal,34.9,Sudeste,indicação,10,2023-09-01,,2024-01-22,2024-01-31,18,160.8,,0
3533,39,BASICO,Mensal,19.9,Sudeste,instagram,5,2023-09-18,,2024-01-21,2024-01-31,14,110.1,,0
1717,47,Padrao,Mensal,34.9,Sul,google,8,2022-01-29,,2024-01-09,2024-01-31,12,615.5,,0
2494,36,Padrão,Mensal,34.9,Nordeste,IG,7,2023-09-22,,2024-01-21,2024-01-31,14,109.2,,0
4110,45,Premium,Mensal,5590,Sul,google,5,2023-04-02,2023-11-18,2023-10-27,2024-01-31,4,94.9,Concorrente,1
1595,18,premium,Anual,55.9,Sul,Organico,8,2022-11-02,,2024-01-23,2024-01-31,16,548.2,,0
1589,41,Padrao,Mensal,34.9,Nordeste,instagram,4,2022-10-14,2023-08-31,2023-08-06,2024-01-31,5,131.1,Pouco conteúdo novo,1
1522,28,Premium,Mensal,55.9,Nordeste,IG,5,2021-10-27,,2024-01-06,2024-01-31,18,900,,0
3750,39,Premium,Anual,55.9,Centro-Oeste,Indicacao,1,2022-12-26,2023-07-21,2023-07-04,2024-01-31,3,89,PREÇO,1
4142,46,premium,Mensal,55.9,Centro-Oeste,Organico,8,2023-09-01,,2024-01-06,2024-01-31,15,151.1,,0
2588,33,Basico,Mensal,19.9,Norte,google,4,2023-11-14,2024-01-28,2024-01-07,2024-01-31,1,3.7,problema tecnico,1
5307,44,Padrão,Anual,34.9,Norte,Organico,8,2021-11-26,,2024-01-03,2024-01-31,20,811.7,,0
5540,37,básico,Mensal,19.9,Sudeste,orgânico,5,2023-04-20,,2024-01-02,2024-01-31,9,134,,0
1078,30,premium,Mensal,55.9,Sudeste,google,9,2023-05-28,,2024-01-24,2024-01-31,11,183.3,,0
4067,51,BASICO,Mensal,19.9,Centro-Oeste,Indicacao,3,2022-12-15,2023-07-22,2023-06-28,2024-01-31,1,25.3,preco,1
5844,29,padrão,Mensal,3490,Sul,indicação,6,2023-01-25,,2024-01-30,2024-01-31,18,371.7,,0
2068,26,BASICO,Mensal,1990,Sudeste,instagram,4,2022-09-26,,2024-01-22,2024-01-31,18,637.2,,0
5772,48,premium,Mensal,55.9,Centro-Oeste,orgânico,0,2023-01-06,2023-08-01,2023-07-18,2024-01-31,1,25.2,Falta de tempo,1
5644,44,BASICO,Anual,19.9,Sudeste,Google,7,2023-03-28,,2024-01-18,2024-01-31,12,277.1,,0
4204,42,padrão,Anual,34.9,Sudeste,google,8,2023-01-18,,2024-01-23,2024-01-31,14,310,,0
4568,40,básico,Mensal,19.9,Sudeste,IG,6,2023-06-14,,2024-01-03,2024-01-31,10,134,,0
3780,48,básico,Mensal,19.9,Nordeste,Organico,8,2023-02-16,,2024-01-11,2024-01-31,15,252.6,,0
5643,51,Basico,Mensal,19.9,Nordeste,Instagram,10,2021-09-01,,2024-01-06,2024-01-31,17,900,,0
4116,38,Premium,Anual,55.9,Nordeste,Instagram,5,2022-09-23,2023-12-07,2023-10-29,2024-01-31,4,114.4,Problema técnico,1
5147,39,básico,Mensal,19.9,Sudeste,Indicacao,4,2023-02-18,2023-09-06,2023-08-13,2024-01-31,8,137,PREÇO,1
2217,46,básico,Mensal,19.9,Nordeste,Instagram,9,2023-05-18,,2024-01-11,2024-01-31,9,103.2,,0
3552,45,Premium,Anual,5590,Sul,orgânico,5,2022-10-23,,2024-01-26,2024-01-31,15,499.5,,0
5648,53,premium,Mensal,55.9,Norte,google,4,2023-01-10,2023-10-30,2023-10-16,2024-01-31,4,95.4,Preço,1
2874,50,Padrão,Mensal,34.9,Sudeste,instagram,8,2022-06-21,,2024-01-23,2024-01-31,20,770.5,,0
4240,31,Basico,Mensal,19.9,Nordeste,indicação,10,2021-09-27,,2024-01-10,2024-01-31,4,263.8,,0
5598,36,Padrao,Mensal,34.9,Sudeste,orgânico,10,2022-11-10,,2024-01-17,2024-01-31,14,436.4,,0
2618,50,Padrao,Mensal,3490,Sudeste,Indicacao,6,2023-02-24,,2024-01-08,2024-01-31,11,189.8,,0
2910,43,Padrao,Mensal,34.9,Sul,instagram,9,2021-10-31,,2024-01-17,2024-01-31,19,900,,0
1415,42,Premium,Mensal,55.9,Sul,Instagram,6,2023-04-29,,2024-01-17,2024-01-31,16,299.8,,0
4248,32,padrão,Anual,3490,Centro-Oeste,orgânico,5,2023-02-19,,2024-01-22,2024-01-31,9,212.7,,0
2683,62,BASICO,Mensal,19.9,Centro-Oeste,Google,1,2023-11-27,2024-01-21,2024-01-09,2024-01-31,7,23.9,Outro,1
2593,18,BASICO,Mensal,19.9,Norte,orgânico,7,2023-09-14,,2024-01-13,2024-01-31,15,90.7,,0
4442,22,Padrão,Mensal,34.9,Sudeste,indicação,7,2022-10-06,,2024-01-20,2024-01-31,24,633.1,,0
3590,42,Padrão,Mensal,34.9,Sudeste,Google,9,2021-07-27,,2024-01-02,2024-01-31,13,801.9,,0
4093,21,básico,Mensal,1990,Centro-Oeste,google,7,2022-08-04,,2024-01-03,2024-01-31,10,286.7,,0
2763,43,premium,Mensal,5590,Sul,google,9,2023-03-16,,2024-01-15,2024-01-31,16,354,,0
4022,39,padrão,Mensal,34.9,Nordeste,IG,4,2023-02-14,2023-10-01,2023-09-05,2024-01-31,2,38.3,PREÇO,1
3585,50,Basico,Mensal,1990,Sudeste,IG,5,2021-04-05,,2024-01-05,2024-01-31,16,900,,0
4013,41,BASICO,Mensal,19.9,?,IG,9,2022-06-21,,2024-01-11,2024-01-31,8,301.4,,0
2957,44,padrão,Mensal,34.9,Sudeste,Instagram,6,2023-02-26,,2024-01-09,2024-01-31,16,372,,0
4487,30,Padrão,Mensal,34.9,Nordeste,IG,5,2023-08-13,2023-12-23,2023-11-22,2024-01-31,5,47.1,Problema técnico,1
2696,38,Premium,Mensal,55.9,Centro-Oeste,Google,7,2023-05-29,,2024-01-08,2024-01-31,14,225.2,,0
5171,29,premium,Mensal,55.9,Sul,google,10,2023-01-14,,2024-01-10,2024-01-31,15,257.5,,0
4005,32,Padrao,Mensal,3490,Norte,IG,4,2023-08-11,2023-11-23,2023-10-19,2024-01-31,0,0,Falta de tempo,1
1752,42,básico,Anual,19.9,Sul,Organico,10,2023-08-02,,2024-01-07,2024-01-31,11,93.2,,0
3291,25,Premium,Mensal,55.9,Sudeste,orgânico,8,2021-01-06,,2024-01-18,2024-01-31,10,621.6,,0
5359,37,padrão,Mensal,34.9,Sudeste,google,6,2023-08-26,2024-01-16,2023-12-25,2024-01-31,1,10.6,Pouco conteúdo novo,1
2677,46,básico,Mensal,19.9,Nordeste,instagram,4,2023-10-20,,2024-01-06,2024-01-31,17,96.5,,0
4318,18,Basico,Mensal,19.9,Nordeste,Organico,3,2023-06-10,2023-11-09,2023-10-08,2024-01-31,4,58,Pouco conteúdo novo,1
5269,27,Basico,Anual,19.9,Sudeste,IG,4,2023-01-26,2023-08-12,2023-07-12,2024-01-31,4,77.6,problema tecnico,1
5265,35,Basico,Mensal,19.9,Centro-Oeste,Organico,10,2023-08-14,,2024-01-10,2024-01-31,12,134.9,,0
1354,28,Padrão,Mensal,34.9,Centro-Oeste,orgânico,5,2023-05-17,2023-10-05,,2024-01-31,4,66.8,problema tecnico,1
2064,30,premium,Anual,55.9,Sudeste,indicação,6,2022-06-24,,2024-01-18,2024-01-31,15,523.1,,0
5203,27,Padrão,Mensal,34.9,Sul,instagram,3,2022-11-26,2023-07-08,2023-06-19,2024-01-31,3,60.5,Problema técnico,1
5558,24,básico,Mensal,19.9,Sudeste,Organico,7,2022-04-30,,2024-01-15,2024-01-31,11,360.6,,0
4818,25,Premium,Mensal,55.9,Sul,Organico,7,2023-03-05,,2024-01-04,2024-01-31,15,393,,0
3336,46,BASICO,Mensal,19.9,Sudeste,orgânico,9,2022-12-12,,2024-01-23,2024-01-31,15,423.2,,0
3941,63,Basico,Mensal,19.9,?,orgânico,9,2023-08-27,,2024-01-21,2024-01-31,19,151.1,,0
5042,32,básico,Mensal,19.9,Nordeste,IG,8,2021-04-29,,2024-01-26,2024-01-31,14,883.5,,0
2475,55,premium,Mensal,55.9,Centro-Oeste,Instagram,2,2022-04-22,2023-11-17,2023-11-01,2024-01-31,4,155.9,Outro,1
5219,45,Premium,Mensal,55.9,Norte,indicação,10,2020-06-20,,2024-01-17,2024-01-31,11,900,,0
5958,28,BASICO,Mensal,19.9,Sul,IG,7,2022-12-01,,2024-01-14,2024-01-31,12,286.9,,0
2307,41,Basico,Anual,19.9,Norte,Google,9,2022-10-28,,2024-01-03,2024-01-31,11,284.7,,0
4717,32,Premium,Anual,55.9,Sudeste,Instagram,6,2023-04-13,2023-09-28,2023-08-31,2024-01-31,4,74.1,Preço,1
1002,34,premium,Mensal,55.9,Sul,Organico,5,2023-03-19,2023-10-14,2023-10-02,2024-01-31,1,15.1,Pouco conteúdo novo,1
3097,42,premium,Anual,55.9,Norte,instagram,7,2021-07-06,,2024-01-16,2024-01-31,14,900,,0
3615,27,Padrao,Mensal,34.9,?,orgânico,2,2023-05-05,2023-11-05,2023-10-11,2024-01-31,2,25.7,Pouco conteúdo novo,1
2067,38,Padrão,Anual,34.9,Sudeste,IG,7,2023-01-13,,2024-01-10,2024-01-31,6,127.1,,0
5537,43,Premium,Mensal,55.9,Sudeste,Instagram,9,2023-02-21,,2024-01-30,2024-01-31,10,157.2,,0
1180,37,Basico,Anual,19.9,Sudeste,google,8,2022-11-20,,2024-01-30,2024-01-31,15,500.6,,0
1146,42,padrão,Anual,34.9,Sudeste,instagram,9,2021-06-30,,2024-01-28,2024-01-31,12,583.2,,0
1629,44,BASICO,Mensal,19.9,Nordeste,Google,5,2023-10-03,2023-12-25,2023-12-05,2024-01-31,3,21.5,Concorrente,1
3808,47,BASICO,Mensal,19.9,Nordeste,Organico,7,2021-01-15,,2024-01-06,2024-01-31,18,900,,0
1401,26,Premium,Anual,55.9,Nordeste,orgânico,7,2021-12-03,,2024-01-21,2024-01-31,16,649.4,,0
3461,26,padrão,Mensal,34.9,Sudeste,instagram,10,2021-06-01,,2024-01-05,2024-01-31,15,900,,0
2104,22,Premium,Mensal,55.9,Centro-Oeste,google,0,2023-02-10,2023-12-08,2023-11-27,2024-01-31,3,53,preco,1
3907,28,Premium,Anual,55.9,Sudeste,orgânico,10,2023-07-05,,2024-01-25,2024-01-31,14,194.4,,0
3654,34,Basico,Mensal,19.9,Norte,orgânico,5,2023-07-25,2024-01-07,2023-11-29,2024-01-31,3,40.8,preco,1
2449,27,Premium,Mensal,55.9,?,orgânico,7,2023-02-18,,2024-01-27,2024-01-31,12,201.6,,0
5012,38,padrão,Mensal,34.9,Centro-Oeste,google,8,2023-11-18,,,2024-01-31,16,72.3,,0
1172,41,Padrao,Mensal,34.9,Nordeste,google,0,2023-01-01,2023-12-26,2023-11-17,2024-01-31,3,59.2,Concorrente,1
4606,32,básico,Mensal,19.9,Sudeste,Instagram,0,2022-12-12,2023-12-17,2023-11-21,2024-01-31,4,73.9,Pouco conteúdo novo,1
1667,30,Basico,Mensal,19.9,Norte,Indicacao,5,2023-06-14,,2024-01-12,2024-01-31,17,221.9,,0
5158,38,Padrao,Anual,34.9,Sudeste,google,2,2022-12-03,2024-01-08,2024-01-01,2024-01-31,2,56.9,Pouco conteúdo novo,1
3275,38,Padrao,Mensal,34.9,Nordeste,Google,6,2023-03-22,2023-12-06,2023-11-29,2024-01-31,4,64.1,Falta de tempo,1
2813,55,premium,Mensal,55.9,Sudeste,orgânico,8,2023-03-17,,2024-01-09,2024-01-31,14,257.4,,0
5389,46,Padrao,Mensal,34.9,Sudeste,Organico,6,2023-10-11,2023-12-25,2023-12-19,2024-01-31,5,24.2,Pouco conteúdo novo,1
3523,25,Padrão,Mensal,34.9,?,instagram,6,2023-07-17,,2024-01-05,2024-01-31,9,77.8,,0
2916,31,básico,Mensal,1990,Sudeste,Instagram,2,2022-12-20,2023-11-18,2023-10-19,2024-01-31,8,200.4,PREÇO,1
5637,21,básico,Mensal,19.9,Sul,Organico,6,2020-11-26,,2024-01-28,2024-01-31,13,900,,0
3535,35,Basico,Mensal,19.9,Sudeste,orgânico,3,2023-08-20,2023-11-10,2023-10-29,2024-01-31,4,33,preco,1
1494,59,Premium,Anual,55.9,Sul,google,6,2022-04-25,,2024-01-14,2024-01-31,10,394.8,,0
3690,34,Padrao,Mensal,34.9,Sudeste,indicação,5,2021-12-25,,2024-01-23,2024-01-31,11,597.1,,0
5662,37,básico,Mensal,19.9,Sudeste,instagram,10,2023-05-20,,2024-01-26,2024-01-31,13,146.7,,0
3028,53,Padrão,Mensal,34.9,Sudeste,Instagram,8,2023-08-26,,2024-01-03,2024-01-31,16,182.7,,0
1775,26,padrão,Mensal,34.9,Sudeste,orgânico,9,2022-03-11,,2024-01-23,2024-01-31,13,435.3,,0
5881,32,básico,Anual,1990,Centro-Oeste,google,8,2023-03-17,,2024-01-16,2024-01-31,17,292.2,,0
3896,39,padrão,Anual,3490,Nordeste,indicação,3,2023-05-25,2023-10-08,2023-09-04,2024-01-31,4,76.5,Outro,1
2004,39,BASICO,Anual,19.9,Sul,Instagram,8,2023-09-09,2024-01-18,2023-12-16,2024-01-31,2,16.7,preco,1
3251,39,Premium,Mensal,55.9,Nordeste,IG,10,2022-11-18,,2024-01-21,2024-01-31,13,416.8,,0
5583,23,Padrão,Mensal,34.9,Sudeste,orgânico,2,2023-06-17,2023-11-10,2023-10-03,2024-01-31,10,105.2,Problema técnico,1
1411,38,básico,Mensal,19.9,Nordeste,Organico,10,2023-04-24,,2024-01-10,2024-01-31,15,282.8,,0
1258,25,Padrão,Anual,34.9,Sul,Organico,7,2021-12-17,,2024-01-17,2024-01-31,12,496.2,,0
1900,29,básico,Mensal,19.9,Nordeste,Instagram,5,2023-04-06,,2024-01-14,2024-01-31,16,360.9,,0
4552,38,BASICO,Anual,19.9,Sudeste,Google,2,2023-05-20,2023-10-08,2023-09-11,2024-01-31,4,63.7,Preço,1
5354,47,Padrao,Mensal,34.9,Nordeste,Instagram,9,2022-08-24,,2024-01-29,2024-01-31,21,637.1,,0
2606,30,premium,Mensal,55.9,Norte,Organico,10,2022-09-02,,2024-01-26,2024-01-31,12,448.8,,0
4770,47,Padrao,Mensal,34.9,Nordeste,Indicacao,5,2022-11-06,2023-12-31,2023-11-30,2024-01-31,4,134.7,Outro,1
2664,32,padrão,Anual,34.9,Sudeste,Organico,4,2022-10-22,2023-07-05,2023-05-31,2024-01-31,1,29.2,Pouco conteúdo novo,1
2523,44,BASICO,Mensal,19.9,Nordeste,Organico,8,2023-10-12,,2024-01-11,2024-01-31,15,88.2,,0
2415,32,Padrao,Mensal,3490,Sul,Indicacao,7,2023-02-18,,2024-01-04,2024-01-31,13,262.9,,0
2469,34,Premium,Anual,5590,Sudeste,orgânico,9,2023-05-05,,2024-01-13,2024-01-31,17,310.5,,0
1791,47,Padrao,Mensal,34.9,Norte,orgânico,7,2023-04-22,,2024-01-25,2024-01-31,20,296.5,,0
1530,30,BASICO,Mensal,19.9,?,IG,9,2022-12-30,,2024-01-10,2024-01-31,21,645.2,,0
1897,43,Padrão,Mensal,34.9,Nordeste,Instagram,4,2023-05-06,,2024-01-02,2024-01-31,11,147.7,,0
3354,25,BASICO,Mensal,19.9,Sudeste,indicação,6,2023-05-18,2023-11-02,2023-10-28,2024-01-31,3,40.9,Pouco conteúdo novo,1
4289,25,BASICO,Mensal,19.9,Nordeste,IG,7,2022-09-12,,2024-01-21,2024-01-31,20,545.9,,0
5942,41,BASICO,Mensal,19.9,Sudeste,orgânico,6,2023-10-19,2024-01-05,2023-12-06,2024-01-31,4,17.3,Falta de tempo,1
5609,43,básico,Mensal,19.9,Sudeste,Organico,7,2023-10-15,,2024-01-28,2024-01-31,14,85.2,,0
1965,49,Padrão,Mensal,34.9,Sudeste,Google,8,2023-04-21,,2024-01-13,2024-01-31,6,125.9,,0
3514,28,básico,Mensal,19.9,Sudeste,indicação,10,2022-12-23,,2024-01-15,2024-01-31,14,316.3,,0
1833,33,básico,Mensal,19.9,Sul,IG,5,2023-04-02,2023-10-15,2023-09-09,2024-01-31,5,93,Preço,1
4537,18,Padrao,Anual,34.9,Sul,Google,3,2023-08-31,2023-11-21,2023-10-31,2024-01-31,0,0,Pouco conteúdo novo,1
2395,40,básico,Mensal,19.9,Centro-Oeste,Indicacao,8,2023-06-18,,2024-01-18,2024-01-31,18,277.1,,0
5995,56,BASICO,Mensal,19.9,Sudeste,IG,10,2022-03-12,,2024-01-27,2024-01-31,20,818.3,,0
2433,18,premium,Mensal,55.9,Sul,google,5,2023-03-23,2023-11-06,2023-10-17,2024-01-31,1,16.5,Problema técnico,1
1790,42,Padrão,Mensal,34.9,Sul,google,7,2023-05-15,,2024-01-30,2024-01-31,10,174,,0
2784,39,Premium,Anual,55.9,Sudeste,Indicacao,10,2023-08-10,,2024-01-10,2024-01-31,18,146.4,,0
3598,42,Basico,Mensal,19.9,Sul,Organico,3,2023-06-15,2023-12-18,2023-12-11,2024-01-31,4,61,Concorrente,1
1780,18,premium,Anual,55.9,Sudeste,orgânico,6,2022-10-14,,2024-01-23,2024-01-31,20,714.1,,0
4712,26,básico,Anual,19.9,Sudeste,Indicacao,6,2023-04-17,,2024-01-02,2024-01-31,22,443.8,,0
2179,40,padrão,Anual,34.9,Sudeste,indicação,5,2022-11-13,,2024-01-15,2024-01-31,5,145.1,,0
2108,35,BASICO,Mensal,19.9,Nordeste,Organico,8,2023-06-17,,2024-01-05,2024-01-31,20,329.9,,0
3199,40,BASICO,Anual,1990,Centro-Oeste,IG,9,2022-02-17,,2024-01-07,2024-01-31,12,474.6,,0
3851,33,Basico,Mensal,19.9,Norte,instagram,4,2023-02-03,2023-12-08,2023-11-29,2024-01-31,6,161.7,Preço,1
4815,40,básico,Anual,19.9,Nordeste,indicação,7,2022-12-16,,2024-01-04,2024-01-31,21,615.6,,0
2144,18,Basico,Anual,19.9,Norte,Instagram,7,2023-02-19,2023-09-05,2023-08-02,2024-01-31,2,38.9,PREÇO,1
4613,35,BASICO,Anual,19.9,Sudeste,indicação,2,2023-05-12,2023-12-27,2023-12-16,2024-01-31,0,0,Concorrente,1
1132,26,BASICO,Mensal,19.9,Centro-Oeste,indicação,5,2023-06-21,2023-12-20,2023-11-21,2024-01-31,2,25,preco,1
3476,29,Padrão,Anual,34.9,Centro-Oeste,Organico,4,2023-07-21,2024-01-10,2023-12-08,2024-01-31,3,41.9,Preço,1
3435,18,BASICO,Mensal,19.9,Nordeste,Organico,8,2023-08-01,,2024-01-28,2024-01-31,16,154.8,,0
5939,31,básico,Mensal,1990,Sudeste,indicação,6,2023-09-17,2023-12-06,2023-11-09,2024-01-31,3,25.5,problema tecnico,1
3913,44,Padrao,Mensal,34.9,Norte,Instagram,4,2023-11-29,,2024-01-16,2024-01-31,16,58.5,,0
5200,46,BASICO,Mensal,19.9,Norte,Indicacao,6,2022-07-04,,2024-01-25,2024-01-31,17,636.9,,0
2972,31,BASICO,Mensal,19.9,Sudeste,Organico,10,2022-05-17,,2024-01-04,2024-01-31,6,241.9,,0
3417,19,Basico,Mensal,19.9,Centro-Oeste,IG,3,2022-07-17,,2024-01-18,2024-01-31,19,583.6,,0
1607,19,Premium,Mensal,5590,Centro-Oeste,google,6,2023-01-28,,2024-01-04,2024-01-31,9,247.6,,0
4854,25,Padrao,Mensal,3490,Centro-Oeste,Organico,8,2022-10-23,,2024-01-25,2024-01-31,10,302.7,,0
3867,24,Premium,Mensal,55.9,Sudeste,indicação,7,2022-11-25,,2024-01-15,2024-01-31,11,272.3,,0
3319,23,Basico,Mensal,19.9,Centro-Oeste,indicação,5,2023-08-18,2023-12-20,2023-12-06,2024-01-31,3,26.8,Pouco conteúdo novo,1
4947,57,básico,Mensal,19.9,Sudeste,Google,10,2023-03-07,,2024-01-18,2024-01-31,12,307.6,,0
3880,27,Padrão,Anual,3490,Nordeste,IG,5,2023-06-28,2024-01-23,2024-01-19,2024-01-31,4,62.8,preco,1
5439,39,premium,Anual,55.9,Nordeste,Google,5,2021-09-02,,,2024-01-31,18,748.1,,0
1619,33,básico,Mensal,19.9,Sudeste,Instagram,0,2022-10-22,2023-08-29,2023-08-11,2024-01-31,2,44.2,Preço,1
2015,27,Premium,Mensal,55.9,Centro-Oeste,orgânico,4,2021-03-15,,2024-01-05,2024-01-31,12,900,,0
3013,29,Premium,Anual,55.9,Sul,orgânico,1,2022-01-10,2023-11-05,2023-10-25,2024-01-31,1,56.5,PREÇO,1
4436,55,Padrão,Mensal,3490,?,instagram,7,2023-05-10,,2024-01-30,2024-01-31,13,147.9,,0
1702,45,Padrão,Anual,34.9,Sudeste,google,10,2022-09-23,,2024-01-25,2024-01-31,18,653.6,,0
2551,41,Premium,Mensal,55.9,Sudeste,Indicacao,9,2023-10-30,,,2024-01-31,13,91.1,,0
2296,32,básico,Mensal,1990,?,Google,2,2023-06-28,2023-10-19,2023-09-10,2024-01-31,3,33.6,Outro,1
2952,42,padrão,Anual,34.9,Norte,google,9,2023-08-28,,2024-01-11,2024-01-31,16,160.1,,0
3827,41,Padrao,Mensal,34.9,Nordeste,Indicacao,7,2023-05-10,,2024-01-13,2024-01-31,18,272.2,,0
3723,33,Padrão,Mensal,3490,Sudeste,Organico,6,2022-05-08,,2024-01-11,2024-01-31,11,480.7,,0
1421,20,padrão,Mensal,34.9,Sudeste,indicação,10,2023-04-13,,2024-01-28,2024-01-31,19,286.3,,0
3363,41,Padrao,Mensal,34.9,Sudeste,orgânico,3,2023-07-25,2023-10-28,2023-10-07,2024-01-31,2,19,Preço,1
4860,20,Padrao,Mensal,34.9,Sul,orgânico,6,2023-02-02,2024-01-19,2024-01-06,2024-01-31,2,47.4,Pouco conteúdo novo,1
5600,27,Padrão,Mensal,34.9,Sudeste,Indicacao,8,2022-03-26,,2024-01-30,2024-01-31,12,595.3,,0
2487,18,padrão,Mensal,34.9,Norte,Google,6,2021-07-28,,2024-01-23,2024-01-31,14,900,,0
4065,37,premium,Mensal,55.9,Sul,Organico,2,2023-07-21,2023-12-26,2023-11-27,2024-01-31,3,41.5,preco,1
1610,45,Basico,Anual,19.9,Sudeste,indicação,7,2022-10-03,,2024-01-10,2024-01-31,10,270.1,,0
3085,32,premium,Mensal,55.9,Sudeste,Organico,8,2022-10-01,,2024-01-19,2024-01-31,15,407,,0
1474,49,Padrão,Mensal,34.9,Nordeste,Indicacao,7,2023-04-12,,2024-01-14,2024-01-31,16,342.2,,0
1559,50,Basico,Anual,19.9,Sudeste,instagram,7,2022-05-11,2023-12-02,2023-10-31,2024-01-31,1,46,PREÇO,1
5416,47,BASICO,Anual,19.9,Centro-Oeste,Google,10,2023-05-16,,2024-01-02,2024-01-31,10,145.5,,0
5002,42,Basico,Mensal,19.9,Sul,Google,0,2023-09-06,2024-01-15,2023-12-11,2024-01-31,2,13.1,Pouco conteúdo novo,1
5375,42,padrão,Mensal,34.9,Sudeste,Google,10,2023-03-04,,2024-01-05,2024-01-31,10,194.4,,0
2923,29,Premium,Mensal,55.9,Sudeste,Organico,7,2023-01-15,,2024-01-23,2024-01-31,10,185,,0
4456,52,padrão,Mensal,34.9,Norte,Organico,4,2022-08-28,2023-12-30,2023-11-30,2024-01-31,2,71.3,Problema técnico,1
2980,31,Basico,Mensal,19.9,Nordeste,Google,4,2023-09-14,2024-01-22,2024-01-01,2024-01-31,1,8.1,Concorrente,1
2579,56,BASICO,Anual,19.9,Sudeste,Indicacao,7,2023-06-29,,2024-01-04,2024-01-31,21,250.2,,0
3681,44,Padrao,Anual,34.9,Norte,indicação,8,2021-04-21,,2024-01-18,2024-01-31,11,605.1,,0
2987,42,Premium,Anual,55.9,Nordeste,Organico,7,2022-11-19,,2024-01-21,2024-01-31,11,256.6,,0
3192,31,Basico,Mensal,1990,Nordeste,Google,2,2021-10-04,2023-01-22,2022-12-30,2024-01-31,4,210.3,preco,1
5163,35,Premium,Anual,55.9,Nordeste,Instagram,7,2023-03-28,2023-09-15,2023-09-03,2024-01-31,6,136.3,Pouco conteúdo novo,1
1508,31,padrão,Anual,34.9,Norte,instagram,5,2021-11-04,,2024-01-29,2024-01-31,19,852.9,,0
5495,49,BASICO,Mensal,1990,Nordeste,IG,8,2022-11-17,,2024-01-20,2024-01-31,6,120.6,,0
5006,61,BASICO,Mensal,1990,Centro-Oeste,orgânico,6,2023-02-17,2024-01-12,2024-01-02,2024-01-31,2,34.9,Problema técnico,1
3430,26,Padrão,Mensal,34.9,Nordeste,orgânico,8,2023-09-27,,2024-01-10,2024-01-31,17,162.7,,0
5573,45,básico,Mensal,1990,Sudeste,Google,8,2023-05-01,2024-01-10,2023-12-12,2024-01-31,6,105.8,Pouco conteúdo novo,1
4191,45,Padrão,Mensal,34.9,Sudeste,Instagram,5,2019-02-17,,2024-01-20,2024-01-31,17,900,,0
2499,52,Premium,Mensal,55.9,Nordeste,indicação,5,2022-10-23,,2024-01-22,2024-01-31,10,229.7,,0
3906,44,Basico,Mensal,19.9,Norte,orgânico,6,2023-07-21,2024-01-22,2024-01-14,2024-01-31,2,22.7,problema tecnico,1
2139,42,básico,Mensal,1990,Nordeste,IG,6,2022-07-01,,2024-01-09,2024-01-31,17,629.4,,0
4486,60,Premium,Mensal,55.9,Sul,Organico,8,2023-06-16,,2024-01-18,2024-01-31,14,174.5,,0
5313,40,Basico,Mensal,19.9,?,Indicacao,4,2023-07-05,2023-12-23,2023-12-11,2024-01-31,2,28.5,Falta de tempo,1
3801,53,Padrão,Mensal,34.9,Nordeste,google,6,2023-01-11,,2024-01-07,2024-01-31,19,533.3,,0
2305,42,premium,Mensal,55.9,Sudeste,indicação,4,2022-02-28,,2024-01-10,2024-01-31,10,546.7,,0
4198,38,Premium,Anual,55.9,Centro-Oeste,Instagram,6,2021-12-04,,2024-01-24,2024-01-31,17,900,,0
2927,44,Premium,Anual,55.9,Sudeste,Instagram,9,2023-05-02,,2024-01-25,2024-01-31,18,326.6,,0
2457,38,BASICO,Mensal,19.9,Nordeste,Indicacao,7,2023-10-24,,2024-01-03,2024-01-31,18,80.1,,0
1769,33,Padrao,Mensal,34.9,Nordeste,orgânico,7,2023-05-14,,2024-01-06,2024-01-31,15,267.8,,0
2990,46,básico,Mensal,19.9,Nordeste,instagram,7,2022-06-28,2023-05-29,2023-04-28,2024-01-31,5,186,Pouco conteúdo novo,1
3345,44,BASICO,Mensal,19.9,Sudeste,Google,4,2023-05-14,2023-10-29,2023-10-10,2024-01-31,3,41.6,Falta de tempo,1
2302,46,básico,Mensal,1990,Norte,indicação,6,2022-07-07,,2024-01-29,2024-01-31,14,513.9,,0
4306,34,BASICO,Mensal,19.9,Sudeste,Google,10,2022-01-11,,2024-01-11,2024-01-31,12,649.5,,0
1218,29,básico,Mensal,19.9,Nordeste,google,8,2023-05-01,2023-12-10,2023-12-05,2024-01-31,6,88.7,Pouco conteúdo novo,1
2133,34,BASICO,Mensal,19.9,Sudeste,indicação,5,2022-09-22,,2024-01-24,2024-01-31,14,416.2,,0
1004,46,padrão,Anual,34.9,?,orgânico,7,2023-04-23,,2024-01-25,2024-01-31,16,231.5,,0
1438,27,padrão,Mensal,34.9,Sudeste,IG,2,2023-05-17,,2024-01-15,2024-01-31,8,147.8,,0
2669,36,BASICO,Mensal,19.9,Sudeste,Google,6,2023-12-30,2024-01-18,2023-12-30,2024-01-31,2,3.2,preco,1
1249,20,BASICO,Mensal,19.9,Sudeste,instagram,3,2022-12-13,2023-08-07,2023-07-27,2024-01-31,3,72.3,Concorrente,1
4227,32,Basico,Mensal,19.9,Sudeste,Organico,6,2023-12-11,,2024-01-28,2024-01-31,13,30.1,,0
4190,44,Padrao,Mensal,34.9,Sudeste,Instagram,10,2023-11-17,,2024-01-06,2024-01-31,11,39.3,,0
5545,25,padrão,Mensal,34.9,Sul,Indicacao,5,2023-02-13,,2024-01-25,2024-01-31,15,346.6,,0
1101,37,Premium,Mensal,55.9,Nordeste,Google,7,2023-06-12,2023-12-07,2023-11-29,2024-01-31,7,73.8,Preço,1
3484,18,básico,Mensal,19.9,Sudeste,google,8,2022-11-16,,2024-01-20,2024-01-31,13,313,,0
4139,36,premium,Mensal,55.9,Centro-Oeste,google,6,2023-05-15,2023-12-24,2023-11-25,2024-01-31,1,13.7,PREÇO,1
1609,23,premium,Mensal,55.9,Centro-Oeste,Instagram,4,2023-06-11,2023-10-18,2023-09-15,2024-01-31,7,107,preco,1
4559,48,BASICO,Anual,19.9,Nordeste,IG,5,2022-09-05,2023-08-20,2023-07-20,2024-01-31,2,65.1,Pouco conteúdo novo,1
2309,35,premium,Anual,55.9,Centro-Oeste,Indicacao,3,2023-03-24,,2024-01-16,2024-01-31,13,251.1,,0
2154,29,Padrão,Mensal,34.9,Nordeste,indicação,6,2023-09-29,,2024-01-18,2024-01-31,12,70.2,,0
5486,33,básico,Anual,19.9,Sudeste,Google,3,2022-07-04,2023-11-23,2023-10-28,2024-01-31,5,135.5,Pouco conteúdo novo,1
2488,39,básico,Mensal,19.9,Norte,Google,5,2023-11-12,2024-01-07,2023-12-18,2024-01-31,1,4.2,preco,1
4614,31,Padrão,Mensal,34.9,Sudeste,Google,8,2023-01-03,,2024-01-12,2024-01-31,6,144,,0
1734,54,básico,Mensal,19.9,Nordeste,Instagram,4,2023-04-21,2023-12-14,2023-11-26,2024-01-31,3,38.2,PREÇO,1
3967,24,premium,Mensal,55.9,Nordeste,instagram,8,2021-10-04,,2024-01-22,2024-01-31,24,900,,0
2781,34,Premium,Anual,55.9,Sudeste,google,10,2023-03-07,,2024-01-05,2024-01-31,14,359.9,,0
4504,31,Padrão,Anual,34.9,Nordeste,orgânico,5,2022-04-21,,2024-01-02,2024-01-31,13,527.4,,0
1467,22,Basico,Mensal,19.9,Nordeste,Instagram,3,2023-06-01,,2024-01-06,2024-01-31,13,185.5,,0
4452,27,Premium,Mensal,55.9,Sul,indicação,6,2023-01-29,,2024-01-29,2024-01-31,7,153.7,,0
4063,35,premium,Mensal,55.9,Sul,Instagram,6,2022-12-01,,2024-01-09,2024-01-31,11,285.8,,0
5111,45,básico,Mensal,19.9,Sul,Instagram,5,2022-03-04,,2024-01-27,2024-01-31,16,656.4,,0
5867,35,BASICO,Mensal,19.9,Centro-Oeste,IG,7,2023-09-30,,2024-01-14,2024-01-31,12,83.3,,0
4891,46,Premium,Mensal,55.9,Sudeste,orgânico,8,2021-10-01,,2024-01-15,2024-01-31,10,504.9,,0
2110,44,Padrão,Mensal,34.9,Nordeste,Organico,10,2023-02-22,,2024-01-31,2024-01-31,12,301.3,,0
3017,26,Premium,Mensal,55.9,Sudeste,Organico,2,2022-10-23,2023-08-04,2023-07-04,2024-01-31,1,29.2,Falta de tempo,1
1585,35,Basico,Mensal,19.9,Nordeste,IG,3,2022-05-04,,2024-01-20,2024-01-31,10,383.5,,0
4685,51,padrão,Mensal,34.9,Nordeste,instagram,9,2023-04-28,,2024-01-22,2024-01-31,13,255.1,,0
4293,50,padrão,Mensal,34.9,Sul,Indicacao,8,2020-09-27,,2024-01-16,2024-01-31,20,900,,0
3718,30,Padrão,Mensal,34.9,Nordeste,Instagram,8,2023-02-19,,2024-01-29,2024-01-31,9,230.6,,0
2805,36,Padrao,Anual,34.9,Sul,Instagram,9,2021-11-16,,2024-01-22,2024-01-31,19,900,,0
2299,26,Padrão,Mensal,34.9,Nordeste,Indicacao,8,2023-02-01,,2024-01-03,2024-01-31,17,480.7,,0
5962,40,padrão,Mensal,3490,Sudeste,Organico,5,2023-08-12,2023-11-29,2023-10-27,2024-01-31,1,8.4,Concorrente,1
4269,21,Padrao,Mensal,34.9,Sul,instagram,10,2022-06-18,,2024-01-09,2024-01-31,10,407.3,,0
4054,31,Basico,Mensal,19.9,Sudeste,Organico,8,2022-09-14,,2024-01-18,2024-01-31,10,339.9,,0
5478,27,básico,Mensal,19.9,Sudeste,instagram,6,2023-01-13,2023-10-07,2023-10-04,2024-01-31,1,17.7,Concorrente,1
4297,53,básico,Mensal,19.9,Sudeste,Instagram,9,2023-08-09,,2024-01-14,2024-01-31,14,118.1,,0
1756,64,Padrão,Mensal,34.9,Sul,Google,6,2022-10-25,2023-08-05,2023-07-29,2024-01-31,3,63.5,Problema técnico,1
3749,30,Padrão,Mensal,3490,Sudeste,Organico,4,2023-05-04,,2024-01-13,2024-01-31,14,249.6,,0
1284,40,Padrao,Anual,34.9,Sudeste,google,8,2023-08-03,2023-11-22,2023-10-25,2024-01-31,2,23.2,preco,1
3163,63,BASICO,Mensal,19.9,Centro-Oeste,Indicacao,6,2023-08-17,2023-11-27,2023-10-23,2024-01-31,4,45.8,Pouco conteúdo novo,1
4677,37,Padrão,Mensal,34.9,Sudeste,IG,10,2023-04-09,,2024-01-21,2024-01-31,14,227.3,,0
1042,42,premium,Mensal,55.9,Sudeste,IG,8,2022-02-07,,2024-01-23,2024-01-31,20,900,,0
4234,30,básico,Mensal,19.9,?,indicação,8,2023-05-22,,2024-01-24,2024-01-31,13,232.9,,0
1635,24,Padrao,Mensal,34.9,Sudeste,indicação,5,2023-09-15,,2024-01-05,2024-01-31,10,60.4,,0
5056,21,Padrao,Mensal,34.9,Nordeste,indicação,7,2023-05-10,,2024-01-02,2024-01-31,12,220.6,,0
1080,41,Basico,Anual,19.9,Sul,indicação,7,2023-02-27,,2024-01-22,2024-01-31,13,202.7,,0
3313,41,básico,Mensal,19.9,Nordeste,Instagram,7,2023-02-17,,2024-01-17,2024-01-31,12,287,,0
5366,27,premium,Anual,55.9,Sudeste,google,9,2023-12-16,,2024-01-07,2024-01-31,17,32.2,,0
5612,54,básico,Mensal,19.9,Sudeste,orgânico,9,2023-03-21,,2024-01-19,2024-01-31,18,252.7,,0
1193,56,Basico,Mensal,1990,Sul,Indicacao,7,2023-08-17,2023-11-23,2023-11-19,2024-01-31,4,36.7,problema tecnico,1
5229,43,básico,Mensal,19.9,Nordeste,Organico,9,2022-03-19,,2024-01-09,2024-01-31,16,688.8,,0
3883,36,básico,Mensal,19.9,Nordeste,orgânico,7,2021-07-18,,2024-01-22,2024-01-31,20,900,,0
1782,24,Premium,Mensal,55.9,Nordeste,instagram,8,2023-02-10,,2024-01-13,2024-01-31,11,204.4,,0
4697,48,BASICO,Mensal,19.9,Sul,Organico,10,2023-01-29,,2024-01-19,2024-01-31,20,395.5,,0
4174,30,básico,Anual,19.9,Sudeste,Instagram,7,2023-12-07,,2024-01-06,2024-01-31,12,23.3,,0
1137,30,básico,Anual,1990,Centro-Oeste,orgânico,0,2023-05-12,2024-01-05,2023-12-15,2024-01-31,0,0,PREÇO,1
5477,35,padrão,Anual,34.9,Nordeste,google,4,2023-04-18,2023-10-02,2023-09-05,2024-01-31,1,15.5,Falta de tempo,1
1733,18,básico,Mensal,19.9,Nordeste,Instagram,2,2022-09-23,2023-12-07,2023-11-18,2024-01-31,1,33.2,Problema técnico,1
3689,45,Premium,Mensal,55.9,Sudeste,Indicacao,10,2023-09-29,,2024-01-11,2024-01-31,9,55.9,,0
3759,50,Basico,Mensal,19.9,Sudeste,Indicacao,7,2021-11-24,,2024-01-28,2024-01-31,12,627.3,,0
1946,38,premium,Anual,55.9,Norte,Indicacao,9,2023-06-24,,2024-01-31,2024-01-31,14,182.8,,0
1735,37,básico,Mensal,19.9,Nordeste,Indicacao,1,2023-09-09,2023-11-25,2023-10-22,2024-01-31,3,20.1,PREÇO,1
3859,36,premium,Mensal,55.9,Centro-Oeste,indicação,6,2021-10-20,2023-02-09,2023-01-24,2024-01-31,2,84.6,Preço,1
3675,36,BASICO,Mensal,19.9,Sudeste,orgânico,8,2023-09-02,,2024-01-12,2024-01-31,12,129.5,,0
4467,18,Padrao,Anual,34.9,?,Indicacao,9,2023-12-14,,2024-01-05,2024-01-31,22,34.1,,0
4298,46,Padrao,Mensal,3490,Norte,orgânico,5,2023-08-09,,2024-01-05,2024-01-31,13,118.8,,0
3170,45,Premium,Mensal,55.9,Sudeste,google,4,2023-07-28,2024-01-17,2023-12-10,2024-01-31,2,18.6,Falta de tempo,1
2693,24,BASICO,Mensal,1990,Sudeste,instagram,9,2022-05-11,,2024-01-19,2024-01-31,17,723.6,,0
3858,49,BASICO,Mensal,19.9,Sudeste,instagram,4,2023-03-22,2023-11-08,2023-10-19,2024-01-31,6,89,Pouco conteúdo novo,1
5361,43,padrão,Mensal,34.9,Sudeste,indicação,5,2023-08-28,,2024-01-17,2024-01-31,19,172.3,,0
5327,18,Padrao,Mensal,34.9,Sudeste,instagram,2,2023-09-15,2023-12-21,2023-11-23,2024-01-31,4,33.4,Concorrente,1
5124,41,Padrao,Anual,3490,Centro-Oeste,Instagram,6,2022-11-17,,2024-01-14,2024-01-31,17,549.7,,0
2405,33,básico,Mensal,19.9,Sul,google,7,2023-12-23,2024-01-16,2024-01-07,2024-01-31,3,5.4,Pouco conteúdo novo,1
2753,39,Basico,Anual,19.9,Sul,Organico,7,2022-05-02,,2024-01-15,2024-01-31,17,621.2,,0
2674,30,Premium,Anual,55.9,Centro-Oeste,Organico,7,2022-10-17,2024-01-16,2023-12-26,2024-01-31,4,114.7,problema tecnico,1
4125,27,Basico,Mensal,19.9,Sul,Organico,5,2021-11-01,,2024-01-03,2024-01-31,16,831.9,,0
2294,18,Padrão,Anual,3490,Sudeste,google,9,2021-12-12,,2024-01-27,2024-01-31,19,900,,0
4764,50,Padrao,Anual,34.9,Sudeste,IG,9,2022-07-16,,2024-01-02,2024-01-31,8,221.2,,0
5342,44,Basico,Mensal,19.9,Nordeste,indicação,2,2022-11-19,2023-08-10,2023-07-07,2024-01-31,6,194.1,preco,1
1105,48,BASICO,Anual,19.9,Nordeste,Indicacao,4,2023-04-28,2023-11-27,2023-11-14,2024-01-31,5,96.7,Concorrente,1
3229,21,padrão,Mensal,34.9,Centro-Oeste,Google,7,2022-10-18,,2024-01-27,2024-01-31,13,409.7,,0
5262,27,Padrao,Mensal,3490,Sul,Instagram,8,2022-11-11,,2024-01-22,2024-01-31,15,404.4,,0
1874,42,básico,Anual,19.9,Sudeste,indicação,6,2022-08-13,2023-06-01,2023-05-11,2024-01-31,3,114.8,preco,1
5845,28,Premium,Mensal,55.9,Nordeste,Instagram,10,2022-05-14,,2024-01-21,2024-01-31,12,408,,0
3173,40,padrão,Anual,34.9,Sudeste,Indicacao,10,2022-10-18,,2024-01-08,2024-01-31,12,417.3,,0
4330,54,básico,Anual,19.9,Nordeste,IG,6,2023-07-04,2024-01-16,2023-12-30,2024-01-31,3,48.1,Concorrente,1
5736,56,básico,Mensal,19.9,Sudeste,orgânico,4,2023-08-14,2023-12-14,2023-12-04,2024-01-31,3,25,Preço,1
3914,47,BASICO,Mensal,19.9,Nordeste,orgânico,3,2023-12-01,2024-01-02,2023-12-20,2024-01-31,4,12.4,Problema técnico,1
2898,44,Premium,Mensal,55.9,Sudeste,orgânico,3,2023-09-23,2024-01-18,2023-12-16,2024-01-31,5,30.6,Outro,1
2836,20,Basico,Anual,19.9,Nordeste,Instagram,4,2023-09-13,2023-12-21,2023-12-06,2024-01-31,2,18.1,Falta de tempo,1
5390,28,Basico,Anual,19.9,Nordeste,Instagram,7,2023-09-08,,2024-01-09,2024-01-31,14,121.1,,0
2077,43,Padrão,Anual,34.9,Sudeste,Instagram,9,2022-10-03,,2024-01-15,2024-01-31,12,439.8,,0
3790,50,Padrão,Mensal,34.9,Sul,Google,8,2023-08-14,2023-11-13,2023-10-30,2024-01-31,1,8.2,preco,1
5943,35,Padrão,Mensal,34.9,Sudeste,indicação,4,2023-04-09,2023-09-26,2023-08-20,2024-01-31,2,33.8,Preço,1
3727,57,básico,Mensal,19.9,Sudeste,Instagram,4,2022-03-03,2023-07-29,2023-07-19,2024-01-31,6,211.3,Concorrente,1
1679,22,Padrao,Mensal,34.9,Sudeste,orgânico,2,2023-06-29,2023-12-16,2023-12-01,2024-01-31,2,29.2,Falta de tempo,1
4659,32,Basico,Mensal,19.9,Nordeste,instagram,7,2023-03-21,,2024-01-25,2024-01-31,16,321.9,,0
4201,29,Basico,Mensal,19.9,?,Indicacao,3,2022-12-21,2023-07-14,2023-06-11,2024-01-31,6,124.8,problema tecnico,1
1959,51,básico,Mensal,19.9,Nordeste,Indicacao,9,2023-12-26,,2024-01-24,2024-01-31,18,30.4,,0
1470,28,premium,Mensal,55.9,Centro-Oeste,Indicacao,5,2023-08-13,2023-12-19,2023-12-03,2024-01-31,4,33,Pouco conteúdo novo,1
1621,53,premium,Mensal,55.9,Sudeste,Organico,6,2023-08-18,2023-11-09,2023-10-24,2024-01-31,3,24.5,Preço,1
3696,41,premium,Mensal,55.9,Sul,google,8,2023-11-28,,2024-01-11,2024-01-31,15,49.7,,0
2717,41,premium,Anual,55.9,Centro-Oeste,IG,7,2022-11-15,,2024-01-31,2024-01-31,18,358.2,,0
3141,19,Padrao,Mensal,34.9,Nordeste,orgânico,4,2023-06-21,2023-10-22,2023-09-25,2024-01-31,1,10.6,Preço,1
4364,19,básico,Mensal,19.9,?,Organico,10,2022-05-25,,2024-01-27,2024-01-31,11,383.1,,0
4011,41,premium,Mensal,55.9,Sudeste,Organico,7,2023-04-15,2023-11-17,2023-10-24,2024-01-31,3,42.5,Problema técnico,1
2521,38,BASICO,Mensal,19.9,?,Organico,9,2022-10-23,,2024-01-03,2024-01-31,15,537.9,,0
2427,42,padrão,Mensal,34.9,Norte,orgânico,7,2023-08-12,,2024-01-18,2024-01-31,14,134.9,,0
5369,32,premium,Mensal,5590,Sudeste,indicação,7,2023-03-31,,2024-01-20,2024-01-31,18,349.7,,0
1271,34,básico,Mensal,19.9,Sul,Organico,9,2022-08-28,,2024-01-14,2024-01-31,18,580,,0
1099,30,Padrao,Mensal,34.9,Sul,Organico,6,2022-01-18,,2024-01-04,2024-01-31,15,852.1,,0
3217,29,básico,Mensal,1990,Centro-Oeste,Instagram,10,2023-06-09,,2024-01-03,2024-01-31,16,211.5,,0
3966,29,básico,Mensal,19.9,Nordeste,google,7,2023-04-02,,2024-01-06,2024-01-31,15,357.2,,0
5882,21,Basico,Mensal,19.9,Sudeste,Instagram,8,2023-10-03,,2024-01-22,2024-01-31,13,96,,0
4760,37,BASICO,Mensal,19.9,Sudeste,indicação,6,2023-01-10,,2024-01-23,2024-01-31,11,283.6,,0
2568,19,padrão,Mensal,34.9,Sudeste,orgânico,10,2021-10-12,,2024-01-07,2024-01-31,14,762.9,,0
2733,44,Padrao,Anual,34.9,Centro-Oeste,google,6,2023-09-25,,2024-01-29,2024-01-31,13,117.8,,0
5790,40,BASICO,Mensal,19.9,Sul,Indicacao,10,2023-04-19,,2024-01-22,2024-01-31,10,150.6,,0
4101,25,Padrão,Mensal,34.9,Nordeste,Google,8,2022-01-14,,2024-01-31,2024-01-31,13,526,,0
4375,27,básico,Mensal,19.9,Sudeste,orgânico,7,2021-09-01,,2024-01-17,2024-01-31,12,538.6,,0
2665,31,Basico,Mensal,19.9,Sudeste,orgânico,7,2023-07-18,2023-12-07,2023-11-07,2024-01-31,4,51.7,preco,1
5092,52,padrão,Mensal,34.9,Sudeste,Indicacao,2,2022-12-22,2023-09-22,2023-09-16,2024-01-31,5,120.1,Concorrente,1
2582,40,BASICO,Anual,19.9,Sul,Organico,8,2023-01-06,,2024-01-28,2024-01-31,19,536.5,,0
3716,46,Padrão,Mensal,34.9,Sudeste,orgânico,10,2023-10-14,,2024-01-10,2024-01-31,10,60.7,,0
3557,18,Padrao,Anual,34.9,Centro-Oeste,Google,10,2021-10-09,,2024-01-28,2024-01-31,17,900,,0
5607,52,Padrao,Mensal,34.9,Sudeste,orgânico,7,2023-12-29,2024-01-25,2023-12-29,2024-01-31,4,8.7,Pouco conteúdo novo,1
1247,34,básico,Mensal,19.9,Sudeste,orgânico,5,2023-03-17,,2024-01-14,2024-01-31,20,347.5,,0
1745,31,Padrão,Mensal,34.9,Nordeste,instagram,9,2022-04-21,,2024-01-06,2024-01-31,16,736.7,,0
3747,37,padrão,Mensal,34.9,Sudeste,Organico,3,2023-06-05,,2024-01-13,2024-01-31,16,228.6,,0
2764,18,Premium,Mensal,55.9,Sudeste,Instagram,4,2023-06-05,,2024-01-03,2024-01-31,19,254.1,,0
1427,31,Premium,Anual,55.9,Nordeste,Instagram,3,2023-03-10,2023-08-28,2023-07-26,2024-01-31,2,47.3,problema tecnico,1
5385,49,premium,Mensal,55.9,Centro-Oeste,instagram,10,2022-03-21,,2024-01-11,2024-01-31,11,522.8,,0
4667,44,Basico,Anual,1990,Centro-Oeste,Indicacao,9,2022-02-16,,2024-01-07,2024-01-31,15,794.1,,0
2507,23,Padrao,Mensal,34.9,Sudeste,Google,9,2021-10-12,,2024-01-12,2024-01-31,19,900,,0
1153,39,Basico,Mensal,19.9,Sudeste,instagram,7,2023-03-03,,2024-01-26,2024-01-31,4,95,,0
5671,18,Padrao,Anual,3490,?,orgânico,10,2022-09-25,,2024-01-02,2024-01-31,12,424.5,,0
5063,24,básico,Anual,19.9,Sul,Organico,8,2023-05-05,,2024-01-29,2024-01-31,13,179.2,,0
3407,48,Padrão,Anual,34.9,Nordeste,instagram,8,2022-01-20,,2024-01-26,2024-01-31,15,532.7,,0
1010,48,básico,Mensal,19.9,Nordeste,Google,7,2022-04-21,2023-07-06,2023-07-01,2024-01-31,2,83.8,Pouco conteúdo novo,1
3044,58,Basico,Mensal,1990,Sul,indicação,10,2023-07-01,,2024-01-21,2024-01-31,20,307.5,,0
5550,47,Padrao,Mensal,34.9,Nordeste,Organico,8,2022-10-30,,2024-01-23,2024-01-31,12,281.3,,0
1825,40,Premium,Mensal,55.9,Sudeste,indicação,7,2022-05-06,,2024-01-15,2024-01-31,13,504.1,,0
2363,31,premium,Anual,5590,Sudeste,IG,8,2022-11-21,,2024-01-08,2024-01-31,13,398.3,,0
1807,37,Premium,Mensal,55.9,Nordeste,Organico,9,2020-07-05,,2024-01-31,2024-01-31,13,900,,0
4024,21,padrão,Mensal,34.9,Sudeste,Instagram,10,2023-09-29,,2024-01-27,2024-01-31,18,103.1,,0
4931,50,Basico,Mensal,19.9,Sudeste,orgânico,8,2023-02-02,,2024-01-29,2024-01-31,20,387.6,,0
5567,29,Padrão,Mensal,34.9,Sul,Instagram,9,2023-09-09,,2024-01-30,2024-01-31,22,192.6,,0
1921,36,Padrao,Mensal,34.9,Nordeste,Organico,6,2022-08-04,,2024-01-19,2024-01-31,11,309.9,,0
5054,36,padrão,Mensal,34.9,Norte,Indicacao,7,2023-09-13,,2024-01-10,2024-01-31,10,85.7,,0
1829,43,Basico,Mensal,19.9,Norte,google,7,2023-06-28,,2024-01-18,2024-01-31,10,129.5,,0
5554,28,Padrao,Mensal,34.9,Norte,Organico,6,2023-04-23,2023-12-20,2023-11-20,2024-01-31,5,86.7,problema tecnico,1
4548,40,Basico,Mensal,19.9,Nordeste,Instagram,8,2023-08-10,,2024-01-29,2024-01-31,16,178.9,,0
4523,52,Padrão,Mensal,34.9,Nordeste,Instagram,1,2022-11-12,,2024-01-12,2024-01-31,13,348.1,,0
1945,31,padrão,Anual,34.9,Sul,Organico,10,2022-02-24,,2024-01-19,2024-01-31,20,900,,0
2572,32,padrão,Mensal,34.9,Sul,Organico,7,2023-02-27,,2024-01-09,2024-01-31,17,286,,0
3340,19,Padrão,Mensal,34.9,Centro-Oeste,google,4,2021-12-28,,2024-01-14,2024-01-31,16,589.4,,0
1962,52,Basico,Anual,19.9,Centro-Oeste,Indicacao,7,2021-11-19,,2024-01-22,2024-01-31,16,803.3,,0
2257,26,Padrao,Anual,34.9,Nordeste,IG,7,2023-06-21,,2024-01-11,2024-01-31,11,140,,0
2636,36,BASICO,Mensal,19.9,Sudeste,Organico,9,2021-09-05,,2024-01-24,2024-01-31,7,288,,0
1843,24,básico,Mensal,19.9,Sul,Indicacao,7,2022-01-16,,2024-01-03,2024-01-31,22,900,,0
4377,33,BASICO,Mensal,19.9,Sudeste,Organico,6,2022-10-19,,2024-01-21,2024-01-31,18,556.5,,0
1420,30,Padrão,Mensal,34.9,Sudeste,Instagram,4,2023-10-18,2024-01-04,2023-12-21,2024-01-31,1,5.7,Outro,1
2711,18,básico,Mensal,19.9,Sudeste,Indicacao,9,2022-10-17,,2024-01-28,2024-01-31,14,483.1,,0
3546,54,Padrao,Mensal,34.9,Centro-Oeste,Indicacao,7,2022-11-05,,2024-01-28,2024-01-31,15,534.9,,0
3464,40,BASICO,Mensal,19.9,Sudeste,google,8,2022-09-28,,2024-01-24,2024-01-31,13,455.7,,0
3668,57,básico,Mensal,1990,Centro-Oeste,Organico,5,2023-04-13,2023-10-02,2023-08-30,2024-01-31,2,30.5,problema tecnico,1
5266,39,Padrao,Anual,34.9,Sudeste,indicação,5,2023-05-18,2023-10-25,2023-10-03,2024-01-31,3,54.6,Preço,1
4966,35,Padrão,Anual,34.9,Sul,indicação,9,2021-07-25,,2024-01-20,2024-01-31,10,445.1,,0
4795,35,básico,Mensal,1990,Centro-Oeste,Organico,5,2023-05-03,2024-01-19,2024-01-01,2024-01-31,2,31.9,PREÇO,1
1360,30,padrão,Anual,34.9,Nordeste,Organico,6,2022-07-19,,2024-01-25,2024-01-31,16,666.7,,0
2531,40,Basico,Mensal,19.9,Norte,instagram,5,2022-11-30,,2024-01-20,2024-01-31,10,289.8,,0
4061,48,padrão,Mensal,34.9,Sudeste,instagram,9,2023-09-23,,2024-01-19,2024-01-31,13,96.6,,0
1846,46,Padrão,Mensal,34.9,Nordeste,indicação,10,2022-10-27,,2024-01-30,2024-01-31,18,399.8,,0
1941,19,premium,Mensal,55.9,Sudeste,Organico,8,2023-02-28,,2024-01-26,2024-01-31,14,280.9,,0
4978,50,BASICO,Mensal,19.9,Nordeste,orgânico,10,2022-11-22,,2024-01-06,2024-01-31,26,558.7,,0
1253,36,premium,Mensal,55.9,Nordeste,instagram,8,2023-06-05,,2024-01-03,2024-01-31,19,264.9,,0
2892,34,Premium,Mensal,55.9,Sul,Google,5,2021-10-11,,2024-01-15,2024-01-31,15,781,,0
5450,31,Basico,Mensal,1990,Sudeste,indicação,4,2022-03-19,,2024-01-21,2024-01-31,12,581.7,,0
1468,38,padrão,Anual,34.9,Nordeste,Organico,7,2023-09-22,,2024-01-28,2024-01-31,15,92.8,,0
4577,18,premium,Mensal,55.9,Sul,Instagram,6,2023-07-11,,2024-01-17,2024-01-31,9,110.8,,0
5102,47,Premium,Mensal,55.9,Sudeste,Organico,9,2022-06-27,,2024-01-04,2024-01-31,11,442.3,,0
3185,43,BASICO,Mensal,19.9,Nordeste,Organico,3,2022-09-07,2023-10-18,2023-10-15,2024-01-31,2,68.3,Concorrente,1
4493,22,premium,Mensal,5590,Sudeste,orgânico,6,2023-10-31,2023-12-27,2023-12-01,2024-01-31,2,11.6,PREÇO,1
4513,41,padrão,Mensal,3490,Sudeste,Indicacao,7,2023-05-11,,2024-01-20,2024-01-31,21,286,,0
5569,41,premium,Mensal,55.9,Sudeste,Google,8,2023-07-22,,2024-01-25,2024-01-31,18,234.6,,0
3888,31,padrão,Mensal,34.9,Sudeste,Organico,7,2023-06-11,,2024-01-23,2024-01-31,7,99.3,,0
2490,56,Padrão,Mensal,34.9,Centro-Oeste,instagram,6,2023-08-04,,2024-01-04,2024-01-31,13,113.5,,0
4930,34,básico,Anual,19.9,Sul,Instagram,5,2021-08-19,2023-04-29,2023-04-15,2024-01-31,6,400,preco,1
2116,25,Premium,Mensal,55.9,Nordeste,instagram,0,2022-10-17,2023-08-23,2023-08-17,2024-01-31,5,111.7,Preço,1
2899,46,premium,Anual,55.9,Centro-Oeste,indicação,8,2022-11-11,2023-12-24,2023-12-09,2024-01-31,2,44.7,Concorrente,1
4122,43,Padrao,Mensal,34.9,Sudeste,Indicacao,9,2023-11-25,,2024-01-10,2024-01-31,16,48.5,,0
5175,37,básico,Mensal,19.9,Centro-Oeste,instagram,9,2023-04-11,,2024-01-25,2024-01-31,21,366.1,,0
5806,24,Premium,Mensal,55.9,Sudeste,Google,8,2023-11-19,,2024-01-13,2024-01-31,13,61.6,,0
5654,33,básico,Mensal,19.9,Sul,orgânico,4,2022-01-18,,2024-01-04,2024-01-31,22,868.4,,0
4439,54,padrão,Mensal,34.9,?,Instagram,10,2022-09-20,,2024-01-07,2024-01-31,21,514.8,,0
2838,31,BASICO,Mensal,19.9,Sul,Instagram,7,2022-12-24,2023-07-22,2023-06-18,2024-01-31,3,89.6,preco,1
2844,34,BASICO,Mensal,19.9,Centro-Oeste,instagram,8,2023-10-09,,2024-01-29,2024-01-31,21,136,,0
4338,37,Padrao,Mensal,34.9,Sudeste,Instagram,6,2022-12-02,2023-10-27,2023-09-28,2024-01-31,5,125.7,Preço,1
4896,26,Basico,Mensal,1990,Nordeste,indicação,8,2020-11-08,,2024-01-27,2024-01-31,12,900,,0
3018,23,padrão,Mensal,34.9,Sudeste,orgânico,7,2023-11-02,,2024-01-25,2024-01-31,15,91.3,,0
3272,55,Padrao,Mensal,34.9,Centro-Oeste,orgânico,5,2020-07-08,,2024-01-28,2024-01-31,12,900,,0
2616,45,Basico,Mensal,19.9,Centro-Oeste,Indicacao,6,2023-08-08,2023-11-25,2023-10-24,2024-01-31,5,38.4,Pouco conteúdo novo,1
2189,46,Padrão,Mensal,34.9,Sudeste,Indicacao,0,2023-08-02,2023-11-18,2023-10-24,2024-01-31,2,19.9,Falta de tempo,1
2888,21,Basico,Mensal,19.9,Sudeste,Instagram,10,2022-10-05,,2024-01-10,2024-01-31,12,412.1,,0
1345,58,básico,Mensal,19.9,Sudeste,indicação,7,2021-06-11,2023-05-27,2023-04-27,2024-01-31,3,190.9,Preço,1
2645,31,Padrao,Anual,3490,Sudeste,Instagram,4,2022-03-29,2023-09-10,2023-08-11,2024-01-31,3,126.7,Pouco conteúdo novo,1
4104,25,Basico,Mensal,19.9,Sudeste,google,6,2023-01-06,,2024-01-13,2024-01-31,16,399.6,,0
2988,25,Padrao,Mensal,34.9,Sul,Organico,7,2021-09-07,,2024-01-03,2024-01-31,14,599.1,,0
2573,28,Premium,Anual,55.9,Sudeste,Google,1,2022-12-18,2023-10-21,2023-09-21,2024-01-31,0,0,Pouco conteúdo novo,1
2458,50,padrão,Mensal,34.9,Nordeste,instagram,10,2021-09-28,,2024-01-22,2024-01-31,16,900,,0
1995,39,básico,Mensal,19.9,Sul,indicação,7,2022-02-08,2023-06-30,2023-06-04,2024-01-31,2,69.5,Problema técnico,1
5282,36,premium,Mensal,55.9,Sudeste,Google,7,2023-01-13,,2024-01-23,2024-01-31,12,271.7,,0
5446,29,premium,Mensal,55.9,Sudeste,Google,3,2021-11-24,,2024-01-23,2024-01-31,19,900,,0
4807,28,Premium,Mensal,55.9,Nordeste,orgânico,2,2023-09-09,2024-01-10,2023-12-10,2024-01-31,4,31.4,Falta de tempo,1
4295,48,Premium,Mensal,55.9,Centro-Oeste,IG,5,2023-05-27,,2024-01-07,2024-01-31,13,157.9,,0
3034,61,Premium,Mensal,55.9,Sul,Organico,4,2023-07-17,2023-12-05,2023-11-11,2024-01-31,4,52,preco,1
3128,52,Padrão,Mensal,34.9,Nordeste,Indicacao,4,2022-10-22,,2024-01-19,2024-01-31,15,519.5,,0
4223,34,BASICO,Anual,19.9,Sudeste,Indicacao,9,2022-02-16,,2024-01-27,2024-01-31,13,610.7,,0
2894,50,Basico,Mensal,19.9,Norte,Indicacao,3,2022-06-28,2023-09-13,2023-08-17,2024-01-31,1,42.9,Preço,1
5639,18,premium,Mensal,55.9,Nordeste,IG,9,2021-09-16,,2024-01-09,2024-01-31,6,377.4,,0
2928,28,BASICO,Mensal,19.9,Nordeste,Instagram,2,2023-04-14,2023-09-08,2023-08-02,2024-01-31,2,40.6,Problema técnico,1
2355,21,básico,Anual,19.9,Sudeste,indicação,10,2023-11-15,,2024-01-05,2024-01-31,12,37.1,,0
2063,33,Padrao,Mensal,34.9,Sudeste,indicação,4,2022-09-02,2023-08-18,2023-07-16,2024-01-31,1,36.4,problema tecnico,1
5779,32,Padrao,Mensal,34.9,Sudeste,orgânico,5,2023-06-22,,2024-01-17,2024-01-31,17,265.6,,0
4288,150,Padrao,Anual,34.9,Sul,IG,1,2022-12-27,2023-11-22,2023-11-13,2024-01-31,0,0,Pouco conteúdo novo,1
4716,30,premium,Mensal,55.9,Nordeste,orgânico,0,2022-02-04,2023-07-08,2023-07-01,2024-01-31,2,113.5,Preço,1
4757,57,BASICO,Anual,19.9,Sudeste,google,2,2023-11-06,2024-01-10,2023-12-06,2024-01-31,1,3.7,Problema técnico,1
1999,42,básico,Mensal,19.9,Sul,Indicacao,6,2023-09-18,2023-12-16,2023-12-09,2024-01-31,3,17.5,Falta de tempo,1
3385,42,Padrão,Mensal,34.9,Norte,Organico,4,2023-08-01,2023-12-24,2023-12-15,2024-01-31,9,122.1,Problema técnico,1
1095,31,Basico,Anual,19.9,Sudeste,Instagram,10,2023-03-29,,2024-01-02,2024-01-31,12,199.8,,0
2713,44,padrão,Mensal,34.9,Norte,Instagram,6,2022-03-26,,2024-01-14,2024-01-31,10,387.2,,0
1804,21,Basico,Mensal,19.9,Nordeste,IG,8,2023-07-04,,2024-01-30,2024-01-31,15,247.9,,0
3182,21,Padrao,Mensal,34.9,Sul,indicação,6,2022-06-13,,2024-01-16,2024-01-31,11,304.9,,0
1324,26,BASICO,Mensal,19.9,Sudeste,Google,9,2022-11-02,,2024-01-15,2024-01-31,13,324.6,,0
5693,43,Basico,Anual,19.9,Sudeste,google,3,2023-05-03,,2024-01-26,2024-01-31,11,213.2,,0
2772,26,Padrão,Mensal,34.9,Centro-Oeste,indicação,10,2022-12-14,,2024-01-08,2024-01-31,7,190.5,,0
3927,33,básico,Mensal,19.9,Nordeste,indicação,7,2023-05-02,2023-11-10,2023-10-16,2024-01-31,2,42.4,Pouco conteúdo novo,1
2728,41,Premium,Mensal,55.9,Sudeste,instagram,7,2022-07-16,,2024-01-20,2024-01-31,20,739.8,,0
1913,28,Padrao,Anual,34.9,Sudeste,Indicacao,10,2022-06-23,,2024-01-02,2024-01-31,15,517.4,,0
2112,18,básico,Mensal,19.9,Sudeste,instagram,5,2023-08-01,2023-12-30,2023-12-22,2024-01-31,0,0,preco,1
3647,42,Basico,Mensal,19.9,Sudeste,indicação,2,2022-07-06,2023-07-04,,2024-01-31,0,0,Problema técnico,1
4455,21,premium,Anual,55.9,Centro-Oeste,orgânico,6,2023-07-19,,2024-01-17,2024-01-31,14,179,,0
1881,38,BASICO,Mensal,19.9,Nordeste,google,2,2023-01-29,2023-10-02,2023-09-07,2024-01-31,2,56.9,problema tecnico,1
2452,57,básico,Mensal,19.9,Sudeste,Organico,8,2022-06-19,2023-12-08,2023-10-31,2024-01-31,5,195,Pouco conteúdo novo,1
3273,19,Padrao,Anual,3490,Norte,Organico,8,2021-08-11,,2024-01-31,2024-01-31,9,639.6,,0
4591,36,padrão,Mensal,34.9,Sudeste,Instagram,10,2023-05-15,,2024-01-23,2024-01-31,10,147.7,,0
2786,49,premium,Mensal,55.9,Sul,Google,6,2023-06-13,2023-10-19,2023-09-21,2024-01-31,1,14.5,Problema técnico,1
5139,32,BASICO,Mensal,19.9,Centro-Oeste,instagram,6,2023-06-25,2024-01-09,2023-12-09,2024-01-31,5,60.5,Concorrente,1
4796,41,premium,Mensal,55.9,Sudeste,instagram,10,2022-03-30,,2024-01-24,2024-01-31,13,639.6,,0
3989,58,Basico,Anual,1990,Centro-Oeste,instagram,10,2022-09-15,,2024-01-20,2024-01-31,17,534.1,,0
2345,40,básico,Anual,19.9,Sudeste,Organico,9,2022-11-14,,2024-01-13,2024-01-31,16,385.6,,0
1863,18,básico,Mensal,19.9,Nordeste,Google,6,2023-02-24,,2024-01-20,2024-01-31,19,343.6,,0
5731,32,BASICO,Mensal,19.9,Nordeste,google,7,2023-09-01,,2024-01-24,2024-01-31,14,152.9,,0
3196,31,premium,Mensal,55.9,Sudeste,orgânico,3,2023-04-30,,2024-01-08,2024-01-31,15,234.4,,0
1092,25,Padrao,Anual,34.9,Sudeste,Indicacao,5,2023-07-29,2023-12-24,2023-12-17,2024-01-31,1,9.3,Preço,1
5889,43,Padrao,Anual,34.9,Sudeste,IG,5,2022-05-05,,2024-01-15,2024-01-31,14,585.6,,0
1830,46,básico,Mensal,19.9,?,orgânico,6,2023-05-16,,2024-01-23,2024-01-31,19,301.9,,0
4463,38,padrão,Anual,34.9,Norte,orgânico,9,2023-10-24,,2024-01-08,2024-01-31,10,65.9,,0
5387,42,premium,Mensal,55.9,Centro-Oeste,orgânico,6,2023-01-11,2023-11-30,2023-11-15,2024-01-31,3,57.9,Pouco conteúdo novo,1
3978,43,Premium,Mensal,55.9,Sudeste,Indicacao,7,2022-11-26,,2024-01-27,2024-01-31,8,237.4,,0
3406,60,Padrao,Mensal,34.9,Sul,Organico,8,2022-09-19,,2024-01-20,2024-01-31,19,713.9,,0
5196,28,BASICO,Mensal,19.9,Sudeste,Organico,9,2021-02-06,,2024-01-06,2024-01-31,19,900,,0
5097,18,premium,Mensal,5590,Sudeste,indicação,4,2023-05-19,,2024-01-03,2024-01-31,13,197,,0
5940,44,Padrão,Mensal,34.9,Sudeste,Indicacao,7,2022-09-02,,2024-01-19,2024-01-31,14,532.6,,0
2357,23,Padrão,Anual,3490,Sudeste,Indicacao,9,2023-02-21,,2024-01-18,2024-01-31,15,258.5,,0
3138,18,padrão,Anual,34.9,Sul,orgânico,6,2022-05-18,,2024-01-19,2024-01-31,17,724.9,,0
3067,22,Premium,Mensal,5590,Sudeste,Instagram,4,2022-07-13,,2024-01-07,2024-01-31,14,445.5,,0
2385,57,padrão,Mensal,34.9,Sul,Instagram,4,2023-06-24,2023-10-28,2023-10-06,2024-01-31,4,58.6,Problema técnico,1
1214,28,premium,Mensal,55.9,Sul,IG,9,2021-06-11,,2024-01-09,2024-01-31,14,900,,0
5733,53,BASICO,Mensal,1990,Sudeste,orgânico,3,2022-02-05,2023-07-25,2023-07-18,2024-01-31,3,123.9,Falta de tempo,1
2066,22,básico,Mensal,19.9,Sudeste,IG,5,2022-06-24,,2024-01-07,2024-01-31,15,565.4,,0
4922,52,padrão,Mensal,3490,Sudeste,Instagram,6,2022-02-06,,2024-01-05,2024-01-31,19,900,,0
5815,23,BASICO,Mensal,19.9,Centro-Oeste,google,8,2022-01-10,2023-09-04,2023-08-21,2024-01-31,5,205.7,Pouco conteúdo novo,1
5165,19,Basico,Mensal,1990,Sudeste,Indicacao,5,2020-09-16,2023-08-19,2023-07-23,2024-01-31,2,174.6,Concorrente,1
3548,41,Padrao,Mensal,34.9,Nordeste,instagram,7,2023-09-13,,2024-01-06,2024-01-31,10,81,,0
5204,42,BASICO,Mensal,19.9,Sul,Organico,5,2022-08-13,2023-10-09,2023-09-17,2024-01-31,3,108.3,Pouco conteúdo novo,1
1118,33,Padrão,Mensal,3490,Nordeste,Indicacao,3,2023-01-28,2023-10-16,2023-09-08,2024-01-31,4,101.5,preco,1
3553,26,BASICO,Mensal,19.9,Centro-Oeste,Google,2,2023-09-13,2024-01-15,2024-01-10,2024-01-31,1,9.2,PREÇO,1
5901,44,básico,Anual,19.9,Sudeste,indicação,10,2022-11-10,,2024-01-29,2024-01-31,20,563,,0
5152,51,Premium,Mensal,55.9,Nordeste,orgânico,5,2022-01-11,,2024-01-12,2024-01-31,10,492.5,,0
5386,52,básico,Mensal,19.9,Nordeste,Google,6,2023-09-02,,2024-01-26,2024-01-31,9,67.6,,0
3784,39,Premium,Anual,5590,Sudeste,orgânico,7,2019-10-31,,2024-01-17,2024-01-31,16,900,,0
5494,33,padrão,Mensal,3490,Sudeste,Organico,7,2023-02-18,,2024-01-18,2024-01-31,13,339.7,,0
4082,34,Padrao,Mensal,34.9,Norte,google,6,2022-03-23,,2024-01-27,2024-01-31,17,676.9,,0
1957,37,BASICO,Mensal,19.9,Nordeste,google,3,2022-08-14,2023-11-20,2023-11-03,2024-01-31,2,77.6,Concorrente,1
4023,27,BASICO,Mensal,1990,Nordeste,Instagram,10,2023-11-27,,2024-01-28,2024-01-31,17,73.2,,0
1165,38,premium,Mensal,55.9,Sudeste,indicação,8,2021-04-06,,2024-01-19,2024-01-31,9,463.5,,0
4497,18,básico,Mensal,1990,Sudeste,indicação,10,2023-06-18,,2024-01-25,2024-01-31,16,224.1,,0
1201,59,básico,Mensal,19.9,Sudeste,indicação,8,2022-06-26,,2024-01-25,2024-01-31,13,574.3,,0
4954,47,BASICO,Mensal,19.9,Centro-Oeste,Instagram,7,2023-10-12,,2024-01-12,2024-01-31,12,56.8,,0
1238,50,padrão,Mensal,34.9,Norte,Instagram,5,2022-10-15,2023-08-05,2023-07-03,2024-01-31,1,22.3,Problema técnico,1
2977,30,premium,Anual,55.9,Sudeste,Organico,8,2023-10-25,,2024-01-24,2024-01-31,15,98.1,,0
5898,31,Padrão,Mensal,34.9,?,Google,5,2021-01-29,,2024-01-05,2024-01-31,11,845.3,,0
1985,22,padrão,Mensal,3490,Nordeste,Organico,8,2022-06-29,,2024-01-10,2024-01-31,22,611.8,,0
1552,51,Padrão,Mensal,34.9,Sudeste,Organico,9,2023-04-01,,2024-01-06,2024-01-31,13,276.1,,0
3713,29,Premium,Mensal,55.9,Nordeste,Indicacao,6,2021-10-06,,2024-01-19,2024-01-31,17,767.5,,0
2991,36,Padrao,Mensal,34.9,Nordeste,indicação,10,2023-08-27,,2024-01-31,2024-01-31,17,123.3,,0
1798,48,básico,Mensal,19.9,Nordeste,IG,10,2022-09-11,,2024-01-09,2024-01-31,15,416,,0
5677,28,Padrão,Mensal,34.9,Nordeste,Google,8,2022-02-06,,2024-01-13,2024-01-31,10,455.8,,0
5596,48,Padrão,Mensal,34.9,Centro-Oeste,instagram,4,2022-09-11,2023-06-07,2023-05-14,2024-01-31,2,46,problema tecnico,1
5484,26,Padrao,Mensal,34.9,Sudeste,instagram,5,2023-05-27,,2024-01-28,2024-01-31,17,213.7,,0
4469,66,Premium,Anual,55.9,Sudeste,Instagram,7,2023-07-14,,2024-01-17,2024-01-31,14,180.1,,0
2819,23,Basico,Mensal,19.9,Sudeste,Instagram,7,2023-10-15,2023-12-27,2023-12-24,2024-01-31,4,20.4,Falta de tempo,1
4037,46,padrão,Mensal,34.9,Sudeste,Google,10,2023-05-30,,2024-01-02,2024-01-31,12,201.3,,0
5949,43,BASICO,Anual,19.9,Sudeste,IG,7,2023-11-01,2023-12-25,2023-12-14,2024-01-31,2,14.2,Falta de tempo,1
2644,18,Padrão,Mensal,34.9,Centro-Oeste,Indicacao,5,2022-12-11,,2024-01-03,2024-01-31,21,617.9,,0
5998,50,Padrão,Mensal,34.9,Centro-Oeste,orgânico,6,2022-07-20,,2024-01-26,2024-01-31,14,394.3,,0
2907,19,Padrao,Anual,34.9,Centro-Oeste,Indicacao,8,2022-08-27,,2024-01-10,2024-01-31,10,261.8,,0
2280,39,premium,Anual,55.9,Sudeste,Instagram,7,2022-10-07,,2024-01-29,2024-01-31,13,347.4,,0
2399,27,Padrao,Mensal,3490,Centro-Oeste,orgânico,8,2023-08-31,,2024-01-20,2024-01-31,15,157.8,,0
3671,41,Padrão,Anual,3490,Norte,IG,6,2023-11-05,,2024-01-30,2024-01-31,18,68.8,,0
3039,42,padrão,Mensal,34.9,Sul,instagram,10,2023-01-25,,2024-01-07,2024-01-31,12,335.3,,0
1048,21,padrão,Mensal,34.9,Sudeste,instagram,6,2022-02-27,2023-11-15,2023-11-04,2024-01-31,6,264.5,Pouco conteúdo novo,1
4945,18,Premium,Mensal,55.9,Sudeste,google,7,2023-04-03,,2024-01-02,2024-01-31,10,167.1,,0
2254,59,BASICO,Mensal,19.9,Nordeste,IG,3,2023-07-20,2024-01-14,2023-12-13,2024-01-31,1,8.6,Falta de tempo,1
5544,40,Padrao,Mensal,34.9,Sudeste,orgânico,9,2023-02-19,,2024-01-23,2024-01-31,17,292.8,,0
5880,49,básico,Mensal,19.9,Sudeste,orgânico,10,2023-07-08,,2024-01-22,2024-01-31,9,102.7,,0
4263,22,Basico,Mensal,19.9,Sul,IG,3,2023-04-11,2023-11-02,2023-09-25,2024-01-31,2,30.5,Pouco conteúdo novo,1
1366,58,BASICO,Mensal,19.9,Nordeste,Indicacao,2,2023-06-23,2023-12-06,2023-11-27,2024-01-31,3,30.6,preco,1
3162,31,Padrão,Mensal,34.9,Norte,Indicacao,9,2022-03-27,,2024-01-17,2024-01-31,17,537.2,,0
4924,42,Padrão,Mensal,34.9,Sul,indicação,8,2023-05-26,,2024-01-24,2024-01-31,18,271.9,,0
2378,37,Premium,Anual,55.9,Sul,Organico,3,2023-07-31,2023-12-12,2023-11-23,2024-01-31,2,27.4,Falta de tempo,1
3838,28,BASICO,Anual,19.9,Centro-Oeste,orgânico,6,2021-02-08,,2024-01-10,2024-01-31,15,900,,0
3843,18,Padrao,Mensal,34.9,Norte,Organico,2,2023-04-03,2023-10-24,2023-09-19,2024-01-31,2,36.4,Concorrente,1
1740,43,Padrao,Mensal,34.9,Norte,Organico,10,2022-09-12,,2024-01-05,2024-01-31,13,445.6,,0
3944,33,Basico,Anual,19.9,Nordeste,Organico,3,2023-04-24,2023-10-29,2023-09-22,2024-01-31,3,40.2,Pouco conteúdo novo,1
4144,50,padrão,Anual,34.9,Sudeste,instagram,5,2023-08-30,,2024-01-23,2024-01-31,15,176.9,,0
2919,22,Premium,Mensal,55.9,Sudeste,orgânico,8,2023-11-05,,2024-01-28,2024-01-31,14,40.4,,0
4183,37,Padrão,Mensal,34.9,Sul,google,7,2022-11-29,,2024-01-07,2024-01-31,20,583.5,,0
4241,42,básico,Anual,19.9,Sul,Instagram,7,2021-09-25,,2024-01-08,2024-01-31,12,483.3,,0
3268,36,BASICO,Mensal,1990,Sul,Organico,4,2023-09-23,2024-01-01,2023-12-12,2024-01-31,2,19.1,Concorrente,1
1514,30,Basico,Mensal,19.9,Sudeste,Google,4,2023-04-06,2023-11-29,2023-11-06,2024-01-31,0,0,Pouco conteúdo novo,1
3198,37,BASICO,Mensal,19.9,Sudeste,google,8,2022-03-25,,2024-01-26,2024-01-31,12,549.9,,0
2739,41,padrão,Mensal,3490,Nordeste,google,5,2022-04-15,,2024-01-03,2024-01-31,14,498.3,,0
2431,23,Padrao,Mensal,34.9,Centro-Oeste,Organico,10,2023-07-27,,2024-01-26,2024-01-31,12,149.2,,0
3763,33,básico,Mensal,19.9,Centro-Oeste,Google,5,2023-01-09,,2024-01-18,2024-01-31,16,305.7,,0
2699,41,Premium,Mensal,55.9,Sudeste,Instagram,10,2021-10-11,,2024-01-25,2024-01-31,10,606.8,,0
5692,50,padrão,Mensal,34.9,Nordeste,Instagram,5,2021-12-09,,2024-01-15,2024-01-31,15,794.3,,0
5869,44,Padrao,Mensal,3490,Nordeste,orgânico,7,2023-04-04,,2024-01-13,2024-01-31,15,256.7,,0
2128,23,BASICO,Anual,19.9,Centro-Oeste,orgânico,5,2023-11-07,2023-12-28,2023-12-08,2024-01-31,4,12.9,Concorrente,1
5112,31,Padrão,Anual,34.9,?,orgânico,7,2021-03-17,,2024-01-30,2024-01-31,16,797.7,,0
5890,31,básico,Mensal,19.9,Nordeste,Organico,7,2022-09-11,,2024-01-24,2024-01-31,18,510.7,,0
4143,30,Padrão,Mensal,34.9,Sudeste,orgânico,7,2023-05-23,2023-10-20,2023-09-16,2024-01-31,4,67.4,Pouco conteúdo novo,1
4001,37,Padrao,Anual,34.9,Sudeste,orgânico,6,2022-03-08,,2024-01-21,2024-01-31,18,644.8,,0
5258,40,básico,Mensal,19.9,Sudeste,Organico,8,2022-12-25,,2024-01-06,2024-01-31,9,219,,0
3910,35,Premium,Mensal,55.9,Sudeste,Organico,2,2023-07-08,2023-12-02,2023-11-21,2024-01-31,1,14.3,preco,1
2633,43,padrão,Anual,34.9,Sudeste,instagram,8,2022-07-17,,2024-01-30,2024-01-31,12,476.7,,0
2809,44,padrão,Mensal,34.9,Nordeste,Indicacao,7,2022-07-26,,2024-01-19,2024-01-31,16,549.1,,0
5421,43,Padrão,Mensal,34.9,Centro-Oeste,Organico,9,2023-03-15,,2024-01-16,2024-01-31,13,270.7,,0
1503,55,padrão,Mensal,34.9,Sul,instagram,3,2023-08-22,2023-12-24,2023-12-08,2024-01-31,5,58.5,Falta de tempo,1
4494,21,Basico,Mensal,19.9,Norte,Indicacao,8,2022-10-02,,2024-01-10,2024-01-31,15,369.7,,0
2695,37,Padrao,Anual,3490,Sul,IG,2,2023-01-06,2023-11-12,2023-10-22,2024-01-31,1,23.1,Pouco conteúdo novo,1
5383,26,premium,Anual,55.9,Nordeste,Indicacao,8,2023-07-09,,2024-01-05,2024-01-31,15,172.9,,0
3236,56,Basico,Mensal,19.9,Centro-Oeste,orgânico,4,2022-08-15,2023-09-28,2023-09-06,2024-01-31,4,155.6,Problema técnico,1
2553,26,Padrao,Mensal,34.9,Sudeste,Indicacao,5,2021-11-12,,2024-01-23,2024-01-31,10,522.5,,0
1923,57,Basico,Anual,19.9,Sul,Google,5,2022-11-29,,2024-01-26,2024-01-31,11,352,,0
4769,34,Premium,Mensal,5590,Centro-Oeste,orgânico,8,2023-03-27,,2024-01-15,2024-01-31,17,268.7,,0
3315,32,BASICO,Mensal,19.9,Sudeste,instagram,7,2022-09-12,,2024-01-18,2024-01-31,15,535.4,,0
4963,26,básico,Mensal,19.9,Sudeste,Google,10,2022-01-09,,2024-01-11,2024-01-31,11,530.8,,0
5789,39,premium,Anual,55.9,Nordeste,orgânico,3,2023-08-13,2024-01-06,2023-12-12,2024-01-31,2,20.7,Concorrente,1
4102,58,padrão,Mensal,34.9,Sudeste,google,2,2022-09-19,,2024-01-25,2024-01-31,11,379.4,,0
1396,23,Padrao,Anual,34.9,Nordeste,IG,4,2023-06-30,2023-12-11,2023-12-06,2024-01-31,4,65,Falta de tempo,1
4715,28,Padrao,Mensal,3490,Sudeste,IG,9,2023-02-16,,2024-01-02,2024-01-31,11,193.7,,0
2657,32,Padrão,Mensal,34.9,Norte,IG,8,2023-04-18,,2024-01-14,2024-01-31,13,187.6,,0
3415,18,BASICO,Mensal,19.9,Sul,Indicacao,2,2022-05-20,2023-06-20,2023-05-16,2024-01-31,4,187.7,Pouco conteúdo novo,1
5868,66,premium,Mensal,55.9,Centro-Oeste,orgânico,4,2022-07-13,2023-07-14,2023-06-17,2024-01-31,3,129.2,problema tecnico,1
1268,32,Padrao,Mensal,3490,Nordeste,Instagram,10,2022-08-24,,2024-01-14,2024-01-31,16,498.8,,0
3356,35,premium,Mensal,55.9,Sudeste,IG,6,2021-10-16,,2024-01-21,2024-01-31,12,722.2,,0
4380,52,premium,Mensal,5590,Sudeste,Organico,9,2020-03-05,,2024-01-18,2024-01-31,11,900,,0
5103,45,Basico,Mensal,19.9,Sudeste,Instagram,9,2022-12-06,,2024-01-13,2024-01-31,11,357.1,,0
5941,49,Padrão,Mensal,34.9,Sul,IG,10,2022-06-27,,2024-01-06,2024-01-31,14,546.3,,0
4919,29,BASICO,Mensal,19.9,Centro-Oeste,orgânico,3,2022-12-24,2023-10-07,2023-09-16,2024-01-31,1,29.3,Concorrente,1
2242,38,Premium,Mensal,55.9,Sudeste,Google,2,2022-12-01,2023-11-05,2023-10-12,2024-01-31,3,93.7,preco,1
2647,27,padrão,Mensal,34.9,Nordeste,Instagram,2,2023-11-24,2024-01-07,2023-12-07,2024-01-31,3,13.2,PREÇO,1
1978,57,padrão,Mensal,34.9,Nordeste,instagram,4,2023-06-27,2024-01-12,2023-12-14,2024-01-31,1,16.3,Pouco conteúdo novo,1
5336,26,básico,Anual,19.9,Sul,google,6,2022-01-05,2023-06-15,2023-05-20,2024-01-31,1,57.4,problema tecnico,1
5552,44,Padrao,Mensal,34.9,Sudeste,indicação,5,2023-07-28,,2024-01-22,2024-01-31,14,159.7,,0
3869,23,básico,Mensal,19.9,Sudeste,orgânico,5,2023-01-15,2023-12-29,2023-12-22,2024-01-31,3,53.8,Pouco conteúdo novo,1
3673,41,Premium,Anual,5590,Sudeste,Instagram,10,2021-04-06,,2024-01-15,2024-01-31,13,722.1,,0
1107,18,Basico,Mensal,19.9,Norte,orgânico,6,2023-02-01,2023-10-04,2023-09-12,2024-01-31,4,90.8,problema tecnico,1
4206,36,básico,Mensal,19.9,Sudeste,IG,3,2023-03-22,2023-12-21,2023-11-18,2024-01-31,2,28.5,Outro,1
3752,33,premium,Mensal,55.9,Centro-Oeste,IG,5,2020-12-07,,2024-01-28,2024-01-31,18,900,,0
2937,55,BASICO,Mensal,19.9,Centro-Oeste,google,5,2021-11-26,,2024-01-30,2024-01-31,15,563.4,,0
2413,21,Padrao,Anual,34.9,Sul,IG,5,2023-02-05,2023-09-08,2023-08-28,2024-01-31,2,44,preco,1
2256,36,premium,Mensal,55.9,Nordeste,Organico,6,2023-07-08,2023-12-07,2023-11-24,2024-01-31,4,46.1,problema tecnico,1
5826,48,BASICO,Mensal,19.9,Sul,indicação,6,2023-02-17,,2024-01-19,2024-01-31,10,247.1,,0
5729,32,premium,Mensal,5590,Sul,Google,2,2022-10-20,2023-08-22,2023-08-17,2024-01-31,4,108.7,Outro,1
5117,35,Padrao,Mensal,3490,?,Organico,1,2023-06-14,2023-10-23,2023-09-25,2024-01-31,2,31.1,problema tecnico,1
1457,27,Premium,Mensal,55.9,Sudeste,IG,3,2023-06-29,2023-10-23,2023-10-19,2024-01-31,4,64.4,Outro,1
4323,33,Premium,Mensal,55.9,Nordeste,Instagram,8,2021-02-14,,2024-01-12,2024-01-31,10,641.3,,0
5236,30,premium,Mensal,55.9,Sudeste,Google,6,2023-02-12,,2024-01-24,2024-01-31,13,253.5,,0
3754,32,Basico,Mensal,1990,Sudeste,Organico,7,2021-11-04,,2024-01-19,2024-01-31,21,900,,0
1576,21,Basico,Mensal,19.9,Centro-Oeste,Organico,3,2023-07-12,,2024-01-24,2024-01-31,25,340.7,,0
5702,31,Padrao,Anual,34.9,Sudeste,orgânico,8,2023-07-19,,2024-01-12,2024-01-31,13,172.3,,0
4342,18,Premium,Mensal,55.9,Sul,Organico,7,2023-03-20,2023-10-08,2023-09-12,2024-01-31,3,54.8,Preço,1
3140,46,Premium,Anual,55.9,Sudeste,Instagram,6,2021-11-04,,2024-01-30,2024-01-31,15,815.7,,0
1816,26,premium,Anual,5590,Sul,Instagram,6,2022-09-22,,2024-01-13,2024-01-31,17,509.4,,0
5032,40,Padrão,Mensal,34.9,Sul,instagram,6,2021-11-18,,2024-01-30,2024-01-31,16,823.7,,0
5916,21,Basico,Mensal,19.9,Centro-Oeste,Organico,7,2022-09-25,,2024-01-24,2024-01-31,9,221.3,,0
1855,35,padrão,Mensal,34.9,Nordeste,Indicacao,7,2023-05-11,,2024-01-16,2024-01-31,14,240.8,,0
3917,52,premium,Mensal,55.9,Sudeste,instagram,5,2023-08-31,2024-01-15,2023-12-21,2024-01-31,3,31.6,Preço,1
2025,29,Basico,Mensal,19.9,Sudeste,google,10,2022-06-24,,2024-01-19,2024-01-31,12,447.3,,0
1142,37,básico,Mensal,19.9,Sul,indicação,7,2022-12-21,,2024-01-16,2024-01-31,7,185.7,,0
3865,35,premium,Mensal,5590,Norte,Organico,4,2023-08-23,2023-12-05,2023-11-20,2024-01-31,1,8.8,Pouco conteúdo novo,1
4530,32,Padrão,Mensal,34.9,Nordeste,indicação,10,2022-01-04,,2024-01-12,2024-01-31,17,844.5,,0
3024,26,básico,Mensal,19.9,Sul,indicação,7,2022-12-10,,2024-01-26,2024-01-31,15,281.8,,0
2473,30,básico,Mensal,19.9,Sudeste,Google,5,2022-04-02,,2024-01-11,2024-01-31,11,346.2,,0
3210,29,premium,Mensal,55.9,?,Instagram,9,2023-02-14,,2024-01-25,2024-01-31,11,272.5,,0
1333,34,padrão,Anual,34.9,Nordeste,orgânico,8,2022-08-29,,2024-01-14,2024-01-31,11,406,,0
1861,34,padrão,Mensal,34.9,Norte,Google,0,2022-11-18,2023-10-11,2023-10-05,2024-01-31,4,94.9,Pouco conteúdo novo,1
5586,31,Padrão,Mensal,34.9,Norte,Indicacao,7,2023-05-06,,2024-01-03,2024-01-31,13,256.8,,0
1616,54,Padrao,Mensal,34.9,Sul,orgânico,4,2022-07-08,2023-12-10,2023-11-22,2024-01-31,1,38.5,Pouco conteúdo novo,1
4824,39,Basico,Anual,19.9,Sudeste,orgânico,6,2023-06-13,2023-12-28,2023-11-26,2024-01-31,1,15.9,Pouco conteúdo novo,1
5508,46,premium,Mensal,55.9,Sul,Organico,10,2021-11-29,,2024-01-25,2024-01-31,12,728.2,,0
4710,29,premium,Anual,55.9,Centro-Oeste,Organico,8,2020-12-27,,2024-01-21,2024-01-31,8,506.9,,0
4498,38,Padrao,Mensal,34.9,Sudeste,Instagram,5,2023-09-14,2024-01-07,2023-12-15,2024-01-31,1,7.7,Outro,1
5222,39,básico,Mensal,19.9,Centro-Oeste,orgânico,9,2023-04-15,,2024-01-27,2024-01-31,15,268.3,,0
4354,42,Basico,Mensal,19.9,Sudeste,Organico,6,2023-10-29,,2024-01-27,2024-01-31,14,86.4,,0
1570,25,BASICO,Mensal,19.9,Norte,IG,7,2023-09-11,,2024-01-20,2024-01-31,13,84.1,,0
3758,37,BASICO,Mensal,19.9,Nordeste,indicação,7,2022-11-22,,2024-01-19,2024-01-31,10,230.5,,0
5277,21,Premium,Mensal,55.9,Nordeste,Organico,3,2022-12-04,,2024-01-18,2024-01-31,11,277.8,,0
1931,43,Premium,Mensal,55.9,Sul,Organico,9,2023-09-30,,2024-01-07,2024-01-31,14,84.8,,0
1327,50,básico,Mensal,19.9,Sudeste,IG,8,2021-03-07,2023-12-12,2023-11-07,2024-01-31,2,98.7,preco,1
2814,48,básico,Mensal,19.9,Sudeste,instagram,10,2022-09-21,,2024-01-09,2024-01-31,11,369.8,,0
2180,28,Padrao,Mensal,3490,Sudeste,google,7,2022-08-08,,2024-01-12,2024-01-31,10,302.3,,0
3627,40,padrão,Mensal,34.9,Centro-Oeste,google,8,2023-12-10,,2024-01-11,2024-01-31,17,27.4,,0
2401,44,padrão,Anual,34.9,Nordeste,Indicacao,9,2023-08-25,,2024-01-04,2024-01-31,13,117.6,,0
3005,31,Basico,Mensal,19.9,Sul,Instagram,5,2023-01-14,,2024-01-03,2024-01-31,11,221.3,,0
2578,40,Basico,Anual,19.9,Nordeste,Organico,3,2023-07-26,2024-01-13,2023-12-09,2024-01-31,1,13,Pouco conteúdo novo,1
3905,28,Basico,Anual,1990,Nordeste,IG,2,2023-11-11,2024-01-28,2023-12-21,2024-01-31,3,10.3,Falta de tempo,1
4581,26,básico,Mensal,19.9,Nordeste,orgânico,5,2022-08-21,,2024-01-03,2024-01-31,7,249.8,,0
1925,27,básico,Mensal,19.9,Nordeste,orgânico,4,2023-06-22,2024-01-20,2024-01-12,2024-01-31,1,13.1,Pouco conteúdo novo,1
4441,18,Basico,Mensal,19.9,Sudeste,Organico,10,2023-02-01,,2024-01-30,2024-01-31,8,134.7,,0
4049,35,Basico,Mensal,19.9,Sudeste,IG,8,2023-10-13,,2024-01-12,2024-01-31,21,133,,0
1951,23,básico,Anual,19.9,Sudeste,google,7,2022-04-10,,2024-01-29,2024-01-31,14,633,,0
5017,41,Padrão,Anual,34.9,Sul,Indicacao,8,2022-05-04,,2024-01-15,2024-01-31,12,366,,0
4782,40,padrão,Mensal,34.9,Sudeste,google,8,2023-08-08,,2024-01-07,2024-01-31,12,115.7,,0
4643,29,Premium,Anual,55.9,Norte,instagram,5,2023-04-30,2023-12-10,2023-11-04,2024-01-31,2,36.4,Pouco conteúdo novo,1
3292,46,Padrão,Mensal,34.9,?,instagram,7,2023-10-12,,2024-01-04,2024-01-31,19,94.4,,0
3369,37,BASICO,Mensal,19.9,Sudeste,orgânico,1,2023-12-14,2024-01-25,2024-01-22,2024-01-31,2,3.1,Pouco conteúdo novo,1
1787,35,Padrao,Mensal,3490,Centro-Oeste,IG,7,2023-01-16,,2024-01-22,2024-01-31,23,503.8,,0
1854,47,padrão,Mensal,34.9,Nordeste,orgânico,6,2023-01-25,,2024-01-30,2024-01-31,21,444,,0
4965,20,padrão,Anual,34.9,Sudeste,instagram,3,2023-08-28,2024-01-23,2023-12-31,2024-01-31,1,11.1,PREÇO,1
5841,38,BASICO,Mensal,19.9,Norte,Instagram,2,2023-08-29,2024-01-09,2023-12-08,2024-01-31,3,25.7,Pouco conteúdo novo,1
4179,30,premium,Mensal,55.9,Nordeste,Instagram,7,2023-06-26,2023-11-24,2023-10-24,2024-01-31,3,37.9,Outro,1
4499,34,Basico,Mensal,19.9,Nordeste,orgânico,4,2023-06-14,2023-11-04,2023-10-17,2024-01-31,3,36,preco,1
5161,35,Padrão,Mensal,34.9,Sul,indicação,4,2021-06-18,,2024-01-25,2024-01-31,10,470.9,,0
5517,29,Premium,Mensal,55.9,Sudeste,instagram,4,2022-10-21,2023-11-13,2023-10-29,2024-01-31,2,60.5,Concorrente,1
2832,53,padrão,Anual,34.9,Sul,Organico,5,2022-10-12,,2024-01-11,2024-01-31,7,167.3,,0
1280,29,premium,Mensal,55.9,Centro-Oeste,orgânico,3,2023-02-04,2024-01-06,2023-11-30,2024-01-31,3,85.2,preco,1
2124,34,Padrao,Mensal,34.9,Sudeste,Instagram,4,2022-06-04,,2024-01-21,2024-01-31,14,462.3,,0
3929,25,Padrao,Mensal,34.9,Sudeste,Organico,6,2022-09-15,2023-11-08,2023-11-04,2024-01-31,2,53.9,PREÇO,1
3695,46,Padrão,Mensal,34.9,Norte,indicação,2,2021-02-08,,2024-01-19,2024-01-31,13,814.1,,0
5769,44,Premium,Mensal,55.9,Norte,instagram,9,2022-12-04,,2024-01-12,2024-01-31,14,430.3,,0
4679,43,padrão,Mensal,34.9,Sudeste,indicação,7,2021-11-11,,2024-01-22,2024-01-31,13,754.7,,0
5197,29,Padrão,Mensal,34.9,Norte,indicação,5,2022-07-24,2023-05-05,2023-04-21,2024-01-31,3,115.9,Pouco conteúdo novo,1
4977,38,padrão,Mensal,34.9,Sudeste,google,9,2023-11-17,,2024-01-15,2024-01-31,18,80.1,,0
2030,43,básico,Mensal,1990,Nordeste,Indicacao,8,2022-07-23,,2024-01-16,2024-01-31,20,605.6,,0
3233,35,básico,Mensal,19.9,Nordeste,Google,7,2022-12-14,,2024-01-02,2024-01-31,10,227.6,,0
3932,34,BASICO,Mensal,19.9,Sul,indicação,7,2023-07-14,,2024-01-19,2024-01-31,23,220.8,,0
2318,37,Premium,Mensal,55.9,Sudeste,Google,4,2023-07-01,,2024-01-28,2024-01-31,14,212.9,,0
4154,45,Basico,Mensal,19.9,Centro-Oeste,Google,7,2023-10-11,,2024-01-02,2024-01-31,13,57.5,,0
5999,50,Padrão,Mensal,34.9,Nordeste,Indicacao,7,2022-07-15,,2024-01-07,2024-01-31,17,471.6,,0
1056,49,padrão,Mensal,34.9,Sudeste,Organico,7,2023-03-22,,2024-01-31,2024-01-31,12,232.5,,0
4199,24,básico,Mensal,19.9,Sul,Organico,8,2022-10-01,,2024-01-18,2024-01-31,12,415.5,,0
1844,48,padrão,Anual,34.9,Sul,orgânico,5,2023-04-28,2023-11-27,2023-11-11,2024-01-31,3,51.7,Pouco conteúdo novo,1
3330,31,Basico,Mensal,19.9,Sudeste,indicação,6,2023-01-27,,2024-01-31,2024-01-31,12,281,,0
5084,33,BASICO,Mensal,1990,Norte,indicação,9,2023-05-28,,2024-01-06,2024-01-31,21,341.1,,0
1771,31,premium,Mensal,55.9,Centro-Oeste,indicação,6,2023-06-11,2023-12-29,2023-12-26,2024-01-31,0,0,PREÇO,1
3303,30,premium,Mensal,55.9,Sudeste,Indicacao,5,2023-10-06,2024-01-12,2023-12-08,2024-01-31,2,11.4,PREÇO,1
2353,28,Padrão,Mensal,34.9,Nordeste,orgânico,4,2022-06-23,,2024-01-13,2024-01-31,20,624.7,,0
3283,22,padrão,Anual,34.9,Sul,Organico,3,2022-12-17,2024-01-17,2023-12-25,2024-01-31,2,49.7,PREÇO,1
5653,39,Premium,Anual,55.9,Centro-Oeste,indicação,1,2023-08-29,2023-12-22,2023-11-24,2024-01-31,1,7.7,Preço,1
4612,33,Padrao,Mensal,34.9,Sudeste,Instagram,10,2023-07-14,,2024-01-29,2024-01-31,12,154.5,,0
2286,32,BASICO,Mensal,19.9,Norte,google,10,2023-03-15,,2024-01-12,2024-01-31,17,248.8,,0
3391,49,Padrão,Mensal,34.9,Nordeste,Indicacao,9,2022-12-15,,2024-01-18,2024-01-31,11,249.7,,0
2811,45,básico,Mensal,19.9,Sudeste,Organico,6,2022-09-11,,2024-01-19,2024-01-31,19,557.2,,0
1338,53,básico,Mensal,19.9,Centro-Oeste,instagram,3,2021-08-25,,2024-01-05,2024-01-31,15,718.4,,0
5568,48,Padrão,Anual,34.9,Nordeste,instagram,3,2023-08-19,2024-01-04,2023-12-26,2024-01-31,4,40.7,Problema técnico,1
4038,39,básico,Mensal,19.9,Sudeste,indicação,6,2023-07-24,,2024-01-13,2024-01-31,13,115.5,,0
2428,37,Basico,Mensal,19.9,Sudeste,indicação,6,2023-04-17,2024-01-12,2023-12-16,2024-01-31,3,42.8,Pouco conteúdo novo,1
5404,29,BASICO,Anual,19.9,Sul,IG,5,2023-04-21,,2024-01-02,2024-01-31,17,336.7,,0
5909,58,Padrao,Anual,34.9,Sudeste,Organico,6,2023-02-22,2023-08-26,2023-08-20,2024-01-31,0,0,Preço,1
1315,19,Basico,Mensal,19.9,Sudeste,Organico,6,2022-08-18,,2024-01-31,2024-01-31,16,432.7,,0
5021,47,padrão,Anual,34.9,Sul,instagram,9,2022-05-18,,2024-01-08,2024-01-31,11,500.7,,0
4192,30,BASICO,Mensal,19.9,Sudeste,Indicacao,7,2023-06-21,,2024-01-16,2024-01-31,17,175.5,,0
4373,30,premium,Mensal,55.9,Sudeste,Organico,6,2022-11-20,,2024-01-18,2024-01-31,10,321.5,,0
1207,18,padrão,Mensal,34.9,Sudeste,instagram,7,2023-12-01,,2024-01-20,2024-01-31,13,42.9,,0
2442,23,Basico,Mensal,19.9,Sul,Instagram,7,2023-06-13,,2024-01-17,2024-01-31,21,210.7,,0
1368,31,premium,Mensal,55.9,Sudeste,Instagram,3,2023-07-05,2023-12-15,2023-11-14,2024-01-31,6,60.9,Outro,1
5801,34,Padrão,Anual,34.9,Sul,orgânico,4,2023-10-19,,2024-01-15,2024-01-31,19,128.4,,0
3641,22,básico,Anual,19.9,Sudeste,orgânico,5,2021-04-20,,2024-01-08,2024-01-31,13,756.4,,0
5511,44,padrão,Mensal,34.9,Sudeste,Organico,7,2021-03-15,,2024-01-16,2024-01-31,7,374.6,,0
3704,20,básico,Anual,1990,Sudeste,google,7,2022-10-28,2023-11-10,2023-10-30,2024-01-31,5,106.7,Falta de tempo,1
2381,41,Padrão,Anual,34.9,Norte,Instagram,9,2023-05-13,,2024-01-28,2024-01-31,12,164.9,,0
2034,18,Padrão,Anual,34.9,Sudeste,instagram,6,2023-05-28,,2024-01-16,2024-01-31,12,218.9,,0
4601,44,básico,Mensal,19.9,Centro-Oeste,Indicacao,4,2023-04-04,2023-09-20,2023-08-26,2024-01-31,5,109.6,Pouco conteúdo novo,1
4681,46,Premium,Mensal,5590,Sudeste,Indicacao,5,2023-09-11,2023-12-25,2023-11-25,2024-01-31,1,5.8,PREÇO,1
4608,42,Basico,Mensal,19.9,Norte,Organico,0,2022-10-12,2023-09-27,2023-09-10,2024-01-31,4,108.5,preco,1
3849,29,Premium,Anual,55.9,Nordeste,google,8,2022-12-31,,2024-01-19,2024-01-31,8,201.7,,0
5246,30,Premium,Mensal,55.9,Sudeste,instagram,8,2022-08-09,,2024-01-22,2024-01-31,20,623.9,,0
1905,40,padrão,Mensal,34.9,Sul,Organico,10,2022-12-01,,,2024-01-31,6,159.9,,0
3844,44,BASICO,Mensal,19.9,Centro-Oeste,Google,7,2023-10-18,2023-12-28,2023-12-13,2024-01-31,2,11.4,Falta de tempo,1
3722,40,BASICO,Anual,19.9,Nordeste,orgânico,7,2020-07-03,,2024-01-23,2024-01-31,16,900,,0
1178,30,Premium,Mensal,55.9,Nordeste,indicação,10,2023-01-31,,2024-01-03,2024-01-31,14,384.5,,0
2006,37,padrão,Mensal,34.9,Sudeste,IG,5,2022-03-18,2023-05-18,2023-05-08,2024-01-31,2,96.3,PREÇO,1
3583,52,Basico,Mensal,19.9,Norte,indicação,5,2023-06-18,,2024-01-07,2024-01-31,20,223.6,,0
4491,49,Padrão,Mensal,34.9,Sudeste,Organico,7,2023-04-23,,2024-01-13,2024-01-31,13,279.8,,0
1608,29,Padrao,Mensal,34.9,Sudeste,IG,8,2022-04-06,,2024-01-13,2024-01-31,23,900,,0
4561,45,Padrão,Mensal,34.9,Sudeste,indicação,7,2022-09-06,,2024-01-13,2024-01-31,14,338.1,,0
1001,44,BASICO,Mensal,19.9,Nordeste,indicação,9,2023-08-27,,2024-01-07,2024-01-31,11,108.6,,0
3383,51,Basico,Mensal,19.9,Sudeste,IG,4,2023-12-29,,2024-01-25,2024-01-31,11,20.9,,0
4185,33,BASICO,Mensal,1990,Centro-Oeste,Organico,7,2023-01-05,,2024-01-18,2024-01-31,16,307.2,,0
5340,39,BASICO,Anual,19.9,Sudeste,Organico,6,2022-04-10,,2024-01-30,2024-01-31,12,593.5,,0
2640,32,Padrão,Anual,34.9,Sudeste,google,9,2022-12-06,,2024-01-08,2024-01-31,14,395.7,,0
4928,19,Padrão,Mensal,3490,Centro-Oeste,IG,9,2023-03-29,,2024-01-19,2024-01-31,11,251.7,,0
2422,40,Padrao,Mensal,34.9,Sul,IG,10,2022-09-24,,2024-01-27,2024-01-31,16,427.2,,0
4244,32,Padrao,Mensal,34.9,Nordeste,orgânico,7,2023-07-04,,2024-01-23,2024-01-31,16,193.5,,0
1648,37,básico,Mensal,19.9,Sul,IG,2,2023-08-30,,2024-01-07,2024-01-31,14,108.2,,0
3607,29,BASICO,Mensal,19.9,Sul,google,6,2022-06-22,2023-04-28,2023-04-23,2024-01-31,4,168.3,Preço,1
5608,43,Padrão,Mensal,34.9,Sudeste,google,10,2023-09-18,,2024-01-17,2024-01-31,12,90.3,,0
2002,31,Padrão,Mensal,34.9,Sul,Instagram,2,2023-11-23,2024-01-02,2023-12-05,2024-01-31,5,14.1,Problema técnico,1
5090,40,BASICO,Mensal,19.9,Sul,IG,0,2023-03-27,2023-12-16,2023-12-09,2024-01-31,2,38.9,problema tecnico,1
1187,38,Padrao,Mensal,34.9,Centro-Oeste,orgânico,5,2022-06-16,2023-09-30,2023-09-26,2024-01-31,3,111.9,Falta de tempo,1
5915,44,Padrão,Mensal,34.9,Sudeste,Google,9,2023-02-19,,2024-01-28,2024-01-31,13,273.4,,0
3279,29,Padrão,Mensal,34.9,Sudeste,Organico,4,2021-09-10,,2024-01-22,2024-01-31,13,829.2,,0
2310,20,Basico,Mensal,19.9,Nordeste,orgânico,10,2021-06-27,,2024-01-08,2024-01-31,18,900,,0
3335,34,premium,Mensal,55.9,Sul,Indicacao,6,2022-03-24,,2024-01-13,2024-01-31,10,339.2,,0
2612,25,Basico,Mensal,19.9,Sul,Google,6,2023-07-10,,2024-01-18,2024-01-31,12,136,,0
1774,56,básico,Mensal,19.9,?,Instagram,5,2023-09-18,2024-01-20,2023-12-15,2024-01-31,0,0,Falta de tempo,1
2272,34,Premium,Anual,55.9,Sul,orgânico,7,2021-10-05,2023-09-25,2023-08-26,2024-01-31,6,362.4,Pouco conteúdo novo,1
3847,45,básico,Mensal,19.9,Centro-Oeste,google,5,2023-03-10,,2024-01-28,2024-01-31,12,180.2,,0
4575,36,básico,Mensal,19.9,Sudeste,orgânico,6,2022-10-07,,2024-01-19,2024-01-31,15,492.2,,0
5860,19,padrão,Anual,34.9,Centro-Oeste,IG,6,2023-06-03,,2024-01-07,2024-01-31,9,144.2,,0
4672,45,Basico,Mensal,19.9,Sul,IG,2,2022-12-25,2023-10-14,2023-10-08,2024-01-31,2,43.2,problema tecnico,1
3803,50,premium,Mensal,55.9,Sudeste,google,10,2023-08-25,,2024-01-05,2024-01-31,14,136.7,,0
2716,24,Padrão,Anual,34.9,?,instagram,3,2022-03-16,2023-08-19,2023-08-12,2024-01-31,1,44.9,Pouco conteúdo novo,1
5101,35,básico,Mensal,19.9,Nordeste,IG,7,2022-08-26,,2024-01-05,2024-01-31,17,424.8,,0
3022,37,Premium,Anual,55.9,Sudeste,Google,6,2023-07-25,,2024-01-13,2024-01-31,14,145.8,,0
2249,31,Padrao,Anual,34.9,Sul,Organico,3,2023-03-11,,2024-01-08,2024-01-31,12,204.3,,0
3662,50,Padrao,Mensal,34.9,Nordeste,indicação,7,2023-02-27,2023-10-31,2023-10-19,2024-01-31,4,77.4,problema tecnico,1
4729,44,Padrão,Mensal,34.9,Sudeste,Indicacao,6,2023-12-24,2024-01-21,2023-12-24,2024-01-31,3,4.8,Falta de tempo,1
3762,40,padrão,Mensal,34.9,Sudeste,google,8,2021-12-29,,2024-01-08,2024-01-31,16,900,,0
1352,36,Padrão,Mensal,34.9,Sul,indicação,1,2022-09-20,2023-08-11,2023-07-06,2024-01-31,4,101.3,Pouco conteúdo novo,1
1564,29,padrão,Mensal,34.9,Sul,IG,6,2021-09-28,,2024-01-19,2024-01-31,15,791.2,,0
1386,48,básico,Mensal,19.9,Sudeste,IG,5,2023-08-15,2023-11-16,2023-11-09,2024-01-31,3,28.9,Pouco conteúdo novo,1
3234,47,Padrao,Mensal,34.9,Sudeste,orgânico,5,2023-08-08,2024-01-17,2024-01-08,2024-01-31,3,21.1,Preço,1
4995,47,Basico,Mensal,19.9,Sudeste,orgânico,8,2021-08-29,,2024-01-31,2024-01-31,21,900,,0
4655,49,premium,Anual,55.9,Centro-Oeste,instagram,5,2022-11-04,2023-12-22,2023-12-13,2024-01-31,7,201,Concorrente,1
4386,29,BASICO,Anual,19.9,Nordeste,google,7,2022-09-11,,2024-01-14,2024-01-31,22,796.4,,0
3027,37,padrão,Mensal,34.9,Nordeste,Organico,10,2023-05-25,,2024-01-12,2024-01-31,14,265.2,,0
2513,26,padrão,Mensal,34.9,Sul,indicação,10,2022-03-16,,2024-01-27,2024-01-31,21,823.8,,0
5451,31,premium,Anual,55.9,Sudeste,Organico,9,2021-10-16,,2024-01-19,2024-01-31,16,719.5,,0
3309,45,Basico,Mensal,19.9,Sul,instagram,9,2022-07-06,,2024-01-25,2024-01-31,16,463.1,,0
4727,46,básico,Mensal,19.9,Sudeste,Google,6,2023-10-11,2024-01-12,2023-12-08,2024-01-31,6,38.3,Preço,1
3952,42,básico,Mensal,19.9,Sudeste,Organico,7,2021-09-09,,2024-01-13,2024-01-31,13,862.9,,0
1385,58,BASICO,Mensal,19.9,Sudeste,Indicacao,1,2022-07-27,2023-08-05,2023-07-10,2024-01-31,2,68.9,Outro,1
3300,36,Padrão,Mensal,34.9,Sudeste,Indicacao,6,2023-10-25,,2024-01-13,2024-01-31,17,104.3,,0
5380,39,básico,Anual,19.9,Sudeste,orgânico,4,2022-05-25,2023-04-11,2023-03-22,2024-01-31,3,128.5,Outro,1
2658,27,Basico,Mensal,19.9,Sul,Indicacao,9,2022-05-01,,2024-01-27,2024-01-31,12,395.7,,0
1678,28,premium,Mensal,55.9,Centro-Oeste,Indicacao,7,2023-10-20,2023-12-28,2023-11-23,2024-01-31,2,10,Concorrente,1
1074,26,Padrão,Mensal,34.9,Sudeste,google,8,2023-01-10,,2024-01-10,2024-01-31,10,216.6,,0
1598,40,BASICO,Mensal,19.9,Nordeste,orgânico,10,2021-09-26,,2024-01-03,2024-01-31,17,900,,0
2725,53,premium,Mensal,5590,Nordeste,IG,5,2022-09-29,,2024-01-06,2024-01-31,17,442.1,,0
1316,43,Padrao,Mensal,34.9,Sudeste,IG,8,2022-07-25,,2024-01-12,2024-01-31,9,257.6,,0
1937,36,BASICO,Mensal,1990,Nordeste,instagram,0,2023-06-08,2023-12-12,2023-11-11,2024-01-31,3,45.2,Pouco conteúdo novo,1
2468,31,Premium,Mensal,55.9,Nordeste,Organico,7,2022-06-07,,2024-01-19,2024-01-31,15,579.6,,0
2454,39,padrão,Anual,34.9,Norte,Indicacao,7,2022-09-20,,2024-01-09,2024-01-31,10,310.6,,0
2147,39,Padrao,Anual,34.9,Sudeste,Organico,8,2022-12-11,,2024-01-12,2024-01-31,15,371.5,,0
4087,49,premium,Mensal,55.9,Sudeste,Instagram,6,2022-12-13,,2024-01-03,2024-01-31,12,219.3,,0
2306,38,Premium,Mensal,55.9,Nordeste,instagram,6,2023-11-09,,2024-01-03,2024-01-31,16,48,,0
4810,21,básico,Mensal,19.9,Sul,Organico,8,2022-08-13,,2024-01-24,2024-01-31,14,501.3,,0
4936,36,Basico,Mensal,19.9,Centro-Oeste,Organico,8,2021-10-06,,2024-01-14,2024-01-31,14,785.6,,0
1423,41,BASICO,Mensal,19.9,Sudeste,orgânico,6,2022-02-24,,2024-01-06,2024-01-31,17,699.9,,0
3371,44,básico,Anual,19.9,Nordeste,Organico,5,2023-10-23,2024-01-22,2023-12-31,2024-01-31,5,25.6,problema tecnico,1
4589,30,BASICO,Mensal,19.9,Centro-Oeste,instagram,3,2023-11-24,2024-01-06,2023-12-21,2024-01-31,4,11.6,Pouco conteúdo novo,1
5658,38,padrão,Mensal,34.9,Nordeste,google,7,2022-08-21,2024-01-01,2023-12-25,2024-01-31,2,78,Pouco conteúdo novo,1
5575,42,BASICO,Mensal,1990,Nordeste,Instagram,6,2022-03-26,,2024-01-06,2024-01-31,16,737.6,,0
3683,53,Premium,Anual,55.9,Sul,orgânico,6,2023-06-16,,2024-01-22,2024-01-31,13,142.4,,0
4164,33,padrão,Anual,34.9,Sudeste,IG,2,2023-04-12,2024-01-16,2023-12-09,2024-01-31,3,51.3,Falta de tempo,1
2845,18,BASICO,Mensal,19.9,Sul,orgânico,7,2023-09-07,,2024-01-05,2024-01-31,21,194.3,,0
2267,33,premium,Mensal,5590,Norte,indicação,9,2022-06-13,,2024-01-02,2024-01-31,23,683.9,,0
2285,78,BASICO,Mensal,19.9,Sudeste,IG,8,2023-01-03,,2024-01-29,2024-01-31,18,473.3,,0
2472,35,Padrão,Mensal,3490,Sudeste,orgânico,7,2022-09-24,,2024-01-27,2024-01-31,10,241.7,,0
4046,45,básico,Mensal,19.9,Sudeste,google,7,2022-12-16,,2024-01-09,2024-01-31,17,375.1,,0
2078,35,padrão,Mensal,34.9,Sul,indicação,4,2023-11-25,2024-01-06,2023-12-15,2024-01-31,4,16.7,Falta de tempo,1
4257,26,padrão,Mensal,34.9,Nordeste,orgânico,6,2020-12-10,,2024-01-28,2024-01-31,14,855.4,,0
3432,33,Basico,Mensal,19.9,Sudeste,Organico,5,2023-07-09,2023-11-16,2023-10-27,2024-01-31,2,21.6,Falta de tempo,1
3791,30,Padrão,Mensal,3490,Norte,google,7,2023-08-16,,2024-01-22,2024-01-31,9,92.8,,0
4680,35,básico,Mensal,19.9,Sudeste,orgânico,9,2022-07-16,,2024-01-12,2024-01-31,15,493.5,,0
1286,37,Padrao,Mensal,34.9,Sudeste,Instagram,6,2022-03-25,,2024-01-24,2024-01-31,18,867.1,,0
1955,38,BASICO,Mensal,19.9,Sul,Organico,8,2022-10-05,,2024-01-30,2024-01-31,19,521.4,,0
1152,47,básico,Anual,19.9,Sul,google,2,2023-08-02,2023-12-24,2023-12-02,2024-01-31,4,50,problema tecnico,1
3837,41,premium,Mensal,55.9,Nordeste,indicação,7,2023-03-29,,2024-01-30,2024-01-31,10,207.7,,0
2016,42,premium,Mensal,55.9,Sul,Instagram,7,2022-12-11,,2024-01-31,2024-01-31,15,298.2,,0
1761,40,Basico,Mensal,19.9,Sul,Organico,5,2022-04-16,,2024-01-06,2024-01-31,13,406.3,,0
1477,41,Basico,Mensal,19.9,Nordeste,Organico,5,2023-01-26,2023-08-03,2023-07-18,2024-01-31,1,18.7,Pouco conteúdo novo,1
1984,40,básico,Anual,19.9,Sudeste,Indicacao,10,2023-08-18,,2024-01-21,2024-01-31,8,85.7,,0
3795,31,básico,Mensal,19.9,Sudeste,indicação,10,2022-06-21,,2024-01-28,2024-01-31,12,456.6,,0
4859,32,padrão,Anual,34.9,Sudeste,instagram,7,2023-02-20,,2024-01-02,2024-01-31,12,274.4,,0
1262,35,Padrao,Mensal,34.9,Sudeste,instagram,10,2022-09-28,,2024-01-24,2024-01-31,13,491.5,,0
4129,42,básico,Mensal,19.9,Sudeste,orgânico,4,2022-07-17,2023-08-17,2023-07-29,2024-01-31,2,69.4,PREÇO,1
1429,53,básico,Mensal,19.9,Sul,orgânico,9,2021-08-02,,2024-01-24,2024-01-31,16,900,,0
3014,43,premium,Mensal,5590,Sudeste,google,7,2023-08-11,2023-12-13,2023-11-04,2024-01-31,2,21.6,Pouco conteúdo novo,1
3297,28,Premium,Mensal,55.9,Norte,IG,8,2022-11-16,,2024-01-09,2024-01-31,11,309.5,,0
2564,28,Padrão,Mensal,34.9,Sudeste,orgânico,10,2021-05-11,,2024-01-07,2024-01-31,15,900,,0
2792,37,básico,Mensal,19.9,Nordeste,orgânico,10,2023-03-03,,2024-01-08,2024-01-31,11,208.8,,0
1019,28,Premium,Anual,55.9,Sudeste,IG,5,2023-12-28,2024-01-18,2023-12-28,2024-01-31,2,4.3,Falta de tempo,1
5900,45,premium,Anual,5590,Nordeste,Instagram,8,2022-12-21,,2024-01-17,2024-01-31,13,325.5,,0
5033,24,BASICO,Anual,19.9,Sudeste,Organico,2,2023-09-24,2024-01-10,2024-01-02,2024-01-31,1,6.8,Problema técnico,1
5455,44,premium,Mensal,55.9,Sudeste,Indicacao,7,2023-07-26,,2024-01-25,2024-01-31,13,163.2,,0
3224,39,Basico,Mensal,19.9,Sudeste,instagram,5,2022-08-25,2023-09-25,2023-09-14,2024-01-31,6,150.4,Problema técnico,1
3596,21,Premium,Anual,55.9,Sudeste,Organico,6,2022-06-13,,2024-01-12,2024-01-31,18,548,,0
1806,27,básico,Anual,19.9,Nordeste,google,6,2023-07-25,,2024-01-05,2024-01-31,9,117.5,,0
2509,30,Padrao,Mensal,34.9,Nordeste,orgânico,6,2023-01-29,,2024-01-28,2024-01-31,21,504.7,,0
3771,37,padrão,Mensal,3490,Norte,Indicacao,9,2020-09-24,,2024-01-05,2024-01-31,12,900,,0
3969,33,Padrao,Mensal,34.9,Sul,google,6,2020-06-10,,2024-01-11,2024-01-31,12,833.6,,0
3866,18,básico,Mensal,19.9,Sudeste,orgânico,10,2022-08-25,,2024-01-13,2024-01-31,16,497.5,,0
4474,28,premium,Mensal,55.9,Sudeste,indicação,3,2022-03-17,2023-07-26,2023-06-18,2024-01-31,1,34.3,Concorrente,1
3035,46,Padrão,Mensal,34.9,Centro-Oeste,orgânico,3,2023-11-01,2023-12-26,2023-12-14,2024-01-31,1,6.7,Pouco conteúdo novo,1
1342,45,premium,Mensal,55.9,Sudeste,indicação,7,2022-07-04,,2024-01-19,2024-01-31,23,642.5,,0
1353,55,Padrão,Mensal,34.9,Sul,orgânico,9,2023-06-11,,2024-01-16,2024-01-31,11,131.6,,0
4974,24,BASICO,Mensal,19.9,Nordeste,indicação,4,2022-08-16,2023-10-17,2023-09-19,2024-01-31,4,142.4,preco,1
3568,34,Basico,Mensal,19.9,Nordeste,Google,8,2023-01-21,,2024-01-03,2024-01-31,13,291,,0
3725,30,premium,Anual,55.9,Centro-Oeste,IG,6,2021-10-21,,2024-01-16,2024-01-31,12,624,,0
1015,45,premium,Mensal,55.9,Sudeste,google,7,2023-07-29,2023-12-17,2023-11-22,2024-01-31,2,17.8,Preço,1
5764,33,Padrão,Anual,34.9,Norte,IG,8,2023-06-15,,2024-01-14,2024-01-31,17,191.9,,0
5485,53,padrão,Anual,34.9,Sul,instagram,7,2022-12-11,,2024-01-23,2024-01-31,8,202.6,,0
1842,55,BASICO,Mensal,19.9,?,IG,10,2021-04-08,,2024-01-26,2024-01-31,13,900,,0
3612,44,padrão,Anual,34.9,Norte,indicação,7,2022-06-19,,2024-01-22,2024-01-31,9,329.8,,0
1809,40,Premium,Mensal,55.9,Sudeste,orgânico,7,2023-08-07,,2024-01-04,2024-01-31,18,153.8,,0
1337,36,BASICO,Anual,19.9,Sudeste,Indicacao,8,2022-10-28,,2024-01-14,2024-01-31,11,346.9,,0
1051,38,Basico,Mensal,19.9,Sul,Indicacao,4,2021-04-19,,2024-01-25,2024-01-31,10,668.2,,0
5069,21,premium,Mensal,55.9,Norte,IG,5,2022-01-07,,2024-01-03,2024-01-31,14,629.3,,0
5408,39,premium,Mensal,55.9,Norte,orgânico,7,2023-11-01,2024-01-10,2023-12-19,2024-01-31,4,20.1,problema tecnico,1
4132,39,básico,Anual,19.9,Sudeste,indicação,10,2022-11-23,,2024-01-14,2024-01-31,17,564.4,,0
4967,41,básico,Mensal,19.9,Sudeste,IG,8,2023-06-12,,2024-01-30,2024-01-31,14,185.4,,0
3841,41,Padrao,Mensal,34.9,Nordeste,google,5,2022-11-12,,2024-01-23,2024-01-31,11,244.4,,0
4642,50,Basico,Mensal,19.9,Sudeste,Organico,2,2023-03-03,2023-11-25,2023-10-28,2024-01-31,3,56.1,Falta de tempo,1
2497,22,Padrao,Mensal,34.9,Sudeste,Google,7,2023-08-04,,2024-01-25,2024-01-31,10,127.6,,0
3442,47,premium,Mensal,55.9,Norte,IG,10,2020-07-20,,2024-01-24,2024-01-31,13,900,,0
4081,29,Padrão,Mensal,34.9,Nordeste,indicação,10,2021-11-15,,2024-01-04,2024-01-31,11,565.6,,0
1831,28,Padrao,Anual,34.9,Sudeste,Google,7,2023-05-24,2023-10-19,2023-09-26,2024-01-31,2,34.6,problema tecnico,1
3495,42,premium,Mensal,55.9,Nordeste,orgânico,5,2022-02-17,,2024-01-19,2024-01-31,8,318.6,,0
2323,41,Padrao,Mensal,34.9,Sul,Indicacao,8,2021-09-17,,2024-01-04,2024-01-31,14,626.7,,0
4019,29,padrão,Mensal,34.9,Nordeste,google,3,2023-07-20,2023-12-13,2023-11-05,2024-01-31,1,9.3,Falta de tempo,1
1560,31,padrão,Anual,34.9,Sudeste,IG,10,2022-10-16,,2024-01-16,2024-01-31,10,246.8,,0
3239,37,padrão,Mensal,34.9,Centro-Oeste,Google,10,2022-07-07,,2024-01-02,2024-01-31,11,314,,0
2855,49,Padrão,Anual,34.9,Norte,Instagram,7,2023-09-27,2023-12-29,2023-12-18,2024-01-31,3,17.9,Pouco conteúdo novo,1
3090,31,Basico,Mensal,19.9,Centro-Oeste,Organico,5,2021-06-25,,2024-01-05,2024-01-31,10,539.5,,0
1292,24,básico,Mensal,19.9,Nordeste,Organico,9,2023-06-14,,2024-01-17,2024-01-31,17,167.3,,0
2905,46,básico,Anual,19.9,Nordeste,Google,2,2023-09-13,2023-12-14,2023-11-12,2024-01-31,2,15.1,problema tecnico,1
4435,46,básico,Mensal,19.9,Sudeste,indicação,10,2023-04-04,,2024-01-21,2024-01-31,14,276.7,,0
2758,32,Basico,Mensal,1990,Centro-Oeste,Organico,10,2022-12-01,,2024-01-22,2024-01-31,13,303.3,,0
2383,41,BASICO,Mensal,19.9,Sudeste,google,4,2023-07-24,2023-11-05,2023-10-18,2024-01-31,2,25.9,Concorrente,1
4424,45,Basico,Mensal,19.9,Sudeste,instagram,1,2023-10-06,2024-01-24,2023-12-18,2024-01-31,3,14.7,problema tecnico,1
3031,35,Padrão,Anual,34.9,Sudeste,Organico,8,2023-08-19,,,2024-01-31,16,131.3,,0
1326,32,Padrao,Mensal,34.9,Sul,Indicacao,6,2023-07-28,2023-12-11,2023-11-03,2024-01-31,2,26.9,Preço,1
1430,50,padrão,Mensal,34.9,Sul,Google,5,2022-11-30,2023-08-30,2023-08-23,2024-01-31,6,170.7,Pouco conteúdo novo,1
1075,47,Padrao,Mensal,34.9,Sudeste,instagram,2,2023-08-31,2023-12-25,2023-12-01,2024-01-31,3,35,Pouco conteúdo novo,1
4299,38,padrão,Mensal,34.9,Nordeste,IG,8,2022-12-18,,2024-01-31,2024-01-31,18,432.2,,0
1638,52,Padrão,Mensal,34.9,Centro-Oeste,IG,8,2021-10-19,,2024-01-12,2024-01-31,10,414.6,,0
5893,21,básico,Anual,19.9,Sudeste,indicação,4,2023-07-24,2023-11-11,2023-10-04,2024-01-31,2,24.4,Preço,1
3095,40,padrão,Mensal,34.9,Nordeste,instagram,10,2022-05-02,,2024-01-24,2024-01-31,9,381.6,,0
1155,29,Padrao,Mensal,34.9,Norte,IG,7,2023-01-11,,2024-01-30,2024-01-31,8,201.1,,0
5800,45,Premium,Mensal,55.9,Sudeste,Instagram,10,2023-11-02,,2024-01-13,2024-01-31,14,59,,0
4224,26,Padrão,Anual,34.9,Norte,orgânico,6,2023-04-24,,2024-01-07,2024-01-31,16,322.7,,0
5040,42,Premium,Mensal,55.9,Centro-Oeste,instagram,5,2022-10-14,,2024-01-28,2024-01-31,10,234.9,,0
3400,23,Padrão,Mensal,34.9,Sul,google,7,2022-01-28,,2024-01-27,2024-01-31,10,532.3,,0
5663,53,premium,Mensal,55.9,Sudeste,orgânico,7,2023-05-15,,2024-01-13,2024-01-31,9,154.7,,0
3974,45,Padrao,Anual,34.9,Sul,orgânico,7,2022-03-02,,2024-01-28,2024-01-31,12,495.6,,0
4419,41,premium,Mensal,55.9,Norte,IG,8,2023-11-18,,2024-01-17,2024-01-31,9,34.2,,0
2867,48,Padrao,Mensal,34.9,Sudeste,google,5,2023-08-04,2023-12-29,2023-11-30,2024-01-31,3,27.2,preco,1
3042,53,básico,Anual,19.9,Centro-Oeste,Instagram,3,2022-05-23,2023-12-31,2023-11-27,2024-01-31,3,141.9,Pouco conteúdo novo,1
4909,37,Padrao,Mensal,34.9,Sudeste,IG,10,2022-07-13,,2024-01-07,2024-01-31,19,704.7,,0
1694,37,Basico,Mensal,19.9,Nordeste,Organico,1,2021-11-12,2023-06-01,2023-05-04,2024-01-31,3,186.9,PREÇO,1
4546,41,BASICO,Mensal,19.9,Sudeste,IG,5,2022-02-22,,2024-01-15,2024-01-31,23,900,,0
1813,42,Premium,Anual,55.9,Norte,Instagram,7,2023-11-02,,2024-01-09,2024-01-31,16,89.8,,0
4545,44,BASICO,Mensal,19.9,Sudeste,google,7,2021-11-09,,2024-01-20,2024-01-31,18,900,,0
4026,35,Basico,Anual,19.9,Sudeste,indicação,6,2023-01-02,,2024-01-20,2024-01-31,20,379,,0
4841,31,básico,Mensal,19.9,Sudeste,Instagram,3,2023-02-02,,2024-01-16,2024-01-31,13,261.5,,0
3167,38,Padrao,Mensal,34.9,Sul,Organico,7,2022-11-19,,2024-01-28,2024-01-31,16,464.7,,0
5726,65,básico,Mensal,19.9,Norte,google,10,2022-09-30,,2024-01-12,2024-01-31,13,306.1,,0
5100,44,Padrão,Mensal,3490,Sudeste,Indicacao,8,2023-06-16,2023-10-25,2023-10-03,2024-01-31,3,38.6,Pouco conteúdo novo,1
1158,43,Padrao,Anual,34.9,Sul,indicação,9,2022-12-23,,2024-01-11,2024-01-31,20,614.3,,0
1746,28,Padrão,Anual,3490,Sudeste,Indicacao,10,2023-01-01,,2024-01-22,2024-01-31,13,294.7,,0
1189,33,básico,Mensal,19.9,Sudeste,orgânico,8,2022-11-19,,2024-01-20,2024-01-31,11,353.1,,0
4035,40,padrão,Mensal,34.9,Sul,Instagram,7,2023-05-21,,2024-01-06,2024-01-31,16,220.9,,0
5291,38,padrão,Mensal,34.9,Sudeste,IG,10,2023-10-21,,2024-01-05,2024-01-31,12,54.5,,0
1956,34,básico,Mensal,19.9,Sudeste,orgânico,7,2023-09-16,,2024-01-27,2024-01-31,14,96.3,,0
3899,42,padrão,Mensal,34.9,Sul,Organico,8,2022-06-15,,2024-01-26,2024-01-31,15,621.4,,0
3101,59,básico,Anual,19.9,Sul,Instagram,8,2022-05-20,,2024-01-21,2024-01-31,10,418.7,,0
5329,41,padrão,Mensal,34.9,Sul,google,5,2022-11-12,,2024-01-11,2024-01-31,14,469.8,,0
5474,43,básico,Anual,19.9,Sul,Google,6,2023-03-04,,2024-01-21,2024-01-31,18,473.9,,0
2995,22,padrão,Mensal,3490,?,Organico,9,2022-12-27,,2024-01-12,2024-01-31,9,222.3,,0
1047,37,Basico,Anual,19.9,Sudeste,Indicacao,5,2023-06-12,2023-11-30,2023-11-15,2024-01-31,2,31.7,PREÇO,1
2225,39,BASICO,Anual,19.9,Nordeste,Indicacao,3,2023-07-14,2023-11-04,2023-09-29,2024-01-31,2,28.6,Problema técnico,1
5409,45,Padrao,Anual,3490,Sul,orgânico,8,2022-10-26,,2024-01-28,2024-01-31,9,283.8,,0
3006,27,Padrão,Mensal,34.9,Centro-Oeste,Google,10,2022-02-19,,2024-01-04,2024-01-31,14,684.9,,0
4962,47,padrão,Mensal,34.9,Sul,IG,10,2023-04-14,,2024-01-02,2024-01-31,17,334.3,,0
1986,31,premium,Mensal,55.9,Sudeste,indicação,10,2023-03-28,,2024-01-23,2024-01-31,14,296.7,,0
1523,29,padrão,Mensal,34.9,Sudeste,IG,7,2023-05-21,,2024-01-14,2024-01-31,17,235.7,,0
1461,36,premium,Mensal,55.9,Sudeste,google,3,2023-09-28,2024-01-24,2023-12-26,2024-01-31,2,17.4,Pouco conteúdo novo,1
4509,36,básico,Anual,1990,Sul,IG,6,2023-10-08,,2024-01-09,2024-01-31,9,53.6,,0
4664,35,premium,Mensal,55.9,Nordeste,orgânico,7,2023-05-10,2023-10-23,2023-10-13,2024-01-31,2,26.8,Problema técnico,1
2214,39,Premium,Mensal,55.9,Sul,orgânico,10,2023-05-09,,2024-01-09,2024-01-31,15,286.6,,0
2418,35,padrão,Mensal,3490,Nordeste,Organico,9,2021-04-20,,2024-01-15,2024-01-31,12,581.2,,0
5516,43,Padrao,Mensal,3490,Nordeste,orgânico,6,2023-09-02,,2024-01-12,2024-01-31,16,113,,0
5030,46,básico,Mensal,19.9,Sul,Google,9,2023-05-05,,2024-01-03,2024-01-31,12,191.7,,0
1063,20,padrão,Anual,34.9,Sudeste,Organico,4,2022-07-07,2023-10-22,2023-09-29,2024-01-31,0,0,Pouco conteúdo novo,1
3344,37,Premium,Mensal,5590,Norte,Organico,5,2023-03-19,2023-11-09,2023-10-11,2024-01-31,1,20.1,Pouco conteúdo novo,1
5015,27,BASICO,Mensal,19.9,Sudeste,indicação,8,2023-06-27,,2024-01-29,2024-01-31,19,233.2,,0
4146,32,Padrão,Mensal,34.9,Sudeste,google,9,2022-12-23,,2024-01-15,2024-01-31,18,505.7,,0
1677,39,BASICO,Mensal,19.9,Sudeste,Google,9,2022-01-01,,2024-01-11,2024-01-31,14,707.1,,0
3542,35,Padrão,Mensal,34.9,Sul,Indicacao,9,2022-06-01,,2024-01-04,2024-01-31,13,444.6,,0
4214,33,Padrão,Anual,34.9,Sudeste,Indicacao,8,2023-09-16,,2024-01-06,2024-01-31,15,116.7,,0
1442,36,premium,Mensal,55.9,Nordeste,Indicacao,1,2023-05-11,2023-11-24,2023-10-16,2024-01-31,4,49.7,Preço,1
2554,34,Basico,Mensal,19.9,Sudeste,instagram,7,2022-12-06,2023-12-23,2023-12-20,2024-01-31,3,60.3,Falta de tempo,1
3020,30,Basico,Mensal,19.9,Sul,Indicacao,10,2023-05-10,,2024-01-25,2024-01-31,13,160.4,,0
3211,29,básico,Mensal,19.9,Centro-Oeste,IG,10,2021-07-09,,2024-01-07,2024-01-31,12,790.2,,0
3494,35,básico,Mensal,19.9,Centro-Oeste,indicação,7,2022-11-16,,2024-01-26,2024-01-31,16,472,,0
5403,34,premium,Anual,55.9,Norte,Indicacao,8,2022-09-23,,2024-01-28,2024-01-31,15,486.4,,0
4496,29,Basico,Anual,1990,Sudeste,orgânico,2,2023-04-19,2023-09-12,2023-08-08,2024-01-31,4,76,Pouco conteúdo novo,1
2219,27,padrão,Anual,34.9,Sudeste,google,7,2023-03-29,,2024-01-21,2024-01-31,14,294.6,,0
5315,27,Padrão,Mensal,34.9,Sul,Organico,10,2023-02-23,,2024-01-14,2024-01-31,19,447.7,,0
4619,31,premium,Mensal,55.9,Sudeste,IG,9,2022-08-01,,2024-01-17,2024-01-31,14,419.9,,0
5854,42,padrão,Mensal,34.9,Sudeste,IG,5,2022-09-17,2023-06-11,2023-05-12,2024-01-31,1,32.1,Preço,1
2608,31,Basico,Mensal,19.9,Sudeste,Google,8,2022-08-18,,2024-01-14,2024-01-31,16,546.6,,0
4402,24,Basico,Anual,19.9,Sudeste,google,9,2022-03-10,,2024-01-27,2024-01-31,12,592.8,,0
1143,63,padrão,Mensal,34.9,Sudeste,Google,1,2023-06-21,2023-10-31,2023-10-09,2024-01-31,4,39.2,Pouco conteúdo novo,1
3080,36,básico,Mensal,19.9,Sudeste,Instagram,3,2023-06-17,2023-11-15,2023-10-28,2024-01-31,1,11.7,preco,1
3350,40,Basico,Anual,19.9,Sudeste,instagram,7,2023-12-14,,2024-01-26,2024-01-31,14,27.5,,0
1453,19,básico,Mensal,1990,Sudeste,IG,5,2023-07-24,,2024-01-16,2024-01-31,10,118.4,,0
4398,41,Basico,Mensal,19.9,Sudeste,Organico,9,2021-05-15,,2024-01-12,2024-01-31,11,565.5,,0
1035,35,Padrao,Mensal,34.9,Centro-Oeste,Organico,7,2023-11-28,,2024-01-26,2024-01-31,13,51.9,,0
4726,39,básico,Mensal,19.9,Sul,Indicacao,6,2023-04-24,2023-10-31,2023-10-10,2024-01-31,2,35.1,preco,1
5078,27,premium,Anual,55.9,Nordeste,Instagram,10,2023-08-03,,2024-01-07,2024-01-31,19,258.5,,0
1720,45,Padrao,Mensal,34.9,Sudeste,Indicacao,7,2021-07-12,2023-03-29,2023-03-02,2024-01-31,2,143.6,Falta de tempo,1
1919,42,Basico,Anual,19.9,Sul,indicação,10,2022-12-19,,2024-01-05,2024-01-31,16,385.7,,0
2017,45,Padrao,Anual,34.9,Sudeste,google,7,2023-01-30,,2024-01-03,2024-01-31,19,367.8,,0
3178,31,Basico,Anual,19.9,Sudeste,Organico,6,2023-04-13,,2024-01-24,2024-01-31,19,302.2,,0
4738,41,padrão,Mensal,3490,Centro-Oeste,Indicacao,10,2023-11-16,,2024-01-31,2024-01-31,17,81.6,,0
4801,36,Padrao,Mensal,34.9,Centro-Oeste,Instagram,8,2021-08-17,,2024-01-29,2024-01-31,18,863.4,,0
1007,21,premium,Mensal,55.9,Sudeste,Organico,6,2022-07-27,,2024-01-18,2024-01-31,10,260.2,,0
5320,46,Padrao,Anual,34.9,Sudeste,orgânico,7,2023-10-20,,2024-01-17,2024-01-31,16,94.7,,0
2877,31,básico,Anual,19.9,?,Instagram,5,2023-11-17,2024-01-08,2023-12-28,2024-01-31,2,7,Pouco conteúdo novo,1
3164,29,Basico,Mensal,19.9,Sul,Instagram,6,2023-03-23,,2024-01-19,2024-01-31,18,378.5,,0
2570,42,Premium,Mensal,55.9,Nordeste,orgânico,4,2022-09-06,2023-12-25,2023-12-01,2024-01-31,4,142.4,Pouco conteúdo novo,1
3126,29,BASICO,Anual,19.9,Sudeste,Google,6,2023-11-02,2023-12-31,2023-11-26,2024-01-31,4,23.8,Problema técnico,1
1548,53,Padrao,Anual,3490,Sul,Organico,3,2023-08-20,2023-12-09,2023-11-19,2024-01-31,5,46,preco,1
3221,48,Premium,Anual,55.9,Sudeste,IG,10,2022-01-25,,2024-01-24,2024-01-31,16,819.6,,0
1547,36,padrão,Mensal,34.9,Nordeste,indicação,6,2023-11-22,2024-01-17,2023-12-15,2024-01-31,4,18.6,Problema técnico,1
4630,47,Padrão,Anual,34.9,?,indicação,10,2023-06-23,,2024-01-23,2024-01-31,19,271,,0
5810,43,Padrão,Mensal,34.9,Sudeste,instagram,3,2023-04-25,2023-09-13,2023-08-11,2024-01-31,2,31.5,problema tecnico,1
2689,57,Premium,Mensal,55.9,Sudeste,Google,10,2023-01-25,,2024-01-23,2024-01-31,14,267.3,,0
3854,39,Padrao,Mensal,34.9,Sudeste,google,8,2023-04-02,,2024-01-28,2024-01-31,17,334.1,,0
3987,31,Padrao,Mensal,34.9,Norte,Organico,8,2023-01-30,,2024-01-08,2024-01-31,14,319.1,,0
1052,56,Padrão,Mensal,34.9,Sudeste,indicação,10,2023-12-29,,2024-01-05,2024-01-31,7,13.9,,0
2247,25,padrão,Anual,34.9,Sul,instagram,2,2023-12-10,2024-01-28,2024-01-19,2024-01-31,3,7,PREÇO,1
3158,29,Padrão,Mensal,34.9,Nordeste,Organico,7,2022-11-18,,2024-01-13,2024-01-31,18,412.2,,0
1237,39,Padrão,Mensal,34.9,Sudeste,Google,10,2022-07-30,,2024-01-29,2024-01-31,19,614.1,,0
3299,36,padrão,Mensal,34.9,Sudeste,instagram,1,2023-07-28,2023-11-28,2023-11-08,2024-01-31,4,52.4,Falta de tempo,1
1259,28,básico,Mensal,19.9,Sudeste,IG,7,2022-05-09,,2024-01-18,2024-01-31,18,711.5,,0
5606,26,Padrão,Mensal,34.9,Sudeste,IG,7,2023-08-27,,2024-01-08,2024-01-31,13,96.9,,0
5141,42,básico,Mensal,19.9,Norte,IG,6,2022-11-22,,2024-01-05,2024-01-31,11,336.5,,0
1727,38,Padrão,Mensal,34.9,Sul,indicação,5,2023-07-11,,2024-01-02,2024-01-31,17,235.3,,0
4746,39,Padrao,Mensal,34.9,Sudeste,IG,6,2022-02-04,,2024-01-02,2024-01-31,10,423,,0
1970,28,BASICO,Anual,19.9,Sul,Indicacao,10,2023-06-21,,2024-01-09,2024-01-31,20,269.8,,0
4048,57,básico,Anual,19.9,Sudeste,IG,10,2022-10-05,,2024-01-28,2024-01-31,16,539,,0
4835,53,padrão,Mensal,34.9,Sudeste,Indicacao,9,2021-09-16,,2024-01-30,2024-01-31,9,444.4,,0
1952,51,padrão,Anual,34.9,Centro-Oeste,instagram,0,2023-09-13,2024-01-10,2023-12-29,2024-01-31,7,50.1,Concorrente,1
1817,23,Padrão,Mensal,34.9,Nordeste,Indicacao,10,2022-06-15,,2024-01-06,2024-01-31,13,395.8,,0
3643,18,Padrao,Mensal,34.9,Sudeste,Organico,8,2022-03-30,,2024-01-25,2024-01-31,14,646.8,,0
1190,34,BASICO,Mensal,19.9,Sudeste,IG,10,2023-04-19,,2024-01-17,2024-01-31,11,228.6,,0
3531,39,Basico,Mensal,19.9,Centro-Oeste,Organico,8,2021-09-26,,2024-01-28,2024-01-31,5,293,,0
2751,54,Padrão,Mensal,34.9,Sul,IG,10,2021-08-23,,2024-01-18,2024-01-31,13,873,,0
2018,32,Basico,Mensal,19.9,Nordeste,IG,9,2022-08-03,,2024-01-21,2024-01-31,19,820.5,,0
3262,18,básico,Anual,19.9,Sudeste,IG,10,2023-09-18,,2024-01-25,2024-01-31,10,71.5,,0
4797,25,BASICO,Mensal,1990,Sudeste,google,8,2023-09-24,2023-12-04,2023-11-05,2024-01-31,1,6.2,Pouco conteúdo novo,1
5379,49,BASICO,Mensal,1990,Sudeste,Instagram,8,2023-04-25,,2024-01-04,2024-01-31,13,172.8,,0
4505,40,BASICO,Anual,19.9,Sudeste,google,0,2022-10-01,2023-06-13,2023-05-29,2024-01-31,2,67.2,Pouco conteúdo novo,1
1502,37,básico,Anual,19.9,Sudeste,Instagram,2,2023-03-30,2023-09-04,2023-07-28,2024-01-31,0,0,Concorrente,1
1681,32,Padrão,Mensal,34.9,Nordeste,orgânico,3,2023-07-30,2024-01-24,2023-12-25,2024-01-31,5,51.9,Falta de tempo,1
4624,40,Premium,Anual,55.9,Nordeste,orgânico,6,2022-06-04,,2024-01-15,2024-01-31,10,341.8,,0
5773,30,Padrao,Mensal,34.9,Sudeste,instagram,8,2021-11-15,,2024-01-03,2024-01-31,12,566.5,,0
3953,19,Padrão,Mensal,34.9,Norte,instagram,5,2023-01-14,2023-12-17,2023-11-28,2024-01-31,5,88.3,problema tecnico,1
5239,18,BASICO,Mensal,1990,Nordeste,Organico,5,2023-08-26,2023-11-28,2023-11-19,2024-01-31,2,15.2,Pouco conteúdo novo,1
4864,44,Padrão,Mensal,34.9,Sudeste,Instagram,3,2023-10-30,,2024-01-10,2024-01-31,15,104.8,,0
5971,32,básico,Mensal,1990,Sudeste,google,10,2023-03-21,,2024-01-05,2024-01-31,14,272.7,,0
3569,23,Basico,Mensal,19.9,Sul,Instagram,8,2023-09-26,,2024-01-29,2024-01-31,15,128.8,,0
5145,22,Padrao,Anual,34.9,Nordeste,instagram,6,2021-11-15,,2024-01-09,2024-01-31,13,745.4,,0
2484,36,BASICO,Mensal,19.9,Nordeste,instagram,6,2023-04-12,,2024-01-18,2024-01-31,14,197.9,,0
1127,56,Padrão,Mensal,34.9,Norte,Instagram,5,2023-09-11,2023-11-30,2023-10-25,2024-01-31,6,57.1,Concorrente,1
2266,34,padrão,Mensal,34.9,Sudeste,Organico,8,2021-08-25,,2024-01-02,2024-01-31,21,900,,0
5912,43,Padrão,Mensal,34.9,Sudeste,Instagram,7,2023-11-29,,2024-01-27,2024-01-31,11,48.2,,0
4187,41,padrão,Anual,34.9,Sudeste,indicação,6,2022-04-29,,2024-01-24,2024-01-31,13,400.8,,0
4880,55,Basico,Mensal,19.9,Sudeste,indicação,10,2023-08-09,,2024-01-16,2024-01-31,16,176,,0
3736,29,padrão,Mensal,3490,Sul,Instagram,10,2023-05-17,,2024-01-06,2024-01-31,13,244.6,,0
3327,45,Basico,Mensal,19.9,Sudeste,orgânico,8,2023-10-20,,2024-01-21,2024-01-31,15,66.2,,0
2870,18,padrão,Mensal,34.9,Sudeste,instagram,6,2022-10-20,2023-07-06,2023-06-28,2024-01-31,3,80.3,Pouco conteúdo novo,1
2284,38,básico,Mensal,1990,Sudeste,Indicacao,6,2023-09-12,,2024-01-27,2024-01-31,13,84.5,,0
3551,44,básico,Mensal,19.9,Nordeste,instagram,6,2022-06-06,,2024-01-20,2024-01-31,12,367.8,,0
3222,29,Premium,Mensal,55.9,Sul,Indicacao,7,2023-07-01,,2024-01-23,2024-01-31,17,211.3,,0
4586,19,básico,Mensal,19.9,Sudeste,instagram,10,2022-10-23,,2024-01-28,2024-01-31,15,432.3,,0
5761,31,Basico,Mensal,19.9,?,Google,5,2023-08-01,,2024-01-05,2024-01-31,17,211.4,,0
4346,29,Premium,Mensal,55.9,Sul,Organico,9,2020-06-09,,2024-01-15,2024-01-31,13,813.8,,0
4516,36,Padrao,Mensal,34.9,Sul,Instagram,6,2023-01-09,,2024-01-10,2024-01-31,13,285.2,,0
1786,38,premium,Mensal,55.9,Sudeste,instagram,10,2023-07-15,,2024-01-02,2024-01-31,16,163.2,,0
2226,24,Padrão,Mensal,34.9,Sudeste,Organico,10,2023-02-28,,2024-01-30,2024-01-31,18,337.1,,0
3576,36,Basico,Anual,19.9,Sudeste,orgânico,8,2023-02-22,,2024-01-18,2024-01-31,15,298.7,,0
1109,34,Basico,Anual,19.9,Sudeste,Indicacao,8,2021-10-23,,2024-01-04,2024-01-31,17,900,,0
3206,24,básico,Mensal,19.9,Centro-Oeste,indicação,8,2023-11-25,,2024-01-06,2024-01-31,9,36.6,,0
1556,56,Padrao,Anual,34.9,Nordeste,Organico,10,2021-12-23,,2024-01-10,2024-01-31,13,471.6,,0
3619,30,Padrão,Anual,34.9,Sudeste,Indicacao,8,2023-03-27,,2024-01-26,2024-01-31,21,421.2,,0
2118,41,básico,Mensal,19.9,Centro-Oeste,indicação,4,2023-06-08,2024-01-03,2023-12-06,2024-01-31,4,41.8,Pouco conteúdo novo,1
2101,18,Basico,Mensal,19.9,Sudeste,Indicacao,6,2022-03-27,,2024-01-05,2024-01-31,8,302.7,,0
3240,38,BASICO,Mensal,19.9,Centro-Oeste,IG,7,2023-01-23,,2024-01-16,2024-01-31,14,396.1,,0
1309,18,Padrao,Mensal,34.9,Sul,IG,10,2023-03-05,,2024-01-22,2024-01-31,11,278.6,,0
2160,24,Padrão,Mensal,34.9,Nordeste,Indicacao,5,2022-05-25,2023-05-02,2023-04-12,2024-01-31,1,34.9,Pouco conteúdo novo,1
5621,29,BASICO,Mensal,19.9,Centro-Oeste,Indicacao,10,2022-11-04,,2024-01-29,2024-01-31,12,392.3,,0
4708,29,BASICO,Mensal,19.9,Centro-Oeste,Organico,10,2021-03-04,,2024-01-20,2024-01-31,10,667.4,,0
5695,24,Basico,Anual,19.9,Nordeste,google,2,2023-05-25,2023-12-18,2023-11-12,2024-01-31,2,30.7,PREÇO,1
1712,50,Padrão,Mensal,3490,Sudeste,Instagram,3,2023-07-05,2023-12-13,2023-11-11,2024-01-31,1,10.7,Preço,1
4920,33,Padrão,Anual,34.9,Sul,Organico,6,2022-11-10,,2024-01-10,2024-01-31,18,521.4,,0
5104,31,Padrão,Mensal,3490,Nordeste,IG,7,2023-07-18,,2024-01-02,2024-01-31,13,138.3,,0
5641,45,básico,Mensal,19.9,Nordeste,indicação,10,2023-02-12,,2024-01-17,2024-01-31,14,347.4,,0
2220,38,Premium,Anual,5590,Nordeste,Indicacao,6,2023-08-20,,2024-01-04,2024-01-31,10,79.9,,0
4353,45,Padrao,Mensal,34.9,Norte,indicação,4,2022-01-29,,2024-01-23,2024-01-31,15,578.3,,0
1572,50,padrão,Anual,3490,?,indicação,10,2021-07-04,,2024-01-06,2024-01-31,20,900,,0
5027,28,padrão,Anual,34.9,Nordeste,orgânico,8,2021-03-16,,2024-01-11,2024-01-31,12,900,,0
2471,25,básico,Mensal,19.9,Sudeste,orgânico,9,2022-09-05,,2024-01-19,2024-01-31,17,484.1,,0
1364,32,básico,Anual,19.9,Sul,IG,8,2022-10-04,,2024-01-16,2024-01-31,7,262.6,,0
5555,46,Padrão,Anual,34.9,Nordeste,Organico,1,2023-04-28,2023-11-19,2023-10-18,2024-01-31,3,42.6,Preço,1
5685,21,BASICO,Mensal,19.9,Nordeste,IG,8,2020-01-18,,2024-01-25,2024-01-31,17,900,,0
1516,38,Premium,Mensal,55.9,Nordeste,IG,5,2022-11-02,2023-07-05,2023-06-01,2024-01-31,4,117.8,Problema técnico,1
2587,44,Padrao,Mensal,34.9,Nordeste,google,6,2023-07-25,2024-01-02,2023-12-16,2024-01-31,2,23.6,Preço,1
5430,52,BASICO,Anual,19.9,Sul,Google,6,2023-07-24,2023-11-27,2023-10-21,2024-01-31,1,8.5,Preço,1
3015,36,Premium,Mensal,55.9,Sudeste,Instagram,8,2023-11-08,,2024-01-31,2024-01-31,6,19.9,,0
3806,51,Padrao,Mensal,34.9,Sudeste,IG,3,2023-05-21,2023-12-03,2023-11-02,2024-01-31,6,84.4,Pouco conteúdo novo,1
5546,41,padrão,Anual,34.9,Sudeste,orgânico,7,2021-07-27,,2024-01-07,2024-01-31,7,350,,0
2662,18,Basico,Mensal,19.9,Sudeste,Organico,3,2023-06-30,2024-01-13,2023-12-07,2024-01-31,2,23.2,Outro,1
3187,29,Padrão,Mensal,34.9,Norte,orgânico,7,2023-08-12,,2024-01-04,2024-01-31,18,172.9,,0
4939,36,Basico,Mensal,19.9,Nordeste,orgânico,5,2023-04-18,2023-09-20,2023-08-25,2024-01-31,3,58.7,Problema técnico,1
4314,35,Padrão,Mensal,34.9,Sudeste,Instagram,8,2022-10-31,,2024-01-02,2024-01-31,15,424.8,,0
3833,32,BASICO,Mensal,19.9,Sul,Indicacao,8,2022-12-27,,2024-01-21,2024-01-31,16,404.7,,0
1674,39,BASICO,Mensal,19.9,Sul,indicação,7,2022-08-19,,2024-01-23,2024-01-31,10,363,,0
1819,28,BASICO,Mensal,19.9,Centro-Oeste,google,6,2023-08-15,,2024-01-06,2024-01-31,10,84.1,,0
4871,36,Basico,Mensal,19.9,Sudeste,instagram,8,2022-06-02,,2024-01-14,2024-01-31,11,395.5,,0
1431,34,Basico,Anual,19.9,Sudeste,orgânico,4,2022-05-11,,2024-01-31,2024-01-31,17,618.9,,0
5809,48,básico,Mensal,19.9,?,google,7,2023-05-16,,2024-01-13,2024-01-31,15,183.7,,0
3729,44,Padrão,Mensal,34.9,Sudeste,Google,8,2022-06-20,,2024-01-28,2024-01-31,12,486.1,,0
5325,51,Basico,Mensal,1990,Sudeste,Organico,3,2023-05-10,2024-01-13,2023-12-23,2024-01-31,3,57.1,Concorrente,1
1313,32,BASICO,Anual,19.9,Sul,Google,4,2023-05-01,2023-11-25,2023-10-31,2024-01-31,1,16.3,Falta de tempo,1
5400,38,Padrao,Mensal,34.9,Norte,Organico,6,2023-07-19,2023-11-04,2023-10-20,2024-01-31,2,23.9,preco,1
3988,36,Padrão,Mensal,34.9,Sudeste,Organico,10,2021-05-16,,2024-01-30,2024-01-31,20,900,,0
1826,26,premium,Mensal,5590,Sudeste,Organico,10,2022-05-25,,2024-01-03,2024-01-31,11,325.2,,0
4745,150,BASICO,Mensal,19.9,Nordeste,Organico,4,2023-04-26,2023-12-24,2023-12-18,2024-01-31,4,54.9,Problema técnico,1
1060,55,Padrão,Mensal,34.9,Sudeste,Organico,10,2023-06-27,,2024-01-30,2024-01-31,22,266,,0
1682,47,Basico,Mensal,19.9,?,Google,8,2023-07-03,,2024-01-26,2024-01-31,13,135.2,,0
3781,33,BASICO,Mensal,19.9,Sudeste,Indicacao,8,2022-04-02,,2024-01-23,2024-01-31,7,335.9,,0
5763,41,BASICO,Mensal,19.9,Nordeste,Instagram,1,2022-10-08,2023-09-06,2023-08-03,2024-01-31,4,119.4,Concorrente,1
3324,45,Premium,Mensal,55.9,Sudeste,orgânico,7,2022-06-03,,2024-01-04,2024-01-31,18,661.1,,0
4484,36,Padrão,Mensal,34.9,Sudeste,indicação,7,2023-06-30,,2024-01-18,2024-01-31,17,172.5,,0
1299,18,premium,Mensal,55.9,Norte,Indicacao,5,2022-11-30,,2024-01-27,2024-01-31,19,437.2,,0
3768,45,básico,Mensal,19.9,Centro-Oeste,instagram,10,2023-08-12,,2024-01-21,2024-01-31,14,99.7,,0
2152,23,Padrão,Mensal,34.9,Sul,Instagram,10,2023-09-15,,2024-01-26,2024-01-31,10,62.7,,0
1889,38,BASICO,Mensal,19.9,Nordeste,orgânico,10,2022-10-12,,2024-01-05,2024-01-31,7,149.2,,0
3056,47,Padrão,Anual,3490,?,orgânico,5,2023-09-12,2024-01-08,2023-12-03,2024-01-31,3,28,Falta de tempo,1
2335,19,padrão,Mensal,34.9,Centro-Oeste,Organico,1,2023-10-07,2024-01-08,2023-12-31,2024-01-31,2,14.2,Problema técnico,1
1644,37,Basico,Mensal,19.9,Sudeste,google,7,2022-06-26,,2024-01-16,2024-01-31,25,821.5,,0
3321,59,premium,Mensal,55.9,Centro-Oeste,instagram,7,2021-12-17,,2024-01-26,2024-01-31,14,654.7,,0
1526,52,Padrao,Anual,34.9,?,Google,8,2022-12-04,,2024-01-06,2024-01-31,12,371.3,,0
3949,25,padrão,Mensal,34.9,Norte,Organico,4,2023-10-11,2023-12-18,2023-11-24,2024-01-31,3,19.3,Problema técnico,1
3732,29,premium,Mensal,55.9,Norte,Instagram,3,2023-02-01,,2024-01-04,2024-01-31,16,381.9,,0
5003,38,padrão,Anual,34.9,Sudeste,indicação,6,2022-10-02,2023-12-15,2023-11-21,2024-01-31,0,0,Outro,1
1054,30,BASICO,Mensal,19.9,Sul,orgânico,8,2022-05-07,,2024-01-05,2024-01-31,14,500.6,,0
5626,48,Padrao,Anual,34.9,Centro-Oeste,indicação,5,2022-09-29,,2024-01-14,2024-01-31,20,734.4,,0
1049,24,premium,Mensal,55.9,Centro-Oeste,Organico,8,2023-02-21,,2024-01-11,2024-01-31,11,219.1,,0
1766,37,Premium,Mensal,55.9,Sudeste,IG,5,2023-09-16,2024-01-03,2023-12-06,2024-01-31,1,5.7,Pouco conteúdo novo,1
4036,44,Basico,Anual,19.9,Nordeste,Instagram,7,2021-06-23,,2024-01-18,2024-01-31,15,900,,0
3156,36,Padrao,Mensal,34.9,Sudeste,Organico,5,2023-09-21,2024-01-13,2024-01-10,2024-01-31,2,18.6,Preço,1
4593,53,Padrao,Mensal,3490,Sudeste,Organico,4,2023-06-20,,2024-01-30,2024-01-31,9,116.7,,0
4622,32,Basico,Mensal,19.9,Nordeste,Indicacao,5,2023-11-15,2023-12-30,2023-12-17,2024-01-31,6,21.9,Pouco conteúdo novo,1
3070,36,Premium,Mensal,55.9,Centro-Oeste,Indicacao,7,2021-01-30,,2024-01-03,2024-01-31,12,900,,0
5479,33,Padrao,Mensal,34.9,Nordeste,orgânico,7,2021-09-01,,2024-01-27,2024-01-31,15,747.7,,0
1376,37,básico,Mensal,1990,Sul,Indicacao,7,2021-09-09,,2024-01-28,2024-01-31,9,469.2,,0
1736,38,padrão,Anual,34.9,Centro-Oeste,Instagram,6,2022-06-13,,2024-01-12,2024-01-31,13,370.6,,0
1594,31,Premium,Anual,55.9,Sudeste,Indicacao,3,2023-02-05,2023-11-22,2023-11-03,2024-01-31,4,110.1,preco,1
1348,43,básico,Mensal,19.9,Sul,Instagram,3,2023-09-09,2023-12-10,2023-12-03,2024-01-31,3,21.5,Outro,1
3253,44,BASICO,Mensal,19.9,Sudeste,Organico,9,2023-12-31,,2024-01-19,2024-01-31,16,24.2,,0
5189,18,Basico,Mensal,19.9,?,Instagram,5,2021-07-09,,2024-01-23,2024-01-31,17,856.2,,0
3855,45,premium,Mensal,55.9,Norte,Indicacao,5,2023-09-09,2024-01-17,2023-12-21,2024-01-31,2,17.4,Pouco conteúdo novo,1
2248,18,Padrão,Mensal,34.9,Sudeste,google,6,2022-09-07,2023-11-26,2023-11-11,2024-01-31,2,76.9,Pouco conteúdo novo,1
5848,50,Basico,Mensal,19.9,Sul,IG,9,2023-01-31,,2024-01-05,2024-01-31,10,282.8,,0
5922,22,Padrao,Mensal,3490,Sul,IG,9,2020-12-10,,2024-01-21,2024-01-31,10,825.9,,0
5504,22,padrão,Mensal,34.9,Centro-Oeste,Instagram,3,2023-09-10,2024-01-01,2023-12-11,2024-01-31,4,25.1,Pouco conteúdo novo,1
5318,31,Basico,Mensal,19.9,Sul,Organico,5,2022-05-30,,2024-01-17,2024-01-31,12,434.1,,0
2299,26,Padrao,Mensal,34.9,Nordeste,indicação,8,2023-02-01,,2024-01-03,2024-01-31,17,480.7,,0
5034,49,Basico,Mensal,19.9,Sul,Indicacao,5,2022-07-26,,2024-01-22,2024-01-31,14,395.4,,0
5095,39,Premium,Mensal,55.9,Sul,Indicacao,8,2022-10-30,,2024-01-05,2024-01-31,12,365.4,,0
5231,32,premium,Mensal,55.9,Sul,IG,10,2023-04-19,,2024-01-10,2024-01-31,8,137.9,,0
1935,39,Padrao,Mensal,34.9,Nordeste,IG,9,2021-10-18,,2024-01-08,2024-01-31,8,371.3,,0
2714,54,Padrao,Mensal,34.9,Nordeste,Google,5,2023-10-31,2024-01-14,2023-12-25,2024-01-31,2,10,PREÇO,1
3304,49,padrão,Mensal,34.9,Sudeste,orgânico,4,2023-05-19,2023-09-27,2023-08-24,2024-01-31,3,54,Pouco conteúdo novo,1
5615,18,BASICO,Mensal,1990,Sudeste,orgânico,5,2022-04-23,,2024-01-18,2024-01-31,15,502.8,,0
4147,34,básico,Mensal,19.9,Centro-Oeste,indicação,5,2023-05-30,,2024-01-07,2024-01-31,13,146.4,,0
5680,18,Padrão,Anual,34.9,Sul,Instagram,10,2023-06-22,,2024-01-12,2024-01-31,19,222.9,,0
4052,31,BASICO,Mensal,19.9,Sudeste,orgânico,10,2021-09-25,,2024-01-03,2024-01-31,20,900,,0
3446,47,padrão,Mensal,34.9,Sudeste,google,7,2023-03-12,2024-01-08,2024-01-04,2024-01-31,3,42.3,Pouco conteúdo novo,1
1707,39,Premium,Mensal,55.9,Sul,indicação,9,2023-11-08,,2024-01-29,2024-01-31,18,54.6,,0
5747,29,Padrao,Mensal,34.9,Nordeste,Instagram,6,2023-05-17,2023-10-21,2023-10-05,2024-01-31,3,35.7,Problema técnico,1
1653,18,Padrao,Mensal,34.9,Sudeste,Google,5,2022-06-29,,2024-01-12,2024-01-31,12,466.5,,0
4003,37,premium,Mensal,55.9,?,Organico,6,2023-03-12,,2024-01-28,2024-01-31,10,167.1,,0
1417,41,premium,Mensal,55.9,Nordeste,Organico,1,2022-11-11,2023-07-25,2023-06-23,2024-01-31,4,120.2,Pouco conteúdo novo,1
3857,34,básico,Mensal,1990,Nordeste,IG,10,2023-06-13,,2024-01-11,2024-01-31,15,227,,0
2039,36,Padrão,Mensal,34.9,Sul,instagram,7,2023-07-30,,2024-01-31,2024-01-31,17,157.6,,0
1130,50,BASICO,Anual,1990,Sudeste,orgânico,5,2023-10-23,,2024-01-15,2024-01-31,10,67,,0
1847,34,BASICO,Mensal,19.9,Sudeste,instagram,10,2023-08-28,,2024-01-29,2024-01-31,18,147.2,,0
2149,36,Padrão,Mensal,34.9,Sul,Google,7,2023-07-26,,2024-01-02,2024-01-31,11,137,,0
4911,46,básico,Mensal,19.9,Sudeste,indicação,1,2023-05-18,2024-01-05,2023-12-23,2024-01-31,5,71.5,Concorrente,1
3992,33,Basico,Mensal,19.9,Nordeste,Instagram,4,2023-09-20,2023-12-14,2023-12-03,2024-01-31,4,24.1,Preço,1
5120,29,Basico,Anual,19.9,Sul,Instagram,1,2023-05-30,2023-11-11,2023-11-07,2024-01-31,4,51,PREÇO,1
3631,28,básico,Mensal,19.9,Sul,Indicacao,0,2023-08-09,2023-11-23,2023-11-16,2024-01-31,5,45.2,Pouco conteúdo novo,1
3390,52,Padrao,Mensal,34.9,Centro-Oeste,Instagram,10,2022-01-09,,2024-01-26,2024-01-31,12,705.1,,0
2889,43,Padrão,Mensal,34.9,Sudeste,Instagram,10,2022-11-15,,2024-01-23,2024-01-31,12,356.8,,0
2527,23,Padrão,Mensal,34.9,Norte,indicação,9,2022-12-19,,2024-01-24,2024-01-31,16,321.3,,0
4868,25,básico,Mensal,19.9,Sul,orgânico,5,2023-04-21,2023-09-28,2023-08-28,2024-01-31,4,57.3,preco,1
3203,39,BASICO,Mensal,19.9,?,Google,0,2022-11-27,2023-08-24,2023-07-20,2024-01-31,6,147.4,Outro,1
5382,29,BASICO,Mensal,19.9,Sul,Instagram,6,2023-03-22,,2024-01-18,2024-01-31,7,158,,0
2022,28,BASICO,Mensal,1990,Sudeste,indicação,6,2023-07-22,,2024-01-26,2024-01-31,19,175.6,,0
1872,21,básico,Anual,19.9,Sudeste,Instagram,8,2022-08-20,,2024-01-11,2024-01-31,17,425.9,,0
2566,18,básico,Anual,19.9,Sudeste,orgânico,10,2023-06-08,,2024-01-19,2024-01-31,11,118.1,,0
1225,40,premium,Mensal,55.9,Sudeste,IG,5,2022-10-03,2023-11-19,2023-10-24,2024-01-31,3,103.6,PREÇO,1
4778,47,premium,Anual,55.9,Sudeste,instagram,5,2022-11-30,2023-10-10,2023-09-03,2024-01-31,3,78.4,PREÇO,1
3928,26,Premium,Anual,55.9,Sudeste,instagram,8,2023-07-01,,2024-01-31,2024-01-31,12,185.3,,0
5699,34,Premium,Mensal,5590,Sudeste,IG,5,2023-04-04,,2024-01-02,2024-01-31,14,230.3,,0
2788,20,Padrao,Mensal,34.9,Nordeste,Instagram,6,2022-08-25,,2024-01-20,2024-01-31,17,441,,0
1947,29,Premium,Mensal,55.9,Sudeste,Indicacao,10,2023-02-03,,2024-01-07,2024-01-31,18,501.8,,0
5533,43,Basico,Anual,19.9,Sul,indicação,10,2022-06-06,,2024-01-10,2024-01-31,15,490.4,,0
4701,40,BASICO,Mensal,19.9,Nordeste,instagram,10,2020-12-02,,2024-01-13,2024-01-31,3,218.1,,0
4135,25,Padrao,Mensal,3490,Sudeste,google,9,2022-01-16,,2024-01-29,2024-01-31,17,677.1,,0
2908,18,premium,Mensal,55.9,Sudeste,orgânico,5,2023-05-12,2023-10-30,2023-10-24,2024-01-31,7,91.3,Falta de tempo,1
1067,36,básico,Anual,19.9,Nordeste,Indicacao,6,2023-06-12,,2024-01-04,2024-01-31,15,241,,0
2697,47,BASICO,Mensal,19.9,Nordeste,Instagram,8,2023-11-05,,2024-01-17,2024-01-31,13,44.8,,0
1721,18,BASICO,Anual,19.9,Centro-Oeste,instagram,6,2022-11-13,2023-07-04,2023-06-17,2024-01-31,3,59.8,preco,1
5241,19,padrão,Mensal,34.9,Sul,Organico,10,2020-12-22,,2024-01-24,2024-01-31,11,665.8,,0
4092,54,Padrao,Mensal,3490,Sudeste,instagram,5,2023-01-12,,2024-01-08,2024-01-31,13,259.1,,0
3571,75,Padrão,Anual,3490,Sul,indicação,3,2022-03-03,,2024-01-26,2024-01-31,25,900,,0
5988,41,BASICO,Mensal,19.9,Centro-Oeste,Google,7,2023-06-20,2024-01-08,2023-12-08,2024-01-31,4,44.3,Concorrente,1
1171,42,BASICO,Mensal,19.9,Sudeste,Instagram,6,2023-09-25,,2024-01-10,2024-01-31,16,148.1,,0
4676,18,Basico,Mensal,19.9,Centro-Oeste,IG,8,2023-03-02,,2024-01-12,2024-01-31,11,194.9,,0
2895,34,premium,Anual,55.9,Sudeste,IG,2,2023-05-04,2023-11-07,2023-10-23,2024-01-31,3,51.4,preco,1
1055,46,BASICO,Anual,1990,Sul,instagram,10,2023-02-13,,2024-01-07,2024-01-31,8,159.9,,0
5234,36,Padrao,Mensal,34.9,Sudeste,google,9,2023-07-19,,2024-01-12,2024-01-31,10,91,,0
3856,36,Basico,Mensal,19.9,Sul,IG,5,2023-10-31,2023-12-25,2023-12-04,2024-01-31,3,19.2,Problema técnico,1
1449,47,padrão,Anual,34.9,Sul,orgânico,5,2023-10-14,,2024-01-04,2024-01-31,14,73.9,,0
2997,18,padrão,Mensal,34.9,Nordeste,orgânico,9,2023-08-23,,2024-01-04,2024-01-31,14,114.1,,0
3594,40,premium,Mensal,55.9,Nordeste,google,6,2023-02-08,2024-01-08,2024-01-01,2024-01-31,1,19.2,Concorrente,1
4397,28,premium,Mensal,55.9,Sudeste,Indicacao,8,2022-02-14,,2024-01-25,2024-01-31,13,580.3,,0
1988,56,Padrao,Mensal,34.9,Sul,Organico,10,2022-01-29,,2024-01-07,2024-01-31,15,787.3,,0
1969,56,Padrao,Mensal,3490,Nordeste,Instagram,3,2022-03-10,2023-03-27,2023-03-14,2024-01-31,2,101.2,PREÇO,1
1136,52,premium,Mensal,55.9,Sudeste,indicação,9,2022-09-04,,2024-01-13,2024-01-31,14,386.9,,0
2896,45,Basico,Mensal,19.9,Sudeste,Organico,10,2022-04-10,,2024-01-09,2024-01-31,12,469,,0
1174,35,Padrao,Anual,34.9,Centro-Oeste,Organico,4,2023-07-15,2023-12-28,2023-12-11,2024-01-31,3,42.7,Falta de tempo,1
3302,29,Basico,Mensal,19.9,Sudeste,Organico,6,2023-07-21,2023-11-14,2023-10-20,2024-01-31,3,29.1,preco,1
4205,25,básico,Mensal,19.9,Sudeste,orgânico,5,2022-01-17,,2024-01-03,2024-01-31,16,574.9,,0
5805,30,BASICO,Anual,19.9,Sul,indicação,6,2023-09-13,2023-11-23,2023-10-31,2024-01-31,1,7.2,problema tecnico,1
1444,54,BASICO,Anual,19.9,Sul,google,10,2022-05-07,,2024-01-20,2024-01-31,11,397.1,,0
2827,51,BASICO,Mensal,19.9,Nordeste,IG,8,2023-05-01,,2024-01-23,2024-01-31,21,452.2,,0
3885,58,Padrão,Mensal,34.9,Norte,instagram,10,2023-07-02,,2024-01-17,2024-01-31,14,158.4,,0
2581,23,básico,Mensal,19.9,Sudeste,orgânico,4,2022-08-05,,2024-01-02,2024-01-31,16,551.2,,0
1089,43,Premium,Mensal,55.9,Sudeste,Instagram,8,2023-10-28,,2024-01-04,2024-01-31,10,70.9,,0
1794,44,BASICO,Mensal,19.9,Sudeste,Indicacao,10,2023-10-09,,2024-01-16,2024-01-31,11,48.7,,0
3048,60,Padrão,Mensal,34.9,Sudeste,indicação,10,2023-06-17,,2024-01-18,2024-01-31,19,283.4,,0
3177,36,BASICO,Mensal,19.9,Sudeste,Google,6,2023-02-27,,2024-01-22,2024-01-31,18,294.5,,0
2029,48,Padrao,Mensal,34.9,Sudeste,Google,9,2023-02-18,,2024-01-24,2024-01-31,14,342,,0
4414,21,BASICO,Mensal,19.9,Sudeste,orgânico,2,2023-08-30,2023-11-17,2023-10-23,2024-01-31,3,21.9,PREÇO,1
4953,43,Padrao,Mensal,34.9,Sudeste,orgânico,9,2023-10-28,,2024-01-31,2024-01-31,14,69.8,,0
2329,40,Premium,Mensal,55.9,Sudeste,google,8,2022-02-22,,2024-01-03,2024-01-31,13,557,,0
4173,29,Padrão,Mensal,34.9,Centro-Oeste,Organico,4,2023-11-12,2024-01-20,2024-01-16,2024-01-31,2,7.3,Falta de tempo,1
4124,34,padrão,Mensal,34.9,Nordeste,Indicacao,5,2023-03-17,,2024-01-09,2024-01-31,15,259.7,,0
1039,38,Basico,Anual,19.9,Sudeste,Google,7,2022-10-07,,2024-01-04,2024-01-31,10,351.3,,0
1943,37,padrão,Anual,34.9,Nordeste,indicação,5,2023-06-15,2024-01-10,2023-12-23,2024-01-31,2,24.6,preco,1
4600,31,Padrão,Anual,34.9,?,Organico,9,2021-10-29,,2024-01-26,2024-01-31,11,587.5,,0
1665,32,Padrao,Mensal,34.9,Sul,Google,10,2023-02-23,,2024-01-12,2024-01-31,14,264.6,,0
5011,36,Padrão,Mensal,34.9,Nordeste,orgânico,9,2022-08-14,,2024-01-20,2024-01-31,16,623.8,,0
1452,29,Padrão,Mensal,34.9,Sudeste,Google,9,2022-12-29,,2024-01-14,2024-01-31,11,299.7,,0
2684,31,Premium,Anual,5590,Sudeste,IG,10,2022-06-14,,2024-01-22,2024-01-31,21,834.2,,0
2148,32,Basico,Mensal,19.9,?,Instagram,8,2023-07-22,,2024-01-31,2024-01-31,15,152.2,,0
5273,30,Padrão,Mensal,34.9,Norte,Indicacao,7,2022-10-02,,2024-01-04,2024-01-31,12,344.3,,0
3184,41,premium,Mensal,55.9,Nordeste,orgânico,10,2023-06-08,,2024-01-26,2024-01-31,15,227.3,,0
1336,38,Basico,Mensal,19.9,Centro-Oeste,instagram,0,2022-09-05,2023-12-16,2023-11-18,2024-01-31,2,57.6,Pouco conteúdo novo,1
3166,36,padrão,Mensal,34.9,Sul,Indicacao,6,2023-03-22,,2024-01-26,2024-01-31,14,233.1,,0
5930,43,padrão,Mensal,34.9,Sudeste,google,7,2019-10-23,,2024-01-28,2024-01-31,13,900,,0
3977,51,premium,Mensal,55.9,Nordeste,Google,9,2023-08-03,,2024-01-11,2024-01-31,15,191.5,,0
2600,47,Premium,Mensal,55.9,Nordeste,IG,7,2022-08-16,,2024-01-28,2024-01-31,13,475.1,,0
2641,28,Padrao,Anual,34.9,Sudeste,Indicacao,9,2023-04-16,,2024-01-06,2024-01-31,13,272.2,,0
1351,24,BASICO,Mensal,19.9,Sudeste,indicação,6,2022-06-07,,2024-01-05,2024-01-31,12,393.9,,0
1624,31,premium,Anual,55.9,Sudeste,indicação,8,2022-09-24,,2024-01-27,2024-01-31,11,358.2,,0
3183,50,BASICO,Mensal,1990,Nordeste,orgânico,3,2023-06-03,2024-01-15,2023-12-20,2024-01-31,1,18.1,Preço,1
3508,42,Padrao,Mensal,34.9,Centro-Oeste,Instagram,10,2021-11-26,,2024-01-26,2024-01-31,19,791.8,,0
3089,57,Padrao,Mensal,34.9,Sudeste,indicação,6,2023-01-21,,,2024-01-31,20,560.5,,0
1358,37,Basico,Mensal,19.9,Sudeste,Organico,6,2023-01-25,,2024-01-12,2024-01-31,11,264.4,,0
2321,36,Premium,Mensal,55.9,Sudeste,google,7,2021-11-24,,2024-01-22,2024-01-31,16,777.2,,0
2613,21,Padrão,Anual,34.9,Sudeste,Organico,9,2022-04-30,,2024-01-04,2024-01-31,16,780.9,,0
2856,44,Padrao,Mensal,34.9,Nordeste,Instagram,5,2023-03-13,2023-08-30,2023-08-19,2024-01-31,4,76,Pouco conteúdo novo,1
2525,30,Padrao,Anual,34.9,Nordeste,orgânico,8,2022-05-08,,2024-01-22,2024-01-31,17,846.2,,0
2434,29,Padrao,Mensal,34.9,Sudeste,Google,6,2023-11-28,2024-01-04,2023-12-29,2024-01-31,3,10.3,Problema técnico,1
5756,22,básico,Mensal,19.9,Sudeste,google,8,2023-05-26,,2024-01-26,2024-01-31,18,318.6,,0
5873,48,Padrão,Mensal,34.9,Sudeste,indicação,2,2023-07-14,2024-01-05,2023-12-01,2024-01-31,5,42.6,Preço,1
5796,54,BASICO,Mensal,19.9,Sul,IG,4,2022-08-26,2023-10-31,2023-10-24,2024-01-31,3,106.1,Outro,1
2419,36,Padrao,Mensal,34.9,Nordeste,Instagram,6,2022-01-08,,2024-01-21,2024-01-31,9,416.1,,0
2702,27,BASICO,Mensal,19.9,Sudeste,Organico,6,2023-03-03,,2024-01-17,2024-01-31,13,273,,0
3649,35,Premium,Mensal,55.9,Sul,Indicacao,3,2022-11-02,2023-11-16,2023-10-22,2024-01-31,4,107.7,Pouco conteúdo novo,1
4758,28,básico,Mensal,19.9,Sudeste,Instagram,2,2023-01-30,2023-11-23,2023-10-23,2024-01-31,3,68,Concorrente,1
1776,27,Basico,Mensal,19.9,Sudeste,instagram,4,2022-08-28,2023-11-15,2023-10-10,2024-01-31,4,134.7,Preço,1
3575,23,Basico,Mensal,19.9,Sudeste,orgânico,9,2023-02-24,,2024-01-29,2024-01-31,10,234.9,,0
4754,36,Padrao,Anual,34.9,Sudeste,Organico,5,2022-10-26,2023-07-02,2023-06-04,2024-01-31,3,104.3,Preço,1
4831,42,BASICO,Mensal,19.9,Sudeste,indicação,6,2021-11-26,,2024-01-23,2024-01-31,16,833.1,,0
2765,29,Premium,Mensal,55.9,Sudeste,orgânico,8,2022-09-11,,2024-01-30,2024-01-31,13,316.5,,0
1473,22,Padrao,Mensal,3490,Sul,IG,7,2023-04-17,,2024-01-26,2024-01-31,8,133.6,,0
5688,33,Padrao,Mensal,34.9,Sul,orgânico,7,2022-08-15,,2024-01-12,2024-01-31,12,383.2,,0
4492,34,Padrão,Anual,34.9,Sudeste,indicação,5,2023-09-18,2023-11-29,2023-10-24,2024-01-31,4,22.6,Pouco conteúdo novo,1
4903,39,Padrão,Mensal,3490,Sul,IG,5,2023-03-18,2023-09-10,2023-08-16,2024-01-31,0,0,PREÇO,1
3414,35,básico,Anual,1990,Sul,Organico,4,2022-09-02,2023-09-11,2023-08-21,2024-01-31,4,115.2,Pouco conteúdo novo,1
5975,23,Padrão,Mensal,34.9,Nordeste,instagram,3,2023-07-14,2024-01-06,2023-12-18,2024-01-31,0,0,preco,1
4662,52,BASICO,Mensal,19.9,Sudeste,IG,10,2022-08-07,,2024-01-06,2024-01-31,8,265.3,,0
5732,44,básico,Mensal,1990,Nordeste,google,9,2022-04-26,,2024-01-03,2024-01-31,10,489.7,,0
5482,35,Padrao,Anual,34.9,Sul,Indicacao,6,2021-04-06,,2024-01-07,2024-01-31,11,805.3,,0
4534,33,Basico,Mensal,19.9,Sul,Instagram,4,2023-07-19,2024-01-15,2023-12-30,2024-01-31,2,27.6,Preço,1
2580,25,Premium,Mensal,5590,Sudeste,Google,0,2023-10-24,2024-01-07,2023-12-29,2024-01-31,5,25.8,Pouco conteúdo novo,1
1479,39,padrão,Anual,34.9,Sudeste,indicação,6,2022-04-15,,2024-01-04,2024-01-31,16,537.7,,0
3637,26,Basico,Mensal,19.9,Sudeste,Organico,4,2023-08-10,2023-11-15,2023-10-25,2024-01-31,7,51,problema tecnico,1
1102,44,Padrao,Mensal,34.9,Sul,Google,6,2023-05-29,,2024-01-05,2024-01-31,10,158.8,,0
2478,35,Padrao,Mensal,34.9,Norte,Indicacao,4,2022-10-12,,2024-01-11,2024-01-31,11,333.4,,0
3723,33,Padrao,Mensal,3490,Sudeste,orgânico,6,2022-05-08,,2024-01-11,2024-01-31,11,480.7,,0
5065,20,premium,Anual,55.9,Sudeste,Instagram,4,2023-01-20,,2024-01-20,2024-01-31,14,268.1,,0
3711,55,Basico,Mensal,19.9,Sudeste,orgânico,8,2022-10-22,,2024-01-24,2024-01-31,14,488.5,,0
4946,19,Padrão,Anual,34.9,Sudeste,orgânico,10,2022-10-28,,2024-01-09,2024-01-31,16,574.5,,0
4825,40,Padrão,Mensal,34.9,Sudeste,instagram,5,2023-02-09,,2024-01-10,2024-01-31,18,365.4,,0
1742,37,padrão,Mensal,34.9,Sudeste,orgânico,8,2023-03-18,2023-09-24,2023-08-28,2024-01-31,3,64.1,Concorrente,1
1053,42,Padrao,Anual,34.9,Sul,IG,5,2022-09-12,,2024-01-22,2024-01-31,13,421.6,,0
1987,33,Padrao,Mensal,34.9,Sul,Instagram,7,2022-12-12,,2024-01-09,2024-01-31,10,302.6,,0
4756,19,premium,Anual,55.9,Sudeste,Organico,5,2022-12-24,,2024-01-23,2024-01-31,9,263.5,,0
1068,30,Padrao,Anual,34.9,?,Indicacao,5,2022-11-05,,2024-01-16,2024-01-31,16,435.6,,0
5831,48,Padrao,Mensal,34.9,Nordeste,indicação,6,2023-07-01,2024-01-20,2023-12-25,2024-01-31,2,28,Pouco conteúdo novo,1
5036,36,BASICO,Mensal,19.9,Sul,google,6,2022-08-31,2023-11-01,2023-10-03,2024-01-31,1,24.2,Pouco conteúdo novo,1
4618,47,padrão,Mensal,34.9,Sul,Organico,2,2023-10-20,2023-12-19,2023-11-28,2024-01-31,0,0,problema tecnico,1
5476,36,padrão,Mensal,34.9,Nordeste,orgânico,7,2023-06-05,,2024-01-17,2024-01-31,17,204.9,,0
3774,40,premium,Mensal,55.9,Norte,orgânico,8,2023-02-10,,2024-01-03,2024-01-31,10,261.7,,0
5429,41,básico,Mensal,1990,Sul,google,7,2019-12-17,,2024-01-26,2024-01-31,12,900,,0
4343,34,Padrao,Anual,3490,Sudeste,indicação,5,2022-12-18,,2024-01-14,2024-01-31,11,331.1,,0
5518,23,padrão,Mensal,3490,Norte,Google,3,2022-08-14,2023-09-09,2023-08-24,2024-01-31,3,80.9,Pouco conteúdo novo,1
4324,37,básico,Anual,19.9,Norte,IG,5,2022-06-26,,2024-01-27,2024-01-31,12,532.9,,0
2239,54,Padrão,Mensal,34.9,Sudeste,Indicacao,7,2023-01-03,,2024-01-13,2024-01-31,14,275.6,,0
1784,48,Premium,Mensal,55.9,Sudeste,Instagram,2,2023-04-05,2023-09-14,2023-08-17,2024-01-31,2,28.5,Pouco conteúdo novo,1
4772,41,básico,Mensal,1990,Sudeste,google,10,2022-10-25,,2024-01-09,2024-01-31,16,569.6,,0
3706,31,BASICO,Mensal,19.9,Nordeste,instagram,3,2023-08-08,2023-11-12,2023-10-22,2024-01-31,3,30.2,Preço,1
5223,50,Premium,Mensal,55.9,Sul,google,10,2022-10-07,,2024-01-25,2024-01-31,15,547.9,,0
2974,66,padrão,Mensal,34.9,Sudeste,Indicacao,3,2022-03-16,,2024-01-30,2024-01-31,11,488.4,,0
3970,44,Padrao,Mensal,34.9,Sul,Google,9,2023-09-17,,2024-01-26,2024-01-31,10,90.5,,0
4580,49,BASICO,Anual,19.9,Sudeste,indicação,6,2023-06-17,,2024-01-28,2024-01-31,11,141.1,,0
5955,30,padrão,Mensal,34.9,Nordeste,indicação,9,2022-04-30,,2024-01-11,2024-01-31,8,264.4,,0
2106,37,Padrao,Mensal,34.9,Sudeste,indicação,9,2023-02-27,,2024-01-16,2024-01-31,8,133.4,,0
1950,35,padrão,Mensal,34.9,Sudeste,orgânico,8,2022-11-28,,2024-01-16,2024-01-31,7,168.1,,0
4127,36,Padrao,Mensal,34.9,Sul,indicação,9,2020-11-24,,2024-01-13,2024-01-31,15,900,,0
3122,52,Premium,Mensal,55.9,Sudeste,Organico,8,2023-07-30,2023-12-10,2023-11-10,2024-01-31,3,38.1,Problema técnico,1
4837,25,padrão,Mensal,34.9,Sudeste,Instagram,8,2022-03-08,,2024-01-26,2024-01-31,10,442.1,,0
4235,40,BASICO,Mensal,19.9,Sudeste,indicação,9,2023-02-27,,2024-01-02,2024-01-31,19,390.7,,0
1639,37,Basico,Mensal,19.9,?,indicação,9,2023-05-30,,2024-01-31,2024-01-31,16,245.2,,0
4382,18,Basico,Anual,19.9,Sul,Google,7,2022-10-20,,2024-01-16,2024-01-31,11,330.6,,0
3566,36,Padrão,Mensal,34.9,Sudeste,orgânico,8,2023-02-26,,2024-01-11,2024-01-31,11,212,,0
1757,38,Basico,Mensal,19.9,Sul,google,8,2022-10-21,,2024-01-29,2024-01-31,20,520.6,,0
4663,42,Premium,Anual,55.9,Nordeste,Indicacao,9,2023-10-16,,2024-01-24,2024-01-31,10,46.3,,0
1878,44,padrão,Mensal,34.9,Norte,indicação,8,2020-12-12,,2024-01-05,2024-01-31,6,425.9,,0
1230,29,padrão,Mensal,34.9,Sudeste,Instagram,10,2023-06-23,,2024-01-02,2024-01-31,10,112.2,,0
5676,31,padrão,Mensal,3490,Nordeste,google,10,2023-04-15,,2024-01-12,2024-01-31,10,146.5,,0
3460,26,BASICO,Anual,19.9,Nordeste,IG,5,2021-08-24,,2024-01-08,2024-01-31,14,787.8,,0
5059,32,Padrao,Mensal,34.9,Nordeste,indicação,5,2023-05-18,2024-01-08,2023-12-11,2024-01-31,1,16.9,Pouco conteúdo novo,1
2560,59,Premium,Mensal,55.9,Centro-Oeste,Organico,7,2023-05-30,,2024-01-15,2024-01-31,7,131.3,,0
5110,44,Padrão,Mensal,34.9,Norte,Organico,3,2023-05-23,2024-01-08,2023-12-23,2024-01-31,2,22.9,Problema técnico,1
5578,29,básico,Mensal,19.9,Sudeste,IG,3,2023-02-19,2023-08-30,2023-08-15,2024-01-31,3,70,Preço,1
1098,27,premium,Anual,55.9,Sul,IG,3,2023-03-25,2023-12-27,2023-12-01,2024-01-31,5,116,Pouco conteúdo novo,1
4696,51,Basico,Anual,19.9,Sudeste,Organico,5,2022-08-03,,2024-01-04,2024-01-31,17,607.5,,0
2430,30,Basico,Mensal,19.9,Centro-Oeste,instagram,4,2023-08-01,2024-01-08,2023-12-25,2024-01-31,3,27.7,problema tecnico,1
2250,41,Basico,Mensal,19.9,Nordeste,indicação,5,2023-02-08,2023-10-03,2023-09-23,2024-01-31,1,23.4,Pouco conteúdo novo,1
3692,59,padrão,Mensal,34.9,Centro-Oeste,instagram,8,2022-10-04,,2024-01-14,2024-01-31,18,665.8,,0
2887,36,Padrao,Mensal,34.9,Sul,Organico,6,2023-09-20,,2024-01-11,2024-01-31,7,45.8,,0
5584,18,Premium,Mensal,55.9,Nordeste,IG,3,2023-06-22,2023-12-14,2023-11-25,2024-01-31,6,63.6,PREÇO,1
5774,28,Premium,Mensal,55.9,Sudeste,Google,4,2023-11-27,2024-01-14,2023-12-11,2024-01-31,0,0,problema tecnico,1
4551,35,Premium,Mensal,55.9,?,Instagram,8,2020-05-07,,2024-01-15,2024-01-31,9,718.2,,0
4651,35,BASICO,Mensal,19.9,Sudeste,Organico,1,2022-09-16,2023-08-26,2023-07-18,2024-01-31,3,77.3,Pouco conteúdo novo,1
3060,31,Padrão,Mensal,34.9,Norte,orgânico,7,2022-04-26,,2024-01-30,2024-01-31,16,505,,0
1294,18,BASICO,Anual,19.9,Norte,Indicacao,10,2022-11-06,,2024-01-25,2024-01-31,12,307.7,,0
3769,23,Padrao,Mensal,3490,Nordeste,Google,6,2023-07-24,,2024-01-07,2024-01-31,21,185.3,,0
5748,28,BASICO,Anual,19.9,Sudeste,indicação,8,2023-04-30,2024-01-15,2024-01-06,2024-01-31,3,62.7,PREÇO,1
3353,35,padrão,Mensal,34.9,Sudeste,indicação,7,2023-11-21,,2024-01-15,2024-01-31,15,51.3,,0
4253,18,Premium,Mensal,55.9,Nordeste,orgânico,8,2023-03-07,,2024-01-03,2024-01-31,11,273.3,,0
1159,20,Padrao,Mensal,3490,Centro-Oeste,Indicacao,2,2023-07-04,2023-12-13,2023-11-21,2024-01-31,6,69.1,preco,1
2236,41,Padrão,Anual,34.9,Sul,Organico,10,2023-01-17,,2024-01-05,2024-01-31,19,400.5,,0
5793,39,BASICO,Mensal,19.9,Nordeste,Organico,8,2022-06-03,,2024-01-20,2024-01-31,13,378.6,,0
1909,49,premium,Mensal,55.9,Sul,Instagram,6,2022-04-29,,2024-01-08,2024-01-31,15,619.2,,0
3431,32,padrão,Mensal,34.9,Sudeste,Instagram,3,2023-06-01,2023-11-16,2023-10-22,2024-01-31,3,45.4,PREÇO,1
2557,37,Basico,Mensal,19.9,Norte,IG,10,2023-02-05,,2024-01-26,2024-01-31,13,273.6,,0
1320,56,básico,Mensal,19.9,Sudeste,indicação,5,2022-12-19,,2024-01-16,2024-01-31,13,390.5,,0
4808,39,básico,Anual,19.9,Centro-Oeste,orgânico,7,2023-11-19,,2024-01-08,2024-01-31,10,38.5,,0
1014,49,básico,Mensal,19.9,Norte,instagram,8,2022-03-06,,2024-01-27,2024-01-31,15,729.1,,0
5821,38,Padrao,Mensal,34.9,Sudeste,Instagram,9,2022-06-22,,2024-01-03,2024-01-31,12,399.8,,0
4464,50,premium,Mensal,55.9,Sudeste,IG,2,2023-04-18,2023-11-29,2023-10-24,2024-01-31,4,80.8,Preço,1
2446,22,básico,Mensal,19.9,Nordeste,IG,3,2023-06-22,2024-01-20,2024-01-05,2024-01-31,1,15.3,preco,1
4475,28,padrão,Mensal,34.9,Sudeste,instagram,4,2022-06-05,2023-10-27,2023-10-22,2024-01-31,3,84.7,Falta de tempo,1
1887,47,básico,Anual,1990,Nordeste,instagram,9,2022-07-06,,2024-01-08,2024-01-31,24,900,,0
2692,53,Premium,Anual,55.9,Sudeste,instagram,2,2022-10-06,2023-07-01,,2024-01-31,4,111.1,Concorrente,1
4699,43,básico,Mensal,19.9,Nordeste,Instagram,8,2022-11-24,,2024-01-24,2024-01-31,16,490.2,,0
5630,21,Basico,Mensal,19.9,Sudeste,indicação,4,2023-09-16,2024-01-14,2024-01-04,2024-01-31,2,15.8,Pouco conteúdo novo,1
2719,33,BASICO,Mensal,19.9,Sudeste,instagram,10,2022-08-16,,2024-01-07,2024-01-31,10,358.8,,0
5913,18,Padrão,Mensal,34.9,Centro-Oeste,Organico,9,2023-09-28,,2024-01-14,2024-01-31,13,117.9,,0
1651,38,Basico,Mensal,19.9,Sudeste,Indicacao,10,2023-10-30,,2024-01-30,2024-01-31,13,63.3,,0
5349,31,Premium,Mensal,5590,Centro-Oeste,IG,10,2022-06-28,,2024-01-20,2024-01-31,18,684.3,,0
1918,39,básico,Mensal,19.9,Sudeste,Organico,10,2023-07-16,,2024-01-07,2024-01-31,14,197.8,,0
1882,30,Padrao,Mensal,34.9,Sudeste,indicação,8,2023-09-18,,2024-01-12,2024-01-31,12,71.6,,0
1291,39,Basico,Mensal,19.9,Nordeste,orgânico,6,2023-03-24,2023-09-26,2023-08-24,2024-01-31,2,43.4,Preço,1
1233,28,BASICO,Mensal,19.9,Sudeste,Organico,5,2023-06-29,2023-12-30,2023-12-13,2024-01-31,3,39.4,Preço,1
3789,55,Padrao,Mensal,34.9,Nordeste,Organico,5,2023-09-12,,2024-01-05,2024-01-31,11,88.4,,0
4437,50,básico,Mensal,19.9,Sudeste,indicação,4,2023-09-02,2024-01-21,2023-12-14,2024-01-31,2,23.1,Pouco conteúdo novo,1
4481,29,premium,Anual,55.9,Nordeste,google,8,2023-12-10,,2024-01-06,2024-01-31,11,24,,0
2994,28,Premium,Mensal,55.9,Sudeste,google,4,2022-04-16,2024-01-07,2023-12-08,2024-01-31,1,45.3,Concorrente,1
2304,63,básico,Mensal,19.9,Nordeste,google,10,2022-07-21,,2024-01-03,2024-01-31,16,654.7,,0
4391,34,Basico,Mensal,19.9,Centro-Oeste,orgânico,8,2023-03-01,,2024-01-18,2024-01-31,13,257.3,,0
3271,43,Padrão,Anual,3490,Sudeste,Organico,4,2021-05-19,,2024-01-27,2024-01-31,11,786.4,,0
4131,39,Padrao,Mensal,34.9,Centro-Oeste,orgânico,7,2022-12-03,,2024-01-13,2024-01-31,13,387.1,,0
3025,46,Basico,Mensal,19.9,?,IG,4,2021-10-18,,2024-01-30,2024-01-31,20,900,,0
4394,42,BASICO,Mensal,19.9,Sudeste,indicação,10,2023-04-15,,2024-01-08,2024-01-31,18,385.6,,0
2485,44,Basico,Anual,19.9,Sudeste,Indicacao,6,2022-01-22,,2024-01-03,2024-01-31,16,608,,0
3976,54,premium,Mensal,55.9,Norte,Organico,8,2023-03-31,,2024-01-06,2024-01-31,13,191,,0
5628,27,padrão,Mensal,34.9,Nordeste,orgânico,7,2023-01-03,,2024-01-28,2024-01-31,13,399,,0
1525,46,Basico,Mensal,19.9,Sul,Indicacao,9,2023-07-15,,2024-01-03,2024-01-31,10,104.3,,0
2080,34,Premium,Mensal,55.9,Sul,Instagram,10,2023-06-30,,2024-01-27,2024-01-31,6,88.2,,0
4443,51,Premium,Mensal,55.9,Nordeste,Google,6,2022-02-25,,2024-01-20,2024-01-31,7,323.7,,0
3447,31,básico,Mensal,19.9,Nordeste,google,2,2023-05-14,2023-12-29,2023-12-03,2024-01-31,4,55.3,Pouco conteúdo novo,1
5755,45,premium,Mensal,5590,Nordeste,Indicacao,6,2023-01-03,2023-11-05,2023-10-14,2024-01-31,5,106.4,Pouco conteúdo novo,1
1673,44,Padrao,Mensal,34.9,Sudeste,IG,6,2021-10-16,,2024-01-18,2024-01-31,15,900,,0
1480,49,padrão,Anual,34.9,Centro-Oeste,Organico,5,2023-04-25,,2024-01-09,2024-01-31,16,339.4,,0
3154,46,Basico,Mensal,1990,Nordeste,Instagram,6,2022-09-13,,2024-01-10,2024-01-31,12,443.4,,0
4787,24,básico,Anual,19.9,Sudeste,IG,10,2022-04-27,,2024-01-13,2024-01-31,12,524.8,,0
1251,48,Premium,Mensal,5590,Sudeste,IG,8,2023-11-29,,2024-01-29,2024-01-31,12,55.7,,0
1390,18,Basico,Anual,1990,Sul,Organico,10,2021-05-16,,2024-01-15,2024-01-31,17,900,,0
2467,29,Padrao,Mensal,34.9,Sudeste,Indicacao,8,2022-05-14,,2024-01-05,2024-01-31,14,607.9,,0
5633,33,padrão,Mensal,3490,Centro-Oeste,Indicacao,5,2022-01-22,,2024-01-30,2024-01-31,16,808.2,,0
4287,28,BASICO,Mensal,19.9,Sudeste,Instagram,9,2021-11-11,,2024-01-13,2024-01-31,18,900,,0
2984,40,padrão,Mensal,34.9,Sudeste,Google,7,2023-04-30,,2024-01-02,2024-01-31,15,314.6,,0
2933,27,padrão,Anual,34.9,?,Indicacao,10,2023-04-14,,2024-01-21,2024-01-31,13,165.8,,0
3104,34,BASICO,Mensal,19.9,Sudeste,instagram,10,2023-03-25,,2024-01-10,2024-01-31,10,201.1,,0
2205,51,Padrão,Mensal,34.9,?,Organico,2,2022-10-04,2023-11-28,2023-10-30,2024-01-31,3,71.4,Pouco conteúdo novo,1
4138,49,Basico,Mensal,19.9,Sudeste,orgânico,9,2022-06-23,,2024-01-10,2024-01-31,13,366.4,,0
3394,25,Basico,Mensal,19.9,Sudeste,google,3,2023-07-29,2023-10-30,2023-09-22,2024-01-31,2,24.8,preco,1
5247,51,Basico,Mensal,19.9,Centro-Oeste,instagram,9,2023-02-27,,2024-01-28,2024-01-31,19,412.6,,0
5829,58,Basico,Anual,19.9,Sudeste,Indicacao,9,2023-09-20,,2024-01-29,2024-01-31,19,161.7,,0
1827,37,premium,Mensal,55.9,Nordeste,Instagram,7,2022-12-30,,2024-01-19,2024-01-31,10,198.7,,0
1524,22,Premium,Anual,55.9,Nordeste,orgânico,5,2023-02-05,,2024-01-22,2024-01-31,25,420.7,,0
2265,18,Basico,Anual,19.9,Sudeste,indicação,7,2023-08-31,,2024-01-23,2024-01-31,18,150.3,,0
3069,32,Basico,Mensal,19.9,Sudeste,instagram,5,2022-10-14,2023-08-05,2023-07-27,2024-01-31,7,227.1,preco,1
1405,32,Basico,Mensal,19.9,Sudeste,Instagram,10,2023-12-31,,2024-01-23,2024-01-31,11,16.1,,0
5353,46,Padrao,Mensal,34.9,Sudeste,IG,3,2022-04-21,,2024-01-18,2024-01-31,19,817.4,,0
5887,47,premium,Anual,55.9,Sudeste,Instagram,8,2023-04-17,,2024-01-19,2024-01-31,14,184.7,,0
3436,35,premium,Anual,55.9,Sudeste,Organico,6,2023-01-06,,2024-01-15,2024-01-31,19,497,,0
4766,28,Padrao,Anual,34.9,Sudeste,google,4,2022-11-15,2023-12-12,2023-11-09,2024-01-31,2,41.7,Falta de tempo,1
5281,48,padrão,Anual,34.9,Sudeste,instagram,10,2023-02-19,,2024-01-24,2024-01-31,22,447.4,,0
3900,32,básico,Mensal,19.9,Nordeste,Indicacao,5,2023-02-15,,2024-01-14,2024-01-31,13,210.7,,0
3388,31,básico,Anual,19.9,Sudeste,orgânico,5,2023-05-04,,2024-01-30,2024-01-31,12,203.6,,0
5635,46,básico,Mensal,19.9,Norte,Organico,4,2023-09-27,2023-12-28,2023-11-25,2024-01-31,3,26.8,preco,1
5460,33,Premium,Anual,55.9,Sudeste,google,8,2023-01-16,,2024-01-26,2024-01-31,14,276.2,,0
4901,34,Padrão,Mensal,34.9,Nordeste,instagram,8,2021-12-11,,2024-01-15,2024-01-31,14,788.9,,0
2858,18,Padrao,Mensal,34.9,Centro-Oeste,Instagram,6,2023-02-15,2023-10-26,2023-10-03,2024-01-31,3,47.5,Problema técnico,1
4008,34,Basico,Mensal,1990,Sudeste,Organico,8,2022-03-20,,2024-01-30,2024-01-31,15,607.3,,0
5754,37,Padrão,Mensal,34.9,Centro-Oeste,Instagram,5,2023-09-27,,2024-01-24,2024-01-31,19,120.8,,0
2350,20,Padrao,Anual,34.9,Sul,indicação,7,2022-06-15,,2024-01-09,2024-01-31,18,699.3,,0
5425,42,Basico,Mensal,19.9,Nordeste,orgânico,7,2023-04-28,,2024-01-14,2024-01-31,15,316.1,,0
1512,30,BASICO,Mensal,19.9,Centro-Oeste,instagram,7,2020-06-16,,2024-01-09,2024-01-31,18,900,,0
1662,22,BASICO,Mensal,19.9,Nordeste,indicação,7,2023-07-01,2023-11-26,2023-11-21,2024-01-31,1,12,preco,1
5441,28,padrão,Mensal,34.9,Sul,orgânico,4,2022-06-06,2023-05-02,2023-04-12,2024-01-31,3,141.9,Concorrente,1
2603,33,Basico,Mensal,1990,Sudeste,Organico,8,2022-11-18,2023-10-17,2023-09-12,2024-01-31,5,136.4,problema tecnico,1
2676,54,Basico,Mensal,19.9,Sul,Organico,7,2021-02-20,,2024-01-02,2024-01-31,18,900,,0
5978,18,básico,Mensal,19.9,Nordeste,Organico,2,2023-08-27,2023-12-26,2023-12-13,2024-01-31,1,9.3,Pouco conteúdo novo,1
1066,18,padrão,Anual,34.9,Centro-Oeste,Google,2,2022-12-17,2023-09-30,2023-09-25,2024-01-31,3,91.3,PREÇO,1
2950,39,Padrão,Mensal,34.9,Sudeste,Organico,8,2023-04-27,,2024-01-24,2024-01-31,14,268,,0
5980,29,padrão,Mensal,34.9,Nordeste,indicação,7,2022-09-15,,2024-01-26,2024-01-31,9,317.2,,0
3420,53,Basico,Mensal,19.9,Nordeste,orgânico,7,2022-05-11,,2024-01-18,2024-01-31,14,559.7,,0
3691,35,básico,Mensal,19.9,Sudeste,Instagram,8,2023-06-17,,2024-01-26,2024-01-31,11,117.7,,0
5330,32,Premium,Mensal,55.9,Sul,IG,8,2022-04-14,,2024-01-03,2024-01-31,17,571.6,,0
4355,25,premium,Anual,55.9,Nordeste,IG,5,2023-03-13,,2024-01-11,2024-01-31,7,147.5,,0
1645,35,Premium,Anual,55.9,Nordeste,Organico,4,2023-04-30,,2024-01-15,2024-01-31,18,336.8,,0
3347,55,Padrão,Anual,34.9,Sul,Organico,4,2023-09-24,2024-01-15,2023-12-14,2024-01-31,2,18.1,preco,1
2666,27,premium,Mensal,5590,Nordeste,Organico,5,2022-12-23,2023-10-25,2023-10-11,2024-01-31,2,48.1,Preço,1
2138,18,Padrao,Mensal,34.9,Sul,orgânico,9,2023-12-27,,2024-01-18,2024-01-31,11,26.1,,0
1541,44,Padrão,Mensal,34.9,?,google,6,2023-01-29,2023-12-01,2023-11-28,2024-01-31,4,112.9,Pouco conteúdo novo,1
2313,67,Padrao,Mensal,34.9,Sudeste,google,3,2023-02-18,,2024-01-29,2024-01-31,18,472.2,,0
5296,18,padrão,Mensal,34.9,Sudeste,Indicacao,10,2023-06-17,,2024-01-31,2024-01-31,14,140.8,,0
2963,19,premium,Anual,5590,Nordeste,Indicacao,4,2023-11-16,2024-01-02,2023-12-10,2024-01-31,2,6.7,Preço,1
3361,39,padrão,Mensal,3490,Sul,IG,10,2023-08-10,,2024-01-14,2024-01-31,12,131.2,,0
1306,38,Basico,Mensal,19.9,Sul,instagram,9,2022-11-25,,2024-01-29,2024-01-31,10,259.9,,0
5689,45,básico,Mensal,19.9,Sul,Google,2,2022-08-02,2024-01-04,2023-11-29,2024-01-31,2,58.7,Pouco conteúdo novo,1
1129,32,padrão,Mensal,34.9,Nordeste,Organico,10,2022-11-04,,2024-01-14,2024-01-31,14,502.8,,0
1395,44,Basico,Anual,19.9,Nordeste,orgânico,8,2023-02-20,,2024-01-18,2024-01-31,17,313.8,,0
5910,28,Premium,Mensal,55.9,Sul,google,1,2022-05-04,2023-05-11,2023-04-16,2024-01-31,5,208.2,preco,1
2929,35,BASICO,Anual,19.9,Norte,instagram,9,2022-11-24,,2024-01-12,2024-01-31,16,326.9,,0
5422,47,Padrao,Mensal,3490,Centro-Oeste,Organico,10,2023-11-13,,2024-01-25,2024-01-31,17,68.1,,0
5287,20,premium,Mensal,5590,Sudeste,indicação,4,2023-11-23,2024-01-15,2023-12-09,2024-01-31,2,7.2,Pouco conteúdo novo,1
1722,44,Premium,Mensal,5590,Sudeste,Organico,7,2023-08-31,,2024-01-09,2024-01-31,12,138.5,,0
4221,36,Padrao,Mensal,34.9,Sul,Instagram,3,2023-08-07,2023-12-22,2023-11-28,2024-01-31,2,17.2,preco,1
4763,34,Padrão,Mensal,34.9,Sul,indicação,6,2023-03-13,,2024-01-27,2024-01-31,21,353.3,,0
1307,32,Basico,Anual,19.9,Norte,Organico,5,2023-07-23,2023-12-14,,2024-01-31,2,24.9,preco,1
5591,37,premium,Mensal,5590,Sudeste,Instagram,9,2023-01-16,,2024-01-30,2024-01-31,17,368.1,,0
4080,28,básico,Mensal,19.9,Sudeste,IG,8,2022-08-24,,2024-01-08,2024-01-31,15,568.1,,0
1384,27,padrão,Mensal,34.9,Sul,orgânico,8,2022-10-15,,2024-01-31,2024-01-31,14,434.5,,0
3558,30,Padrão,Anual,34.9,Sudeste,orgânico,9,2023-02-14,,2024-01-21,2024-01-31,10,258.5,,0
3700,23,Padrão,Mensal,34.9,Sudeste,Google,3,2023-11-01,2024-01-08,2023-12-20,2024-01-31,1,5.9,Pouco conteúdo novo,1
1582,47,premium,Mensal,55.9,Sudeste,Indicacao,6,2022-08-15,2023-05-15,2023-04-06,2024-01-31,7,253.4,Outro,1
5493,26,BASICO,Mensal,19.9,Centro-Oeste,Google,3,2023-08-25,2023-12-29,2023-12-24,2024-01-31,3,27.5,Falta de tempo,1
5970,29,Premium,Mensal,55.9,Centro-Oeste,Indicacao,4,2022-10-03,2024-01-14,2023-12-12,2024-01-31,3,94.6,problema tecnico,1
5367,32,BASICO,Mensal,19.9,Sudeste,Indicacao,6,2022-08-20,,2024-01-06,2024-01-31,19,495.7,,0
3580,27,Padrao,Mensal,34.9,Sudeste,Indicacao,8,2023-08-21,,2024-01-02,2024-01-31,8,86,,0
3810,19,básico,Anual,19.9,Nordeste,IG,6,2021-09-19,,2024-01-19,2024-01-31,14,682.2,,0
1161,22,básico,Anual,19.9,Nordeste,instagram,2,2023-02-16,2023-10-22,2023-10-16,2024-01-31,5,86,PREÇO,1
2334,38,Premium,Anual,55.9,Sudeste,instagram,2,2023-01-05,2023-08-19,2023-08-10,2024-01-31,3,72.3,problema tecnico,1
5787,36,básico,Mensal,19.9,Sudeste,Google,8,2023-08-27,,2024-01-19,2024-01-31,15,149.8,,0
1936,46,premium,Mensal,55.9,Sul,google,10,2022-05-20,,2024-01-26,2024-01-31,13,500.6,,0
2366,44,básico,Anual,19.9,Centro-Oeste,google,5,2022-12-02,2023-10-15,2023-09-20,2024-01-31,3,68.3,Pouco conteúdo novo,1
5876,30,BASICO,Mensal,19.9,Sudeste,Indicacao,3,2023-10-24,2024-01-09,2023-12-23,2024-01-31,5,31.9,Falta de tempo,1
4121,42,premium,Anual,55.9,Norte,instagram,2,2023-08-22,,2024-01-11,2024-01-31,13,139.6,,0
5022,18,Padrão,Mensal,34.9,Sudeste,Instagram,5,2022-05-29,,2024-01-15,2024-01-31,13,576.9,,0
2949,39,BASICO,Mensal,19.9,Nordeste,IG,4,2023-05-20,2023-10-30,2023-10-13,2024-01-31,5,61.4,PREÇO,1
4873,29,padrão,Mensal,34.9,Sudeste,Indicacao,3,2023-12-07,,2024-01-29,2024-01-31,17,32.9,,0
2159,18,Padrão,Anual,34.9,Norte,Google,6,2023-04-04,,2024-01-02,2024-01-31,10,192.7,,0
4989,22,básico,Anual,19.9,Sudeste,Indicacao,10,2021-06-20,,2024-01-13,2024-01-31,15,737.5,,0
2591,46,Basico,Mensal,19.9,Sudeste,orgânico,4,2023-11-12,2023-12-28,2023-11-22,2024-01-31,3,14.3,Pouco conteúdo novo,1
3701,54,Basico,Anual,19.9,Nordeste,Instagram,3,2022-12-24,2023-08-08,2023-07-18,2024-01-31,4,117,Pouco conteúdo novo,1
3744,30,Basico,Mensal,19.9,Centro-Oeste,indicação,4,2023-04-16,,2024-01-13,2024-01-31,12,247.5,,0
2880,32,básico,Anual,1990,Sudeste,Organico,4,2023-09-27,2024-01-20,2023-12-22,2024-01-31,6,55.8,Preço,1
4636,34,padrão,Mensal,34.9,Norte,Google,7,2023-09-13,2024-01-16,2024-01-07,2024-01-31,0,0,Pouco conteúdo novo,1
3529,24,BASICO,Anual,19.9,Sudeste,indicação,5,2023-09-22,2023-12-10,2023-11-29,2024-01-31,8,60.6,Problema técnico,1
3081,42,Padrao,Mensal,34.9,Sudeste,instagram,6,2023-08-23,2023-12-11,2023-11-06,2024-01-31,1,7.2,Pouco conteúdo novo,1
4182,24,Basico,Anual,19.9,Norte,Instagram,4,2023-07-03,2023-12-03,2023-11-18,2024-01-31,2,32.8,Preço,1
5143,22,Padrão,Anual,3490,Sudeste,indicação,7,2023-09-27,2024-01-06,2023-11-30,2024-01-31,5,44.8,problema tecnico,1
5125,43,padrão,Mensal,3490,Sul,orgânico,6,2023-07-09,2023-11-03,2023-10-29,2024-01-31,6,69.4,Concorrente,1
4053,45,BASICO,Mensal,1990,Centro-Oeste,google,6,2023-09-16,,2024-01-07,2024-01-31,11,80.7,,0
4225,35,Padrão,Mensal,34.9,Centro-Oeste,Google,8,2022-05-24,,2024-01-20,2024-01-31,19,742.7,,0
5597,41,BASICO,Mensal,19.9,Centro-Oeste,IG,8,2023-08-18,2023-11-25,2023-10-20,2024-01-31,1,8.3,Falta de tempo,1
2846,39,Padrao,Mensal,34.9,Sudeste,instagram,8,2022-06-01,,,2024-01-31,13,378.1,,0
5814,41,premium,Mensal,55.9,Norte,orgânico,8,2020-08-25,,2024-01-07,2024-01-31,14,869.5,,0
2268,34,padrão,Mensal,34.9,Nordeste,Indicacao,4,2022-05-15,2023-10-09,2023-09-06,2024-01-31,1,33.3,Outro,1
4230,47,padrão,Mensal,34.9,Sudeste,instagram,7,2023-03-10,,2024-01-18,2024-01-31,16,309.5,,0
5528,23,básico,Mensal,19.9,Sudeste,orgânico,9,2021-01-28,,2024-01-19,2024-01-31,25,900,,0
3301,29,padrão,Mensal,34.9,Sudeste,orgânico,8,2022-12-06,,2024-01-09,2024-01-31,8,192.8,,0
1996,26,padrão,Mensal,34.9,Nordeste,orgânico,9,2022-07-26,,2024-01-03,2024-01-31,15,532.9,,0
1044,36,básico,Mensal,19.9,Sudeste,orgânico,6,2022-07-20,,2024-01-26,2024-01-31,12,389,,0
3739,24,Basico,Mensal,19.9,Sudeste,orgânico,4,2021-08-22,,2024-01-05,2024-01-31,15,879.9,,0
5462,33,Premium,Anual,55.9,Sudeste,google,8,2023-04-05,,2024-01-02,2024-01-31,12,273,,0
4838,20,padrão,Mensal,34.9,Sudeste,google,9,2022-07-20,,2024-01-17,2024-01-31,21,656.3,,0
1260,50,Premium,Anual,55.9,Nordeste,indicação,7,2022-04-02,,2024-01-12,2024-01-31,16,704,,0
3860,30,Premium,Anual,55.9,Norte,Organico,5,2022-10-12,,2024-01-30,2024-01-31,15,356.9,,0
3783,46,Padrão,Mensal,34.9,Nordeste,orgânico,6,2022-09-25,,2024-01-02,2024-01-31,10,349.1,,0
4096,23,BASICO,Mensal,19.9,Norte,Organico,6,2022-10-17,,2024-01-24,2024-01-31,17,404.4,,0
5652,40,Padrao,Mensal,34.9,Norte,IG,10,2021-05-14,,2024-01-11,2024-01-31,16,873.9,,0
3623,40,Padrão,Anual,34.9,Sul,instagram,5,2022-07-25,,2024-01-09,2024-01-31,12,336.3,,0
5953,34,Padrao,Anual,34.9,Centro-Oeste,Indicacao,6,2023-04-14,,2024-01-18,2024-01-31,11,184.2,,0
4326,38,Padrão,Mensal,34.9,Norte,Instagram,8,2022-12-31,,2024-01-09,2024-01-31,21,439.8,,0
1599,0,Padrão,Mensal,34.9,Nordeste,Instagram,5,2022-08-06,,2024-01-20,2024-01-31,16,502.9,,0
1191,47,Padrao,Mensal,34.9,Nordeste,indicação,3,2023-09-23,2023-12-29,2023-12-26,2024-01-31,2,15,Pouco conteúdo novo,1
1419,22,BASICO,Anual,19.9,Norte,orgânico,7,2022-03-28,2023-04-04,2023-02-28,2024-01-31,2,65.4,Problema técnico,1
3136,37,padrão,Mensal,34.9,Sudeste,Organico,7,2021-08-29,,2024-01-13,2024-01-31,15,791,,0
2246,29,Padrão,Mensal,34.9,Norte,instagram,6,2023-06-22,2023-11-13,2023-10-28,2024-01-31,2,26,Falta de tempo,1
2232,36,premium,Anual,5590,Nordeste,Indicacao,7,2022-03-23,,2024-01-11,2024-01-31,11,469.4,,0
3266,57,Padrão,Mensal,34.9,Norte,orgânico,6,2022-02-28,,2024-01-30,2024-01-31,16,727.2,,0
3204,43,Premium,Mensal,55.9,Norte,Google,8,2023-03-28,,2024-01-04,2024-01-31,14,282,,0
2812,50,Basico,Mensal,19.9,Centro-Oeste,Instagram,9,2023-06-21,,2024-01-10,2024-01-31,13,136.6,,0
1275,31,premium,Anual,55.9,Sudeste,Indicacao,10,2023-09-02,,2024-01-27,2024-01-31,9,102.4,,0
1705,28,Padrao,Mensal,34.9,Sul,instagram,7,2021-06-23,,2024-01-15,2024-01-31,12,729.4,,0
4842,29,Basico,Mensal,19.9,Sudeste,indicação,8,2023-04-27,,2024-01-20,2024-01-31,16,330,,0
5549,49,Basico,Mensal,19.9,Nordeste,Organico,8,2020-05-07,,2024-01-05,2024-01-31,17,900,,0
1113,36,básico,Anual,19.9,Nordeste,Organico,6,2023-02-16,,2024-01-21,2024-01-31,10,219,,0
5167,50,padrão,Mensal,34.9,?,instagram,7,2023-09-22,2023-12-05,2023-11-02,2024-01-31,3,20.9,Pouco conteúdo novo,1
5013,37,padrão,Mensal,34.9,?,orgânico,7,2023-02-19,,2024-01-19,2024-01-31,12,270.5,,0
3130,23,padrão,Mensal,34.9,Centro-Oeste,indicação,10,2023-05-02,,2024-01-04,2024-01-31,14,191.7,,0
4228,48,premium,Mensal,55.9,Centro-Oeste,Google,10,2021-10-09,,2024-01-28,2024-01-31,15,799.6,,0
3926,20,BASICO,Mensal,19.9,Sudeste,orgânico,6,2022-03-04,2023-05-25,2023-05-02,2024-01-31,2,90.3,Falta de tempo,1
1141,46,Premium,Mensal,55.9,Sul,IG,8,2022-11-20,2023-11-04,2023-10-21,2024-01-31,1,27,problema tecnico,1
5547,38,Padrao,Mensal,34.9,Centro-Oeste,IG,7,2023-04-19,2024-01-09,2023-12-11,2024-01-31,3,55.1,Pouco conteúdo novo,1
5579,37,BASICO,Mensal,1990,Sudeste,indicação,7,2022-12-16,,2024-01-08,2024-01-31,11,240.9,,0
2565,48,Padrao,Anual,3490,Sudeste,orgânico,1,2022-03-16,2023-09-04,2023-08-24,2024-01-31,3,128.4,Pouco conteúdo novo,1
4765,57,BASICO,Anual,1990,Sudeste,Organico,7,2023-12-21,,2024-01-31,2024-01-31,18,25.6,,0
4988,18,Padrao,Mensal,34.9,Sudeste,Organico,8,2022-05-25,,2024-01-16,2024-01-31,18,663.7,,0
3412,47,premium,Anual,55.9,Sudeste,Google,8,2023-07-05,,2024-01-19,2024-01-31,17,223.3,,0
2653,54,básico,Mensal,19.9,Sudeste,instagram,7,2023-07-14,,2024-01-10,2024-01-31,17,153.7,,0
4531,22,básico,Mensal,19.9,Nordeste,Organico,6,2022-08-14,,2024-01-11,2024-01-31,12,398.7,,0
1104,18,Basico,Mensal,19.9,Sudeste,Organico,10,2023-04-18,,2024-01-26,2024-01-31,14,262.1,,0
5052,27,BASICO,Anual,1990,Sudeste,Indicacao,7,2021-11-24,,2024-01-05,2024-01-31,16,691.3,,0
2857,51,Premium,Mensal,55.9,Centro-Oeste,Indicacao,8,2021-07-20,,2024-01-16,2024-01-31,11,791.4,,0
5875,18,Premium,Mensal,55.9,Centro-Oeste,indicação,6,2023-07-24,,2024-01-25,2024-01-31,18,167.2,,0
2081,41,Padrão,Mensal,3490,Norte,Indicacao,0,2023-06-01,2023-11-19,2023-11-05,2024-01-31,3,50.2,Falta de tempo,1
3329,29,BASICO,Mensal,19.9,Sudeste,Organico,5,2023-08-08,,2024-01-25,2024-01-31,12,129.8,,0
4976,38,Premium,Mensal,55.9,Norte,indicação,8,2022-02-13,,2024-01-07,2024-01-31,9,407.4,,0
4889,42,Padrao,Mensal,34.9,Norte,instagram,10,2023-07-20,,2024-01-20,2024-01-31,9,105.4,,0
3709,45,Padrão,Anual,34.9,Centro-Oeste,google,8,2023-08-23,2024-01-17,2023-12-29,2024-01-31,2,14.2,Pouco conteúdo novo,1
5337,27,Padrão,Mensal,34.9,Sudeste,Google,4,2022-06-22,2023-05-08,2023-04-12,2024-01-31,3,83.1,Preço,1
3478,43,Basico,Anual,19.9,Nordeste,Google,6,2023-05-20,,2024-01-13,2024-01-31,10,188,,0
3862,32,Padrão,Mensal,34.9,Nordeste,Indicacao,7,2022-04-25,,2024-01-03,2024-01-31,21,749.8,,0
5192,23,padrão,Anual,34.9,Sudeste,google,9,2021-09-26,,2024-01-31,2024-01-31,17,900,,0
3515,38,Basico,Mensal,19.9,Sul,Indicacao,7,2023-05-04,,2024-01-12,2024-01-31,11,224.9,,0
5738,45,Padrao,Mensal,34.9,Nordeste,Indicacao,5,2020-07-20,,2024-01-14,2024-01-31,14,900,,0
4564,45,premium,Mensal,5590,Sul,orgânico,6,2023-01-11,,,2024-01-31,11,244.7,,0
1084,26,Padrão,Mensal,3490,Nordeste,google,6,2021-04-23,,2024-01-15,2024-01-31,9,616.6,,0
2718,41,Basico,Mensal,19.9,Sul,Indicacao,7,2022-05-21,,2024-01-16,2024-01-31,16,490.7,,0
5105,23,BASICO,Anual,19.9,Sudeste,instagram,8,2023-09-26,2023-12-03,2023-11-23,2024-01-31,4,26.1,Pouco conteúdo novo,1
3652,24,Padrão,Mensal,34.9,Sudeste,Organico,2,2023-06-28,2023-12-09,2023-11-28,2024-01-31,4,59.7,Pouco conteúdo novo,1
2339,33,Basico,Anual,19.9,Nordeste,instagram,8,2023-04-03,,2024-01-08,2024-01-31,19,347.9,,0
4895,48,básico,Mensal,19.9,Sul,Google,7,2023-06-03,,2024-01-27,2024-01-31,13,231.9,,0
1276,30,premium,Mensal,55.9,Centro-Oeste,orgânico,3,2023-10-11,2023-12-12,2023-12-06,2024-01-31,5,34.6,Falta de tempo,1
2408,41,padrão,Mensal,34.9,Sul,Organico,5,2023-03-16,2023-09-21,2023-09-02,2024-01-31,6,124.4,problema tecnico,1
2372,53,Basico,Anual,1990,Sudeste,orgânico,7,2022-04-22,,2024-01-16,2024-01-31,13,469.2,,0
4844,38,Premium,Mensal,55.9,Sudeste,Indicacao,9,2023-02-18,,2024-01-16,2024-01-31,18,402.2,,0
4994,40,básico,Mensal,19.9,Centro-Oeste,google,4,2022-08-14,2023-08-27,2023-07-23,2024-01-31,3,118.5,Pouco conteúdo novo,1
5184,30,básico,Mensal,19.9,Sudeste,Organico,4,2023-05-27,,2024-01-10,2024-01-31,7,93.8,,0
1090,31,Basico,Mensal,19.9,Sul,IG,7,2022-01-24,,2024-01-24,2024-01-31,15,819.1,,0
5376,41,básico,Mensal,1990,Sul,google,9,2022-10-31,,2024-01-25,2024-01-31,8,244.5,,0
4055,18,padrão,Anual,34.9,Sudeste,Google,9,2023-04-06,,2024-01-02,2024-01-31,17,268.8,,0
2906,33,Padrao,Anual,34.9,Sul,google,6,2023-06-08,2023-10-12,2023-09-27,2024-01-31,8,124.1,Pouco conteúdo novo,1
3699,0,básico,Mensal,19.9,Sul,instagram,7,2022-12-30,,2024-01-23,2024-01-31,13,264.3,,0
2823,18,premium,Mensal,55.9,Nordeste,google,10,2023-06-12,,2024-01-11,2024-01-31,21,267,,0
4417,32,Premium,Anual,55.9,Sul,indicação,10,2023-07-25,,2024-01-24,2024-01-31,15,195.5,,0
2426,34,BASICO,Mensal,1990,Sul,Organico,6,2023-09-29,,2024-01-08,2024-01-31,13,91.3,,0
4412,41,básico,Anual,19.9,Sudeste,orgânico,0,2022-12-31,2023-09-01,2023-08-11,2024-01-31,4,99.2,Falta de tempo,1
5461,-2,Padrão,Anual,34.9,Sudeste,Google,8,2022-02-16,,2024-01-15,2024-01-31,12,650,,0
3071,48,Padrao,Mensal,34.9,Nordeste,Organico,5,2023-06-17,,2024-01-21,2024-01-31,19,203.3,,0
3026,55,Padrao,Anual,3490,Sul,indicação,8,2023-07-28,,2024-01-12,2024-01-31,11,118.6,,0
1998,35,Premium,Mensal,55.9,Sul,Indicacao,7,2023-02-24,,2024-01-10,2024-01-31,17,291.9,,0
3358,39,Padrao,Anual,34.9,Nordeste,Organico,6,2023-12-13,2024-01-10,2023-12-21,2024-01-31,0,0,Concorrente,1
4108,47,básico,Mensal,19.9,Sul,instagram,3,2022-04-15,2023-11-05,2023-10-25,2024-01-31,1,31.9,Concorrente,1
4425,27,Padrao,Mensal,34.9,Sul,Organico,8,2022-12-03,,2024-01-09,2024-01-31,14,365.5,,0
2759,45,básico,Mensal,19.9,Norte,Google,1,2023-05-18,2023-09-30,2023-09-26,2024-01-31,4,59.5,Pouco conteúdo novo,1
4451,49,premium,Mensal,55.9,Centro-Oeste,google,7,2023-06-13,,2024-01-28,2024-01-31,13,207.5,,0
3288,29,BASICO,Anual,19.9,Sudeste,orgânico,9,2021-08-21,,,2024-01-31,12,764.2,,0
3714,36,Padrão,Mensal,34.9,Sudeste,orgânico,6,2022-08-13,,2024-01-06,2024-01-31,11,268.1,,0
2342,24,básico,Anual,19.9,Sudeste,orgânico,7,2023-08-08,2024-01-16,2024-01-05,2024-01-31,1,10.9,problema tecnico,1
5190,37,Padrão,Mensal,34.9,Nordeste,Organico,10,2022-11-10,,2024-01-24,2024-01-31,17,442.3,,0
3146,40,Basico,Mensal,1990,Sudeste,orgânico,9,2023-06-25,,2024-01-09,2024-01-31,14,215.8,,0
1167,66,Premium,Mensal,55.9,Nordeste,IG,1,2022-11-25,2023-08-09,2023-07-31,2024-01-31,3,94.7,PREÇO,1
1496,41,Premium,Mensal,55.9,Sudeste,Google,7,2022-12-07,,2024-01-21,2024-01-31,18,575.9,,0
4161,32,Basico,Mensal,19.9,Sudeste,Organico,8,2023-11-05,,2024-01-25,2024-01-31,18,63.2,,0
5427,33,Basico,Mensal,19.9,Sudeste,Indicacao,9,2023-01-24,,2024-01-07,2024-01-31,13,350.4,,0
1219,57,BASICO,Anual,19.9,Centro-Oeste,Google,5,2023-07-28,2024-01-08,2023-12-17,2024-01-31,5,48.5,problema tecnico,1
3481,21,básico,Mensal,19.9,Norte,Indicacao,3,2023-07-14,2024-01-14,2024-01-01,2024-01-31,3,27.2,preco,1
5974,78,básico,Anual,19.9,Sul,indicação,10,2022-12-25,,2024-01-26,2024-01-31,13,370.9,,0
3534,35,premium,Anual,55.9,Nordeste,Instagram,8,2023-06-02,,2024-01-28,2024-01-31,17,311.6,,0
4730,35,Padrão,Mensal,34.9,?,Organico,7,2022-08-17,,2024-01-31,2024-01-31,15,482.8,,0
2537,21,Padrão,Mensal,34.9,Sudeste,google,4,2023-09-11,2024-01-03,2023-12-02,2024-01-31,4,22.9,Preço,1
5627,34,Padrão,Mensal,3490,Sul,Organico,6,2023-05-10,,2024-01-05,2024-01-31,12,199.5,,0
1305,56,Padrao,Mensal,3490,Nordeste,Indicacao,9,2023-09-15,,2024-01-27,2024-01-31,9,85.9,,0
4843,59,Basico,Mensal,19.9,Sul,Google,8,2023-08-02,,2024-01-11,2024-01-31,18,160.7,,0
1196,25,básico,Mensal,1990,Sudeste,Organico,0,2023-08-22,2023-12-07,2023-11-13,2024-01-31,4,36.3,Preço,1
2146,33,padrão,Mensal,34.9,Nordeste,google,6,2023-08-28,,2024-01-31,2024-01-31,12,135.1,,0
5590,65,padrão,Mensal,34.9,Sudeste,google,10,2023-01-21,,2024-01-07,2024-01-31,20,543.8,,0
1110,29,Premium,Mensal,55.9,Sudeste,Instagram,2,2022-11-18,2023-12-11,2023-11-24,2024-01-31,3,78.6,problema tecnico,1
4554,32,Premium,Mensal,55.9,Sudeste,Organico,10,2023-10-06,,2024-01-20,2024-01-31,9,43.8,,0
5465,42,BASICO,Mensal,19.9,Sudeste,Instagram,8,2023-04-06,2023-10-08,2023-10-03,2024-01-31,3,57,Preço,1
5981,48,Padrão,Anual,34.9,Nordeste,orgânico,10,2022-12-23,,2024-01-09,2024-01-31,13,243.7,,0
1926,46,Padrão,Mensal,34.9,Sul,Google,6,2021-07-28,2023-03-21,2023-02-13,2024-01-31,1,56.3,Pouco conteúdo novo,1
2815,26,premium,Mensal,55.9,Nordeste,google,5,2023-06-11,,2024-01-27,2024-01-31,18,276,,0
5492,56,Basico,Mensal,19.9,Sul,Google,8,2023-02-15,,2024-01-06,2024-01-31,19,432.4,,0
1797,43,básico,Mensal,19.9,Sudeste,orgânico,6,2023-11-12,,2024-01-29,2024-01-31,15,65.1,,0
2298,38,Basico,Mensal,19.9,Norte,orgânico,5,2022-01-21,,2024-01-21,2024-01-31,15,538.2,,0
4259,52,básico,Mensal,19.9,Sudeste,instagram,8,2023-05-10,,2024-01-15,2024-01-31,14,259,,0
2062,32,Padrao,Anual,34.9,Norte,orgânico,8,2023-10-03,,2024-01-24,2024-01-31,13,114,,0
5514,55,padrão,Mensal,3490,Sudeste,indicação,9,2023-07-19,,2024-01-22,2024-01-31,17,168.1,,0
4280,21,básico,Mensal,19.9,Sul,instagram,9,2022-05-10,,2024-01-18,2024-01-31,17,525.9,,0
5471,33,Padrao,Mensal,34.9,Sudeste,orgânico,10,2022-07-01,,2024-01-09,2024-01-31,14,609.3,,0
5566,21,Premium,Anual,55.9,Sul,Instagram,5,2022-11-26,2023-07-23,2023-07-11,2024-01-31,3,76.7,Problema técnico,1
4320,45,premium,Mensal,55.9,Nordeste,Organico,8,2022-08-02,,2024-01-23,2024-01-31,11,296.3,,0
4971,54,Padrao,Anual,34.9,Sul,instagram,4,2023-03-12,2023-11-28,2023-10-28,2024-01-31,4,79.3,Problema técnico,1
4317,34,Premium,Mensal,55.9,Norte,orgânico,8,2022-11-25,,2024-01-10,2024-01-31,16,418,,0
2359,33,Premium,Mensal,55.9,?,IG,10,2023-05-05,,2024-01-13,2024-01-31,19,305.9,,0
2761,51,Padrão,Anual,34.9,Sudeste,IG,7,2023-08-22,,2024-01-02,2024-01-31,15,177.5,,0
3059,42,Padrao,Anual,34.9,Sudeste,Indicacao,5,2022-04-19,,2024-01-20,2024-01-31,21,900,,0
3892,35,Padrao,Mensal,34.9,Norte,google,5,2023-01-09,,2024-01-09,2024-01-31,15,337.2,,0
4734,37,Basico,Mensal,19.9,Nordeste,Google,7,2023-06-08,,2024-01-14,2024-01-31,14,229.2,,0
4557,50,padrão,Mensal,3490,Centro-Oeste,Google,9,2023-05-20,,2024-01-16,2024-01-31,16,247.6,,0
2486,46,padrão,Mensal,34.9,Sudeste,Instagram,6,2023-07-22,,2024-01-18,2024-01-31,16,144.8,,0
5634,50,Padrao,Anual,34.9,Sudeste,instagram,7,2023-11-26,2024-01-10,2023-12-24,2024-01-31,5,16.7,Pouco conteúdo novo,1
4779,31,premium,Mensal,55.9,Centro-Oeste,Organico,9,2022-09-06,,2024-01-06,2024-01-31,15,366.1,,0
5576,21,premium,Mensal,55.9,Sudeste,google,10,2023-05-26,,2024-01-24,2024-01-31,10,171.3,,0
5319,32,Padrão,Anual,34.9,Sudeste,orgânico,9,2023-07-24,,2024-01-27,2024-01-31,10,94,,0
1672,43,BASICO,Mensal,19.9,Sudeste,google,8,2023-12-19,,2024-01-07,2024-01-31,14,24.2,,0
5071,32,BASICO,Mensal,19.9,Norte,Google,3,2022-12-14,,2024-01-14,2024-01-31,11,267.7,,0
2393,26,Premium,Mensal,55.9,Sudeste,Organico,2,2023-10-11,2023-12-11,2023-12-04,2024-01-31,2,12.9,Falta de tempo,1
4141,22,básico,Mensal,19.9,Nordeste,orgânico,9,2022-12-17,,2024-01-31,2024-01-31,10,225.9,,0
3653,19,Padrao,Mensal,34.9,Nordeste,Organico,8,2023-01-11,,,2024-01-31,16,397.9,,0
1580,31,BASICO,Mensal,19.9,Sudeste,orgânico,5,2022-01-27,2023-10-22,2023-10-11,2024-01-31,3,144.4,preco,1
2045,21,Padrão,Mensal,34.9,Nordeste,Indicacao,7,2023-02-09,,2024-01-18,2024-01-31,11,253.2,,0
5173,48,Basico,Mensal,19.9,Nordeste,Organico,5,2022-09-14,,2024-01-20,2024-01-31,16,586.1,,0
3595,18,Padrao,Mensal,34.9,Sudeste,Google,7,2023-03-18,2023-10-04,2023-09-10,2024-01-31,1,15.5,Concorrente,1
3796,36,padrão,Mensal,34.9,Sudeste,instagram,2,2023-04-12,2023-11-05,2023-10-27,2024-01-31,1,13,PREÇO,1
4477,37,padrão,Mensal,3490,Norte,instagram,2,2023-08-15,2023-12-23,2023-11-21,2024-01-31,6,54.8,Outro,1
5221,33,básico,Mensal,19.9,Nordeste,Google,9,2023-02-26,,2024-01-22,2024-01-31,9,138.8,,0
4114,18,Padrao,Mensal,34.9,Sudeste,orgânico,10,2023-07-30,,2024-01-03,2024-01-31,11,107.7,,0
4588,45,padrão,Mensal,34.9,Norte,orgânico,5,2022-12-03,2023-09-24,2023-09-03,2024-01-31,5,141.3,preco,1
4961,52,básico,Mensal,1990,Sul,orgânico,7,2022-06-01,,2024-01-19,2024-01-31,11,308.3,,0
2960,53,Padrao,Mensal,34.9,Centro-Oeste,Indicacao,5,2023-06-05,2024-01-14,2023-12-12,2024-01-31,4,72.8,Falta de tempo,1
2932,18,Padrao,Mensal,34.9,Norte,Instagram,7,2023-07-16,,2024-01-24,2024-01-31,12,114.2,,0
2596,63,padrão,Mensal,34.9,Sudeste,orgânico,6,2023-02-10,2023-10-13,2023-09-09,2024-01-31,3,79,Pouco conteúdo novo,1
5672,45,BASICO,Mensal,19.9,Sudeste,Google,5,2022-09-16,,2024-01-22,2024-01-31,16,451.7,,0
5717,47,básico,Mensal,1990,Sul,indicação,4,2023-01-05,,2024-01-08,2024-01-31,15,447,,0
1767,35,básico,Mensal,19.9,Nordeste,indicação,8,2023-07-28,,2024-01-12,2024-01-31,16,208.1,,0
1659,48,padrão,Mensal,34.9,Nordeste,Indicacao,7,2022-11-03,,2024-01-06,2024-01-31,14,363.8,,0
5818,21,padrão,Mensal,3490,Sul,orgânico,3,2023-11-15,2023-12-31,2023-12-09,2024-01-31,3,12.8,Pouco conteúdo novo,1
4572,56,básico,Mensal,19.9,Centro-Oeste,google,10,2021-04-06,,2024-01-12,2024-01-31,12,665.5,,0
1622,48,BASICO,Mensal,19.9,Sudeste,Google,4,2023-08-20,2023-12-19,2023-12-01,2024-01-31,3,33.5,preco,1
5843,42,Basico,Mensal,19.9,Sudeste,instagram,2,2023-02-11,2023-08-21,2023-08-06,2024-01-31,5,86.4,Outro,1
5355,26,padrão,Mensal,34.9,Sul,google,8,2022-10-01,,2024-01-06,2024-01-31,14,455.1,,0
5378,35,Padrão,Mensal,34.9,Nordeste,indicação,5,2022-03-16,,2024-01-25,2024-01-31,15,469.1,,0
5051,28,BASICO,Mensal,19.9,Sul,Organico,5,2023-06-28,2024-01-20,2024-01-17,2024-01-31,5,59.9,Problema técnico,1
3682,35,Padrao,Mensal,34.9,Sudeste,Instagram,5,2022-09-08,2023-10-18,2023-09-09,2024-01-31,2,56.5,Outro,1
2184,21,básico,Mensal,19.9,Sudeste,instagram,9,2023-04-27,,2024-01-26,2024-01-31,11,143.7,,0
2973,19,premium,Mensal,55.9,Sudeste,indicação,7,2023-06-22,2023-10-14,2023-09-20,2024-01-31,0,0,problema tecnico,1
5551,19,Padrao,Mensal,34.9,Sudeste,Organico,7,2023-06-28,,2024-01-09,2024-01-31,14,206.5,,0
4858,66,Basico,Mensal,1990,Nordeste,google,4,2023-07-12,2024-01-12,2023-12-07,2024-01-31,1,13,Preço,1
5530,58,básico,Anual,19.9,Sul,indicação,2,2023-08-20,2023-12-26,2023-12-18,2024-01-31,1,8.5,Outro,1
4735,40,Premium,Anual,55.9,Centro-Oeste,Instagram,4,2022-09-08,2023-09-28,2023-09-06,2024-01-31,4,105.4,Concorrente,1
3935,18,BASICO,Mensal,19.9,Nordeste,indicação,7,2022-06-15,,2024-01-26,2024-01-31,15,435.7,,0
5395,39,BASICO,Mensal,19.9,Centro-Oeste,instagram,0,2022-05-01,2023-07-17,2023-06-30,2024-01-31,1,45.1,Preço,1
4992,18,Basico,Mensal,19.9,Sudeste,Organico,1,2023-08-08,2023-11-16,2023-10-18,2024-01-31,5,54.4,PREÇO,1
5911,49,Padrao,Anual,34.9,Norte,google,4,2022-07-04,2023-12-24,2023-12-07,2024-01-31,6,250.5,Problema técnico,1
5534,28,padrão,Mensal,34.9,Sul,IG,9,2022-12-24,,2024-01-12,2024-01-31,10,265.5,,0
3373,50,Padrao,Anual,34.9,Sul,IG,3,2021-05-24,2023-01-22,2022-12-29,2024-01-31,3,149.5,Concorrente,1
3451,29,Premium,Mensal,55.9,Nordeste,instagram,10,2021-08-19,,2024-01-11,2024-01-31,10,445.6,,0
4337,24,padrão,Mensal,3490,Sudeste,Instagram,4,2023-01-01,,2024-01-15,2024-01-31,17,471.4,,0
5008,19,padrão,Mensal,34.9,Sudeste,orgânico,2,2023-08-18,2023-12-05,2023-11-07,2024-01-31,1,9.1,problema tecnico,1
5388,24,padrão,Mensal,34.9,Norte,instagram,8,2023-11-15,,2024-01-16,2024-01-31,8,33,,0
2837,40,Premium,Mensal,55.9,Centro-Oeste,Instagram,2,2023-11-15,2024-01-07,2023-12-17,2024-01-31,5,15.3,Pouco conteúdo novo,1
5374,63,BASICO,Mensal,19.9,Nordeste,Organico,8,2024-01-05,,2024-01-18,2024-01-31,10,14.3,,0
1655,32,padrão,Mensal,34.9,Sudeste,instagram,5,2023-06-13,2023-11-01,2023-10-24,2024-01-31,2,28.9,problema tecnico,1
2058,42,BASICO,Mensal,1990,Centro-Oeste,orgânico,6,2023-06-23,,2024-01-14,2024-01-31,21,250.2,,0
1732,22,Padrao,Mensal,34.9,Sudeste,Google,6,2022-12-28,,2024-01-29,2024-01-31,8,239.5,,0
4783,58,Padrao,Mensal,34.9,Nordeste,Organico,9,2023-03-18,,2024-01-23,2024-01-31,13,257.3,,0
1553,37,básico,Mensal,1990,Sudeste,Instagram,1,2022-10-20,2023-06-16,2023-05-08,2024-01-31,2,61.4,Falta de tempo,1
3142,40,BASICO,Mensal,19.9,Sudeste,Organico,7,2023-10-23,,2024-01-22,2024-01-31,11,63.2,,0
1277,38,Basico,Mensal,19.9,Sul,Organico,8,2022-11-11,,2024-01-16,2024-01-31,14,319.6,,0
2900,46,padrão,Anual,34.9,Norte,Indicacao,4,2022-12-19,,2024-01-23,2024-01-31,15,310.9,,0
4303,21,Padrao,Anual,34.9,Sudeste,instagram,7,2023-04-14,,2024-01-31,2024-01-31,10,205.9,,0
3293,39,premium,Mensal,55.9,Nordeste,indicação,5,2022-06-26,,2024-01-14,2024-01-31,13,420.4,,0
4897,40,BASICO,Anual,19.9,Nordeste,Organico,6,2023-09-21,2023-12-22,2023-11-30,2024-01-31,4,25.2,Pouco conteúdo novo,1
2191,55,Basico,Mensal,19.9,Sul,Instagram,6,2023-01-26,,2024-01-07,2024-01-31,14,265.8,,0
2356,26,padrão,Anual,34.9,Nordeste,Indicacao,9,2023-04-28,,2024-01-24,2024-01-31,9,188.9,,0
2694,21,Basico,Mensal,19.9,Sul,Indicacao,7,2021-12-15,,2024-01-10,2024-01-31,12,625,,0
4806,56,Basico,Anual,19.9,Nordeste,Organico,6,2023-06-05,,2024-01-04,2024-01-31,18,250.6,,0
1426,23,premium,Mensal,55.9,Centro-Oeste,indicação,8,2022-12-25,,,2024-01-31,11,273.1,,0
2186,34,padrão,Mensal,34.9,Sudeste,Organico,7,2023-06-24,,2024-01-08,2024-01-31,19,299.4,,0
1865,22,padrão,Mensal,34.9,Sudeste,Instagram,4,2022-12-17,,2024-01-22,2024-01-31,17,443.5,,0
4015,48,básico,Mensal,19.9,Sudeste,Google,5,2022-04-28,,2024-01-22,2024-01-31,13,542.8,,0
2709,45,premium,Mensal,55.9,Sudeste,orgânico,10,2023-03-05,,2024-01-18,2024-01-31,10,259.4,,0
2245,18,Padrao,Anual,34.9,Sudeste,orgânico,4,2022-08-09,2023-08-29,2023-08-19,2024-01-31,3,83.2,Pouco conteúdo novo,1
4669,18,premium,Mensal,55.9,Sul,google,7,2023-01-31,,2024-01-02,2024-01-31,12,283.4,,0
2528,24,básico,Mensal,19.9,Sudeste,Organico,10,2022-09-08,,2024-01-17,2024-01-31,14,409.3,,0
5697,42,Premium,Mensal,55.9,Sul,Google,7,2022-10-20,,2024-01-14,2024-01-31,16,555.7,,0
4106,33,Padrao,Mensal,34.9,?,instagram,9,2023-06-08,,2024-01-12,2024-01-31,10,145.5,,0
1217,31,premium,Mensal,55.9,Nordeste,Indicacao,8,2023-07-22,,2024-01-08,2024-01-31,11,109.1,,0
5309,43,básico,Mensal,1990,Sudeste,indicação,8,2022-11-23,,2024-01-29,2024-01-31,11,253.6,,0
5131,27,padrão,Anual,34.9,Sul,google,9,2023-02-27,,2024-01-21,2024-01-31,14,286.5,,0
3955,46,Padrão,Mensal,34.9,Nordeste,Google,8,2020-10-24,,2024-01-30,2024-01-31,20,900,,0
4694,31,padrão,Mensal,34.9,Nordeste,IG,3,2023-11-17,2024-01-11,2023-12-29,2024-01-31,3,13,Falta de tempo,1
5463,38,padrão,Mensal,34.9,Sudeste,Indicacao,7,2023-04-10,,2024-01-21,2024-01-31,11,168.2,,0
5108,27,Basico,Mensal,19.9,Sudeste,IG,3,2023-12-01,2024-01-05,2023-12-31,2024-01-31,3,9.7,PREÇO,1
1476,18,padrão,Anual,34.9,Sul,IG,7,2023-02-09,,2024-01-17,2024-01-31,13,208.6,,0
4415,38,Basico,Mensal,19.9,Nordeste,IG,6,2022-12-14,,2024-01-22,2024-01-31,13,400.6,,0
4270,33,básico,Anual,19.9,Centro-Oeste,orgânico,9,2023-01-25,,2024-01-26,2024-01-31,12,323.8,,0
3282,18,básico,Mensal,19.9,Sudeste,orgânico,5,2022-02-24,,2024-01-16,2024-01-31,15,783.4,,0
3743,29,BASICO,Anual,19.9,Nordeste,Organico,6,2023-05-15,2023-10-18,2023-10-02,2024-01-31,3,49,Pouco conteúdo novo,1
1728,39,padrão,Anual,34.9,Nordeste,Organico,10,2023-01-10,,2024-01-11,2024-01-31,10,195.2,,0
2632,41,premium,Anual,55.9,Sudeste,orgânico,9,2021-10-16,,2024-01-04,2024-01-31,14,696.6,,0
5045,25,básico,Mensal,19.9,Nordeste,Organico,9,2022-03-25,,2024-01-23,2024-01-31,11,393.9,,0
1013,33,Basico,Mensal,1990,?,Indicacao,5,2022-08-14,2023-09-02,2023-08-25,2024-01-31,1,36.4,preco,1
2023,32,BASICO,Anual,19.9,Centro-Oeste,Indicacao,10,2022-03-23,,2024-01-28,2024-01-31,14,600.7,,0
5703,36,Padrão,Mensal,34.9,Sudeste,google,4,2023-11-30,2024-01-04,2023-12-31,2024-01-31,3,13.6,Problema técnico,1
1435,36,Premium,Mensal,55.9,Sudeste,Organico,8,2022-08-20,,2024-01-19,2024-01-31,17,499,,0
5113,18,Basico,Anual,19.9,Centro-Oeste,google,6,2023-05-20,,2024-01-10,2024-01-31,13,168.8,,0
2782,41,Padrao,Anual,34.9,Sudeste,instagram,9,2021-03-05,,2024-01-30,2024-01-31,13,719.2,,0
2803,35,Basico,Mensal,19.9,Centro-Oeste,indicação,4,2021-12-15,,2024-01-18,2024-01-31,10,497.3,,0
2114,28,básico,Mensal,19.9,Sudeste,IG,5,2023-07-14,2023-12-22,2023-12-07,2024-01-31,4,43.4,Concorrente,1
4379,41,Premium,Mensal,55.9,Sul,IG,10,2022-10-31,,2024-01-11,2024-01-31,17,503.4,,0
3389,43,BASICO,Anual,19.9,Nordeste,Organico,7,2023-02-27,,2024-01-17,2024-01-31,16,360.4,,0
2953,35,Premium,Mensal,55.9,Centro-Oeste,Organico,8,2023-08-08,,2024-01-04,2024-01-31,11,115.7,,0
1344,40,premium,Mensal,55.9,Sudeste,orgânico,8,2023-03-03,,2024-01-13,2024-01-31,24,382.5,,0
1032,20,BASICO,Mensal,19.9,Sul,instagram,7,2023-06-05,2024-01-18,2024-01-14,2024-01-31,4,47.8,Concorrente,1
4935,32,Padrao,Mensal,34.9,Sudeste,Indicacao,1,2023-07-03,2023-11-02,2023-09-30,2024-01-31,3,39.9,Falta de tempo,1
3599,49,Premium,Anual,55.9,Sudeste,google,10,2022-04-11,,2024-01-11,2024-01-31,13,428.8,,0
3646,21,Padrao,Mensal,3490,Sudeste,IG,5,2022-12-17,2023-08-05,2023-07-08,2024-01-31,4,111.8,preco,1
5128,48,Padrão,Mensal,34.9,Nordeste,Instagram,2,2023-04-12,2023-12-22,2023-12-10,2024-01-31,2,33.3,Outro,1
1372,19,Premium,Mensal,55.9,Sudeste,Google,2,2023-05-25,2024-01-20,2023-12-14,2024-01-31,2,36.3,preco,1
1657,18,básico,Mensal,19.9,Sudeste,Indicacao,9,2023-01-29,,2024-01-03,2024-01-31,13,363.4,,0
4742,45,BASICO,Mensal,19.9,Sudeste,instagram,9,2023-09-18,,2024-01-12,2024-01-31,18,169.3,,0
2086,21,BASICO,Mensal,19.9,Sul,Organico,2,2023-10-18,2024-01-20,2023-12-26,2024-01-31,1,5.4,Pouco conteúdo novo,1
4098,21,Premium,Mensal,55.9,Sudeste,orgânico,10,2022-10-27,,2024-01-18,2024-01-31,11,232.3,,0
5966,20,básico,Mensal,19.9,Sul,Indicacao,7,2022-07-23,2023-06-22,2023-05-28,2024-01-31,6,178.4,Concorrente,1
3248,45,Padrão,Mensal,34.9,Sudeste,Organico,6,2023-04-25,2023-10-30,2023-10-19,2024-01-31,6,88,preco,1
1860,27,BASICO,Mensal,19.9,Centro-Oeste,Indicacao,7,2023-12-02,2024-01-13,2024-01-10,2024-01-31,8,33.2,Preço,1
5140,41,BASICO,Anual,19.9,Sul,Instagram,5,2022-12-18,2023-12-15,2023-11-12,2024-01-31,4,77.3,Pouco conteúdo novo,1
2534,53,padrão,Mensal,34.9,Sudeste,Indicacao,2,2023-08-10,2024-01-22,2023-12-15,2024-01-31,7,64.9,Preço,1
3592,37,padrão,Mensal,34.9,Sudeste,orgânico,10,2023-07-28,,2024-01-11,2024-01-31,13,176.3,,0
3241,32,premium,Mensal,55.9,Sul,google,6,2022-06-13,,2024-01-15,2024-01-31,18,672,,0
1489,75,padrão,Anual,34.9,Sudeste,Instagram,9,2023-12-28,,2024-01-12,2024-01-31,12,26.5,,0
5599,25,premium,Mensal,55.9,Nordeste,instagram,4,2023-02-05,2023-12-11,2023-11-21,2024-01-31,4,101.5,preco,1
1133,34,padrão,Mensal,34.9,Nordeste,orgânico,3,2022-08-31,2023-07-01,2023-05-31,2024-01-31,1,31.5,Pouco conteúdo novo,1
3108,35,padrão,Mensal,3490,Sudeste,orgânico,5,2021-09-29,,2024-01-28,2024-01-31,12,750,,0
1690,35,premium,Mensal,55.9,Centro-Oeste,Instagram,9,2022-10-15,,2024-01-05,2024-01-31,15,359.4,,0
3074,39,Basico,Mensal,19.9,Nordeste,instagram,3,2022-11-17,2023-10-21,2023-09-28,2024-01-31,2,51.5,Preço,1
3148,29,Padrão,Mensal,3490,Sudeste,google,6,2022-03-20,,2024-01-22,2024-01-31,14,510.6,,0
4603,46,básico,Anual,19.9,Nordeste,Indicacao,6,2023-05-19,,2024-01-12,2024-01-31,15,259.2,,0
5872,36,Basico,Mensal,19.9,Nordeste,Indicacao,5,2023-04-02,2023-09-05,2023-08-23,2024-01-31,3,58.4,Concorrente,1
5884,43,BASICO,Mensal,1990,Sudeste,Organico,7,2022-09-11,,2024-01-12,2024-01-31,19,460.5,,0
1363,36,básico,Mensal,19.9,Sudeste,Instagram,9,2022-04-25,,2024-01-06,2024-01-31,11,347.5,,0
5891,44,básico,Anual,19.9,Sudeste,google,6,2023-09-27,2024-01-23,2024-01-07,2024-01-31,0,0,Outro,1
2628,38,Padrão,Mensal,34.9,Nordeste,instagram,9,2020-06-12,,2024-01-23,2024-01-31,11,900,,0
2276,42,Premium,Mensal,5590,Sudeste,Indicacao,7,2023-07-02,,2024-01-26,2024-01-31,11,166.5,,0
3489,37,Basico,Mensal,19.9,Sudeste,Instagram,7,2023-01-17,,2024-01-04,2024-01-31,12,210.1,,0
1647,33,padrão,Mensal,34.9,?,Indicacao,6,2022-08-25,,2024-01-08,2024-01-31,18,578.5,,0
2003,29,Padrão,Mensal,34.9,?,Organico,5,2023-06-24,2023-10-25,2023-10-05,2024-01-31,4,60.4,preco,1
3524,27,Premium,Anual,5590,Sudeste,orgânico,6,2022-04-21,,2024-01-27,2024-01-31,11,502.9,,0
3110,51,Padrão,Mensal,34.9,Nordeste,Organico,3,2023-07-03,2023-10-25,2023-10-09,2024-01-31,2,20,preco,1
2172,56,Basico,Mensal,19.9,Sul,orgânico,4,2023-10-07,2024-01-16,2023-12-25,2024-01-31,3,21.3,Pouco conteúdo novo,1
1483,51,Basico,Mensal,19.9,Sudeste,Google,6,2021-01-22,,2024-01-10,2024-01-31,12,789.1,,0
2810,28,Premium,Anual,55.9,Norte,Google,4,2023-09-27,2023-12-04,2023-11-08,2024-01-31,3,22,PREÇO,1
4329,23,Basico,Mensal,19.9,Sul,Organico,5,2021-06-02,,2024-01-31,2024-01-31,21,900,,0
5148,19,Basico,Anual,19.9,Centro-Oeste,instagram,7,2022-10-20,,2024-01-16,2024-01-31,14,497.9,,0
1242,27,Padrao,Mensal,34.9,Sudeste,Instagram,7,2023-09-30,,,2024-01-31,13,78,,0
3083,51,padrão,Mensal,34.9,Sudeste,orgânico,7,2022-12-10,,2024-01-11,2024-01-31,16,399.6,,0
2202,34,premium,Anual,55.9,Sudeste,orgânico,8,2022-07-24,,2024-01-07,2024-01-31,19,769.1,,0
4751,45,básico,Mensal,19.9,Nordeste,Instagram,10,2023-08-15,,2024-01-30,2024-01-31,14,128.6,,0
5834,49,Premium,Mensal,55.9,Sudeste,google,7,2023-10-21,2023-12-21,2023-11-18,2024-01-31,1,5.6,PREÇO,1
3168,35,básico,Anual,19.9,Centro-Oeste,indicação,5,2022-11-29,,2024-01-06,2024-01-31,9,264.1,,0
2019,43,básico,Mensal,19.9,Centro-Oeste,orgânico,9,2023-07-18,,2024-01-23,2024-01-31,15,197,,0
3092,58,Padrao,Anual,34.9,Sudeste,google,6,2022-02-08,2023-12-19,2023-12-11,2024-01-31,3,172.3,Preço,1
4372,56,premium,Mensal,55.9,Sul,Organico,7,2022-09-14,,2024-01-26,2024-01-31,14,364.6,,0
5932,44,Padrão,Anual,34.9,?,Organico,4,2022-05-09,,2024-01-19,2024-01-31,16,549,,0
3124,24,premium,Mensal,55.9,Sudeste,IG,7,2023-09-15,,2024-01-13,2024-01-31,17,112,,0
2744,49,premium,Mensal,55.9,Norte,Google,5,2023-02-22,,2024-01-16,2024-01-31,11,230.9,,0
5464,30,padrão,Mensal,34.9,Sul,orgânico,5,2023-05-21,,2024-01-12,2024-01-31,10,141.6,,0
3954,22,básico,Mensal,19.9,Sudeste,Organico,8,2022-03-25,,2024-01-07,2024-01-31,11,353.9,,0
4284,41,Padrao,Anual,34.9,Sul,indicação,9,2020-07-17,,2024-01-22,2024-01-31,14,900,,0
5363,28,premium,Mensal,55.9,Norte,IG,8,2023-05-19,,2024-01-31,2024-01-31,20,252.4,,0
4383,46,Padrão,Mensal,34.9,Nordeste,Google,3,2021-10-21,,2024-01-09,2024-01-31,20,900,,0
5824,37,Padrao,Mensal,34.9,Sudeste,google,8,2022-12-25,,2024-01-10,2024-01-31,10,224.6,,0
3492,55,premium,Anual,55.9,Sudeste,Instagram,7,2023-12-01,,2024-01-31,2024-01-31,14,64.5,,0
2519,47,básico,Mensal,19.9,Sudeste,orgânico,7,2022-09-08,,2024-01-21,2024-01-31,15,593.4,,0
2033,18,Basico,Mensal,19.9,Nordeste,instagram,9,2021-08-24,,2024-01-18,2024-01-31,12,594.6,,0
2712,28,Basico,Anual,19.9,Sudeste,orgânico,5,2023-02-10,,2024-01-22,2024-01-31,15,356.8,,0
1295,33,BASICO,Mensal,19.9,Norte,IG,9,2021-06-08,,2024-01-06,2024-01-31,21,900,,0
2848,29,padrão,Mensal,34.9,Nordeste,Organico,3,2023-08-29,2023-11-25,2023-11-21,2024-01-31,1,8.6,Concorrente,1
5721,27,Premium,Mensal,55.9,Centro-Oeste,orgânico,2,2023-06-27,2023-11-15,2023-10-10,2024-01-31,0,0,PREÇO,1
5373,40,Padrao,Mensal,34.9,Nordeste,Organico,1,2023-07-28,2023-12-23,2023-12-01,2024-01-31,4,41.7,Falta de tempo,1
1497,43,Basico,Mensal,19.9,Sul,indicação,3,2023-08-19,2024-01-20,2024-01-08,2024-01-31,4,37.8,Pouco conteúdo novo,1
4675,20,BASICO,Mensal,19.9,Nordeste,IG,9,2023-02-19,,2024-01-21,2024-01-31,13,282.9,,0
1484,34,Padrão,Anual,34.9,Nordeste,Organico,7,2022-09-01,,2024-01-18,2024-01-31,8,235.6,,0
2520,27,Padrao,Mensal,34.9,Sudeste,orgânico,8,2022-10-11,2023-12-12,2023-12-02,2024-01-31,2,43.6,preco,1
1182,27,Padrão,Anual,34.9,Norte,Organico,8,2023-01-21,,2024-01-14,2024-01-31,15,316.6,,0
1684,26,básico,Mensal,19.9,Sul,Indicacao,7,2022-08-13,,2024-01-11,2024-01-31,13,460.8,,0
2768,53,padrão,Mensal,34.9,Norte,orgânico,6,2022-12-19,,2024-01-10,2024-01-31,9,199.6,,0
5954,41,premium,Anual,55.9,Sudeste,Organico,7,2023-05-28,,2024-01-03,2024-01-31,19,288.8,,0
3050,20,BASICO,Anual,19.9,Sudeste,Organico,7,2022-08-14,,2024-01-29,2024-01-31,9,314.9,,0
1754,39,Basico,Mensal,19.9,Sudeste,orgânico,3,2023-06-11,2023-12-13,2023-11-23,2024-01-31,3,29.6,Preço,1
5604,54,Premium,Mensal,55.9,Norte,Organico,5,2023-09-12,2023-11-23,2023-11-12,2024-01-31,6,43.5,Falta de tempo,1
3545,21,Padrão,Anual,3490,Sul,orgânico,8,2023-04-04,,2024-01-30,2024-01-31,10,203.3,,0
4361,44,padrão,Anual,34.9,Sul,Organico,6,2022-07-09,,2024-01-23,2024-01-31,13,380.2,,0
4632,31,Padrão,Anual,34.9,Sudeste,orgânico,5,2023-02-23,2023-09-29,2023-08-25,2024-01-31,1,20.2,preco,1
2438,35,Padrão,Mensal,34.9,Sudeste,google,7,2023-05-04,,2024-01-17,2024-01-31,16,318.6,,0
2445,22,BASICO,Mensal,19.9,Sudeste,IG,3,2023-01-03,2023-11-24,2023-11-16,2024-01-31,4,109.1,Preço,1
5237,42,Basico,Mensal,19.9,Sudeste,orgânico,6,2022-01-09,,2024-01-31,2024-01-31,15,801.8,,0
1864,46,BASICO,Mensal,19.9,Sudeste,Instagram,7,2023-07-09,,2024-01-03,2024-01-31,12,157,,0
3231,20,BASICO,Mensal,19.9,Nordeste,orgânico,6,2022-10-23,,2024-01-17,2024-01-31,14,486,,0
3322,38,BASICO,Mensal,19.9,Nordeste,instagram,5,2023-10-02,,2024-01-06,2024-01-31,19,129.4,,0
3960,40,Premium,Mensal,55.9,Sudeste,indicação,6,2023-09-21,,2024-01-27,2024-01-31,18,113.6,,0
4744,33,Padrão,Mensal,34.9,Nordeste,Google,7,2021-12-10,,2024-01-03,2024-01-31,16,675.5,,0
5944,18,padrão,Mensal,34.9,Nordeste,indicação,4,2022-09-29,,2024-01-28,2024-01-31,14,483.7,,0
4984,30,Padrao,Anual,3490,Sudeste,indicação,7,2020-12-01,,2024-01-13,2024-01-31,20,900,,0
3779,18,BASICO,Mensal,19.9,Norte,Google,7,2023-05-29,,2024-01-04,2024-01-31,14,255.1,,0
4683,36,padrão,Mensal,34.9,Sul,Instagram,2,2023-06-30,2024-01-11,2024-01-07,2024-01-31,4,39.6,preco,1
4044,29,Padrão,Mensal,34.9,Sudeste,orgânico,3,2023-04-19,,2024-01-23,2024-01-31,16,293.1,,0
5213,41,básico,Mensal,19.9,Sudeste,instagram,7,2023-01-01,,2024-01-04,2024-01-31,16,294.6,,0
4073,28,Padrão,Mensal,34.9,Sul,google,5,2023-08-25,2024-01-25,2024-01-03,2024-01-31,2,19.9,Falta de tempo,1
3161,35,premium,Mensal,55.9,Sudeste,Organico,8,2022-07-20,,2024-01-21,2024-01-31,12,334.5,,0
1545,33,Padrao,Mensal,34.9,Norte,google,5,2023-04-10,,2024-01-05,2024-01-31,16,305,,0
2789,29,Basico,Anual,19.9,Sudeste,IG,9,2022-12-07,,2024-01-29,2024-01-31,11,255.3,,0
3213,30,BASICO,Mensal,19.9,Nordeste,orgânico,6,2023-03-14,2023-12-23,2023-11-17,2024-01-31,3,59.7,Falta de tempo,1
5039,52,Padrão,Mensal,34.9,Sudeste,Organico,9,2022-11-13,,2024-01-05,2024-01-31,21,561.8,,0
3232,40,Basico,Mensal,19.9,Sudeste,indicação,2,2023-11-23,2024-01-05,2023-12-22,2024-01-31,0,0,Pouco conteúdo novo,1
2396,23,padrão,Anual,3490,Nordeste,Organico,8,2021-04-14,,2024-01-26,2024-01-31,18,900,,0
1274,63,premium,Mensal,55.9,Sudeste,orgânico,6,2022-10-15,,2024-01-26,2024-01-31,14,323.3,,0
1704,18,Padrão,Mensal,34.9,Sudeste,orgânico,7,2023-04-22,,2024-01-21,2024-01-31,10,133.6,,0
2024,29,Premium,Mensal,55.9,Sul,instagram,9,2023-01-15,,2024-01-20,2024-01-31,15,361.1,,0
1383,38,Padrao,Mensal,34.9,Sudeste,Google,6,2023-05-20,,2024-01-13,2024-01-31,16,269.6,,0
3609,39,padrão,Anual,34.9,Sudeste,IG,6,2023-05-30,,2024-01-09,2024-01-31,14,182.3,,0
5272,49,básico,Mensal,19.9,Sudeste,indicação,5,2023-07-03,,2024-01-02,2024-01-31,13,192,,0
4243,46,Padrão,Anual,34.9,Nordeste,IG,10,2022-08-29,,2024-01-19,2024-01-31,19,734.4,,0
3567,45,básico,Mensal,19.9,Sudeste,IG,8,2022-12-26,,2024-01-13,2024-01-31,16,425.9,,0
5926,37,Padrão,Anual,3490,Centro-Oeste,orgânico,10,2022-12-01,,2024-01-07,2024-01-31,9,243.6,,0
2642,36,Basico,Mensal,19.9,Nordeste,google,4,2021-11-29,,2024-01-22,2024-01-31,12,447.6,,0
5718,38,BASICO,Mensal,19.9,Norte,Google,4,2023-11-14,,2024-01-16,2024-01-31,19,55.5,,0
1858,46,Basico,Mensal,19.9,Sul,instagram,6,2022-03-25,,2024-01-06,2024-01-31,12,509.3,,0
5019,53,Basico,Mensal,19.9,Sudeste,orgânico,10,2023-05-13,,2024-01-14,2024-01-31,14,248.7,,0
5737,32,Basico,Mensal,19.9,Sul,orgânico,7,2023-01-23,,2024-01-27,2024-01-31,16,327.9,,0
4388,18,básico,Anual,1990,Nordeste,IG,9,2023-05-03,,2024-01-09,2024-01-31,11,160.6,,0
3306,31,Padrão,Mensal,34.9,Sudeste,indicação,3,2022-09-15,2023-10-22,2023-10-04,2024-01-31,4,92.5,Pouco conteúdo novo,1
1834,58,BASICO,Anual,19.9,Sudeste,orgânico,7,2023-02-01,,2024-01-19,2024-01-31,16,407.3,,0
3710,43,premium,Mensal,55.9,Sudeste,Google,6,2023-03-22,2024-01-12,2023-12-05,2024-01-31,4,87.6,preco,1
2498,25,Basico,Mensal,19.9,Sudeste,Organico,7,2021-08-29,,2024-01-17,2024-01-31,14,786.8,,0
5433,40,básico,Anual,19.9,Sul,Indicacao,9,2023-10-15,,2024-01-14,2024-01-31,8,33.7,,0
4610,38,BASICO,Mensal,19.9,Sul,Indicacao,9,2023-08-13,,2024-01-28,2024-01-31,10,77.1,,0
4576,21,Padrão,Mensal,34.9,Sudeste,Organico,5,2022-08-02,,2024-01-08,2024-01-31,12,349.1,,0
2447,25,Premium,Mensal,5590,Sul,indicação,5,2022-08-15,,2024-01-17,2024-01-31,13,525.7,,0
3528,40,básico,Mensal,19.9,Sudeste,instagram,10,2022-08-25,,2024-01-08,2024-01-31,9,329.6,,0
2705,48,básico,Mensal,19.9,Sudeste,indicação,9,2023-07-27,,2024-01-14,2024-01-31,13,181.8,,0
3923,37,BASICO,Mensal,19.9,Sul,Instagram,4,2023-07-12,2024-01-12,2023-12-27,2024-01-31,3,26.4,Pouco conteúdo novo,1
3707,36,básico,Mensal,19.9,Sudeste,orgânico,7,2022-08-19,2023-12-29,2023-11-24,2024-01-31,0,0,Pouco conteúdo novo,1
4069,53,Padrão,Mensal,34.9,Sudeste,orgânico,4,2022-08-31,2023-10-26,2023-10-11,2024-01-31,2,72.6,Pouco conteúdo novo,1
1789,21,Padrão,Mensal,34.9,Nordeste,indicação,8,2022-11-22,,2024-01-12,2024-01-31,13,424.9,,0
1968,42,Padrao,Mensal,34.9,Sudeste,indicação,6,2021-07-26,,2024-01-07,2024-01-31,15,900,,0
2667,66,Padrão,Mensal,34.9,Sudeste,orgânico,9,2023-05-26,,2024-01-25,2024-01-31,14,232.2,,0
4321,39,básico,Mensal,19.9,Sudeste,indicação,7,2022-12-16,,2024-01-04,2024-01-31,16,448.2,,0
2688,48,básico,Mensal,19.9,Nordeste,Organico,5,2023-06-17,2023-11-19,2023-10-17,2024-01-31,0,0,Pouco conteúdo novo,1