cliente_id,etapa
2165,assistiu_1a_aula
3269,criou_conta
4589,criou_conta
5228,visitou_site
4620,assistiu_1a_aula
3399,criou_conta
4678,renovou
1099,assinou plano
1436,criou_conta
3147,visitou_site
2802,criou_conta
2520,criou_conta
5090,visitou_site
3630,assistiu_1a_aula
1055,visitou_site
4758,renovou
5202,visitou_site
3506,renovou
3607,assistiu_1a_aula
4016,visitou_site
3680,assistiu_1a_aula
5458,criou_conta
1192,visitou_site
5473,visitou_site
4052,assistiu_1a_aula
4239,criou_conta
2634,assistiu_1a_aula
5647,renovou
1294,criou_conta
5058,assistiu_1a_aula
5436,criou_conta
2400,assistiu_1a_aula
3813,criou_conta
3084,criou_conta
2640,assistiu_1a_aula
3011,visitou_site
2350,assistiu_1a_aula
1641,criou_conta
3012,assinou_plano
5851,renovou
3423,visitou_site
2578,visitou_site
5589,assistiu_1a_aula
1585,visitou_site
4848,criou_conta
1706,criou_conta
5117,criou_conta
4197,assistiu_1a_aula
2336,visitou_site
1564,criou_conta
1285,criou_conta
2744,visitou_site
5344,criou_conta
4646,criou_conta
3222,assistiu_1a_aula
1081,criou_conta
2653,renovou
3093,renovou
1360,assistiu_1a_aula
4907,renovou
4905,visitou_site
5785,assistiu_1a_aula
2585,visitou_site
3461,renovou
3170,criou_conta
5747,visitou_site
4918,visitou_site
5540,criou_conta
1569,assistiu_1a_aula
4756,visitou_site
5803,criou_conta
4896,visitou_site
1715,renovou
3496,visitou_site
2203,criou_conta
4052,renovou
5654,visitou_site
1803,renovou
1490,criou_conta
5919,assistiu_1a_aula
2628,visitou_site
5295,visitou_site
4759,criou_conta
1681,renovou
3432,assistiu_1a_aula
2764,assinou_plano
5200,visitou_site
2561,assistiu_1a_aula
2973,renovou
5982,criou_conta
2221,renovou
3910,criou_conta
2969,assinou_plano
1678,assistiu_1a_aula
3433,assistiu_1a_aula
5335,criou_conta
5967,criou_conta
1526,criou_conta
4989,visitou_site
2913,visitou_site
1169,visitou_site
1922,criou_conta
5122,visitou_site
1506,visitou_site
3664,Assinou_Plano
2391,visitou_site
3103,criou_conta
5361,assinou_plano
4079,visitou_site
1127,criou_conta
5676,assistiu_1a_aula
2892,assistiu_1a_aula
4102,visitou_site
5033,visitou_site
4686,assistiu_1a_aula
2097,visitou_site
3117,criou_conta
3191,renovou
3890,assinou_plano
5428,assistiu_1a_aula
1767,criou_conta
4715,visitou_site
4531,visitou_site
4786,assistiu_1a_aula
2944,assistiu_1a_aula
4835,assistiu_1a_aula
2921,criou_conta
3253,visitou_site
3853,assistiu_1a_aula
4917,assistiu_1a_aula
3242,criou_conta
2143,criou_conta
5321,criou_conta
3062,visitou_site
2138,visitou_site
3060,criou_conta
2079,visitou_site
3945,renovou
4008,assistiu_1a_aula
1356,visitou_site
5359,criou_conta
2765,visitou_site
5153,visitou_site
2224,visitou_site
3657,Assinou_Plano
5043,assistiu_1a_aula
2068,visitou_site
5294,visitou_site
1883,criou_conta
4970,visitou_site
4584,assistiu_1a_aula
2922,renovou
3370,criou_conta
5530,renovou
4823,renovou
2114,criou_conta
5026,assistiu_1a_aula
1181,criou_conta
3542,criou_conta
2238,assistiu_1a_aula
5947,assinou plano
4370,assistiu_1a_aula
1161,visitou_site
5596,criou_conta
5083,assistiu_1a_aula
4259,assistiu_1a_aula
4974,assistiu_1a_aula
2775,visitou_site
2272,visitou_site
1929,criou_conta
1303,criou_conta
1160,criou_conta
1239,criou_conta
2922,visitou_site
5392,renovou
2875,visitou_site
3948,visitou_site
1977,criou_conta
3905,criou_conta
3829,criou_conta
1048,criou_conta
1379,renovou
5365,criou_conta
4211,assistiu_1a_aula
4522,visitou_site
5589,visitou_site
2232,assistiu_1a_aula
3078,visitou_site
3351,assinou_plano
4727,assistiu_1a_aula
4414,criou_conta
1690,assistiu_1a_aula
5007,assistiu_1a_aula
2865,visitou_site
2159,visitou_site
1607,visitou_site
5922,visitou_site
1505,visitou_site
4451,visitou_site
2399,visitou_site
2038,criou_conta
1400,criou_conta
2986,assistiu_1a_aula
5958,renovou
2459,criou_conta
3182,criou_conta
5958,assistiu_1a_aula
2014,Assinou_Plano
2669,assistiu_1a_aula
1207,assinou_plano
5662,visitou_site
1991,assistiu_1a_aula
1000,visitou_site
2692,assinou_plano
1421,visitou_site
1200,assinou_plano
3043,assistiu_1a_aula
3115,assistiu_1a_aula
2046,assinou plano
4426,criou_conta
5250,criou_conta
4590,assistiu_1a_aula
5818,renovou
1585,criou_conta
3993,criou_conta
1548,assistiu_1a_aula
2495,assistiu_1a_aula
4291,visitou_site
2388,visitou_site
2434,visitou_site
2554,visitou_site
3290,assistiu_1a_aula
3959,visitou_site
1451,assistiu_1a_aula
5436,assistiu_1a_aula
1296,visitou_site
3451,assistiu_1a_aula
3396,assistiu_1a_aula
4598,visitou_site
2621,assistiu_1a_aula
5227,visitou_site
3413,visitou_site
1143,visitou_site
4217,renovou
4175,renovou
4947,assinou plano
1601,criou_conta
1448,criou_conta
1713,visitou_site
1267,criou_conta
5145,assistiu_1a_aula
1612,visitou_site
2489,renovou
1702,visitou_site
1593,renovou
3010,visitou_site
2840,assinou plano
4142,assistiu_1a_aula
3101,criou_conta
1445,visitou_site
4568,criou_conta
3389,assistiu_1a_aula
1742,visitou_site
4908,renovou
2973,visitou_site
2192,criou_conta
5789,assistiu_1a_aula
5644,visitou_site
5250,assistiu_1a_aula
3344,criou_conta
1822,criou_conta
1309,criou_conta
3247,visitou_site
2323,criou_conta
4898,visitou_site
4943,visitou_site
4245,assinou_plano
3532,assinou plano
5805,assistiu_1a_aula
2490,criou_conta
4832,criou_conta
3829,visitou_site
1171,visitou_site
4637,criou_conta
3694,criou_conta
1196,visitou_site
3480,visitou_site
3061,visitou_site
5582,assistiu_1a_aula
1210,criou_conta
3712,assistiu_1a_aula
1744,criou_conta
5240,visitou_site
4767,criou_conta
5805,renovou
4913,renovou
5307,criou_conta
5426,visitou_site
5339,assistiu_1a_aula
5663,renovou
3015,criou_conta
5597,criou_conta
3264,visitou_site
2494,visitou_site
1386,renovou
5789,renovou
2322,criou_conta
3112,visitou_site
2853,visitou_site
1670,visitou_site
1462,visitou_site
1610,criou_conta
1084,visitou_site
2725,visitou_site
3539,criou_conta
1106,visitou_site
2226,criou_conta
2307,visitou_site
2129,criou_conta
1844,criou_conta
2323,assistiu_1a_aula
2713,renovou
3489,visitou_site
2309,visitou_site
3715,renovou
4585,visitou_site
5966,visitou_site
3501,criou_conta
4941,assistiu_1a_aula
4993,visitou_site
5009,assistiu_1a_aula
3476,criou_conta
3825,Assinou_Plano
2221,visitou_site
1869,assistiu_1a_aula
1856,assistiu_1a_aula
1477,criou_conta
1254,criou_conta
3186,criou_conta
2548,criou_conta
2759,criou_conta
2319,criou_conta
3893,assistiu_1a_aula
4548,Assinou_Plano
1195,visitou_site
2170,visitou_site
5912,criou_conta
1908,visitou_site
5911,visitou_site
2375,criou_conta
2475,criou_conta
5610,visitou_site
5596,assistiu_1a_aula
4735,criou_conta
2787,visitou_site
3612,assistiu_1a_aula
1950,visitou_site
4247,criou_conta
3461,assistiu_1a_aula
5791,visitou_site
2764,renovou
2439,criou_conta
3151,criou_conta
1938,visitou_site
3146,visitou_site
2520,visitou_site
4035,visitou_site
4798,criou_conta
3560,assistiu_1a_aula
1612,renovou
2297,assinou plano
2482,criou_conta
5392,assinou_plano
5480,visitou_site
5156,Assinou_Plano
3626,assinou_plano
2823,assistiu_1a_aula
5196,assistiu_1a_aula
1194,criou_conta
2835,renovou
4923,visitou_site
5169,criou_conta
4928,renovou
3274,visitou_site
4099,visitou_site
1903,criou_conta
3706,criou_conta
4792,criou_conta
2178,visitou_site
4490,visitou_site
4465,assistiu_1a_aula
5745,visitou_site
4218,renovou
1980,visitou_site
2242,visitou_site
4314,Assinou_Plano
2274,visitou_site
1080,criou_conta
4878,assistiu_1a_aula
3541,visitou_site
2848,assistiu_1a_aula
1542,assistiu_1a_aula
4082,visitou_site
1816,visitou_site
4239,visitou_site
4132,visitou_site
1910,criou_conta
4926,visitou_site
5199,visitou_site
5784,visitou_site
5527,visitou_site
5500,criou_conta
2127,visitou_site
5321,renovou
4175,criou_conta
4124,criou_conta
4825,criou_conta
3495,renovou
2293,assistiu_1a_aula
3039,visitou_site
1451,assinou plano
3931,criou_conta
5601,criou_conta
2209,visitou_site
1425,renovou
1731,assistiu_1a_aula
4042,assistiu_1a_aula
4400,criou_conta
1619,criou_conta
3542,visitou_site
5665,assistiu_1a_aula
2376,assistiu_1a_aula
2251,visitou_site
4333,assistiu_1a_aula
2659,Assinou_Plano
3992,assistiu_1a_aula
3635,visitou_site
3850,criou_conta
1867,visitou_site
1381,assistiu_1a_aula
1892,visitou_site
4155,visitou_site
5684,assistiu_1a_aula
3551,renovou
5033,assistiu_1a_aula
1232,criou_conta
4758,assistiu_1a_aula
5583,renovou
2472,assinou plano
4088,visitou_site
4180,visitou_site
3047,visitou_site
1921,criou_conta
3504,visitou_site
2785,criou_conta
1708,visitou_site
4460,visitou_site
5178,criou_conta
3922,Assinou_Plano
4443,criou_conta
4052,criou_conta
4720,assistiu_1a_aula
1901,visitou_site
2277,visitou_site
5341,criou_conta
5780,assistiu_1a_aula
1092,criou_conta
5697,visitou_site
2895,visitou_site
2674,visitou_site
5829,visitou_site
3656,assistiu_1a_aula
1782,criou_conta
4574,assistiu_1a_aula
3734,assistiu_1a_aula
5766,criou_conta
4028,criou_conta
2451,criou_conta
1284,visitou_site
5581,criou_conta
3981,assistiu_1a_aula
3290,visitou_site
5530,criou_conta
4709,assistiu_1a_aula
5629,assistiu_1a_aula
2922,assinou plano
5146,criou_conta
2835,visitou_site
2285,criou_conta
5010,visitou_site
2753,criou_conta
2265,criou_conta
2722,visitou_site
1511,criou_conta
3211,criou_conta
4948,assistiu_1a_aula
3364,renovou
3967,visitou_site
5218,criou_conta
2940,visitou_site
5835,visitou_site
4872,visitou_site
3240,assistiu_1a_aula
1340,assistiu_1a_aula
3231,visitou_site
2856,assistiu_1a_aula
3216,assistiu_1a_aula
5158,assinou plano
1083,renovou
1405,assistiu_1a_aula
2112,visitou_site
3038,visitou_site
4087,visitou_site
4647,visitou_site
4924,assinou_plano
3657,renovou
1156,visitou_site
1634,criou_conta
1383,criou_conta
1640,assistiu_1a_aula
4754,assistiu_1a_aula
4849,visitou_site
2800,visitou_site
2086,assistiu_1a_aula
2846,assinou_plano
5373,criou_conta
5053,assistiu_1a_aula
3193,criou_conta
3442,visitou_site
2082,criou_conta
1795,criou_conta
1197,assinou_plano
4073,assistiu_1a_aula
4380,visitou_site
4794,visitou_site
5181,visitou_site
3059,criou_conta
5119,visitou_site
3358,criou_conta
1906,visitou_site
4249,visitou_site
4505,renovou
3653,criou_conta
1549,criou_conta
3678,renovou
2025,criou_conta
5267,visitou_site
4750,visitou_site
2827,visitou_site
3965,visitou_site
2216,visitou_site
3483,criou_conta
3754,visitou_site
3318,visitou_site
2969,renovou
4326,criou_conta
1805,visitou_site
2982,criou_conta
2036,visitou_site
2544,visitou_site
2046,criou_conta
3652,criou_conta
5264,renovou
4763,visitou_site
4347,visitou_site
5066,visitou_site
3293,visitou_site
5091,visitou_site
1724,assinou plano
4788,visitou_site
3238,visitou_site
3953,assistiu_1a_aula
3279,renovou
2316,visitou_site
2704,assistiu_1a_aula
3405,criou_conta
5299,visitou_site
3840,criou_conta
3585,criou_conta
1350,visitou_site
3302,assistiu_1a_aula
5802,visitou_site
5100,assistiu_1a_aula
1046,Assinou_Plano
1222,renovou
5350,assistiu_1a_aula
1860,criou_conta
1418,visitou_site
1069,assinou plano
1032,assistiu_1a_aula
1911,visitou_site
4633,Assinou_Plano
1722,criou_conta
1601,visitou_site
3262,visitou_site
1753,criou_conta
5625,visitou_site
4368,visitou_site
1971,visitou_site
5753,criou_conta
1765,visitou_site
1198,assistiu_1a_aula
4834,visitou_site
1322,visitou_site
1316,renovou
4356,criou_conta
5130,visitou_site
2917,visitou_site
3947,criou_conta
3275,assinou plano
4400,visitou_site
4273,Assinou_Plano
5036,assistiu_1a_aula
1930,visitou_site
3073,criou_conta
3891,renovou
1393,assistiu_1a_aula
5206,visitou_site
1369,assistiu_1a_aula
2827,Assinou_Plano
4266,visitou_site
4525,criou_conta
4589,visitou_site
2123,criou_conta
4179,assistiu_1a_aula
1681,criou_conta
1787,criou_conta
2345,criou_conta
1605,visitou_site
3254,criou_conta
3261,criou_conta
2078,assistiu_1a_aula
3797,criou_conta
1058,criou_conta
4044,criou_conta
5434,criou_conta
1500,visitou_site
4605,renovou
2675,assistiu_1a_aula
5459,criou_conta
5858,visitou_site
2472,visitou_site
1725,visitou_site
1250,assistiu_1a_aula
1314,visitou_site
2259,renovou
3344,assistiu_1a_aula
4071,visitou_site
4922,visitou_site
2882,assistiu_1a_aula
5944,visitou_site
2200,assistiu_1a_aula
2043,assistiu_1a_aula
4706,visitou_site
4863,criou_conta
5341,assistiu_1a_aula
5406,criou_conta
4435,criou_conta
3870,criou_conta
1533,visitou_site
5554,criou_conta
5209,visitou_site
1210,assinou_plano
3357,visitou_site
1366,visitou_site
3654,assistiu_1a_aula
5719,criou_conta
3212,criou_conta
2562,criou_conta
4702,assistiu_1a_aula
3249,renovou
1739,visitou_site
4007,assistiu_1a_aula
2950,renovou
4219,visitou_site
4023,criou_conta
5235,visitou_site
1199,visitou_site
2529,criou_conta
4326,visitou_site
5662,criou_conta
5119,renovou
2448,visitou_site
3815,assistiu_1a_aula
2477,visitou_site
2776,assistiu_1a_aula
1985,visitou_site
3904,visitou_site
2624,criou_conta
1702,renovou
2781,criou_conta
2493,visitou_site
1970,criou_conta
1561,assistiu_1a_aula
3708,criou_conta
2657,criou_conta
5540,visitou_site
4247,assistiu_1a_aula
4031,assistiu_1a_aula
5138,visitou_site
3046,assistiu_1a_aula
3620,assistiu_1a_aula
2155,visitou_site
2542,assinou plano
3017,visitou_site
2192,visitou_site
2056,criou_conta
2100,criou_conta
5927,renovou
2278,assistiu_1a_aula
2209,assistiu_1a_aula
5794,criou_conta
3655,criou_conta
4871,criou_conta
3576,assistiu_1a_aula
4497,visitou_site
4720,visitou_site
5028,criou_conta
4204,assistiu_1a_aula
2024,criou_conta
3058,assistiu_1a_aula
1047,criou_conta
3864,criou_conta
5943,criou_conta
5765,criou_conta
4175,assistiu_1a_aula
3778,visitou_site
2850,visitou_site
3463,visitou_site
2069,criou_conta
2776,criou_conta
3511,assistiu_1a_aula
2919,criou_conta
3042,criou_conta
1859,assistiu_1a_aula
1507,visitou_site
3086,criou_conta
5048,criou_conta
3512,renovou
3651,visitou_site
1662,assistiu_1a_aula
5207,assinou plano
4708,criou_conta
4671,visitou_site
2861,assistiu_1a_aula
1978,assinou_plano
2330,visitou_site
3382,assistiu_1a_aula
3202,visitou_site
4734,visitou_site
2961,visitou_site
1831,visitou_site
1226,assistiu_1a_aula
5847,criou_conta
4236,visitou_site
5961,criou_conta
3031,visitou_site
1085,assistiu_1a_aula
4468,visitou_site
5033,criou_conta
3546,renovou
5286,assistiu_1a_aula
2799,Assinou_Plano
3656,visitou_site
1076,assistiu_1a_aula
1909,visitou_site
3198,criou_conta
5528,criou_conta
3629,visitou_site
1730,assistiu_1a_aula
3990,visitou_site
2128,renovou
5573,assistiu_1a_aula
4895,visitou_site
4764,visitou_site
1123,assistiu_1a_aula
2508,visitou_site
4730,Assinou_Plano
3166,renovou
4439,assistiu_1a_aula
3108,assistiu_1a_aula
2691,criou_conta
1819,visitou_site
5814,visitou_site
2061,criou_conta
4761,visitou_site
1641,assistiu_1a_aula
2979,visitou_site
5784,criou_conta
3851,renovou
3372,criou_conta
1794,visitou_site
4430,visitou_site
3359,assinou plano
5635,visitou_site
1756,assistiu_1a_aula
4537,visitou_site
4757,Assinou_Plano
2069,assistiu_1a_aula
4591,criou_conta
2256,assinou plano
4702,criou_conta
1012,visitou_site
1518,criou_conta
2559,assistiu_1a_aula
1519,Assinou_Plano
2003,visitou_site
5620,assistiu_1a_aula
5771,renovou
2307,criou_conta
5045,visitou_site
1252,assistiu_1a_aula
1217,assistiu_1a_aula
1428,assistiu_1a_aula
4358,criou_conta
1682,criou_conta
2991,visitou_site
3679,visitou_site
1069,assistiu_1a_aula
3612,visitou_site
2943,assistiu_1a_aula
3838,assistiu_1a_aula
2504,criou_conta
5434,visitou_site
5726,assistiu_1a_aula
2578,assistiu_1a_aula
1660,visitou_site
2772,visitou_site
1583,criou_conta
2504,visitou_site
2196,assistiu_1a_aula
3080,criou_conta
4569,criou_conta
2545,assistiu_1a_aula
2733,visitou_site
1310,criou_conta
5351,assistiu_1a_aula
2010,visitou_site
2713,assistiu_1a_aula
2969,assistiu_1a_aula
5142,criou_conta
5737,assistiu_1a_aula
3116,assistiu_1a_aula
3208,visitou_site
5348,assinou plano
2616,Assinou_Plano
3699,criou_conta
4863,renovou
5322,renovou
5505,visitou_site
3839,criou_conta
4622,assinou plano
4544,renovou
4140,visitou_site
4784,assistiu_1a_aula
3684,criou_conta
4952,visitou_site
1543,criou_conta
2895,assistiu_1a_aula
5002,visitou_site
1333,visitou_site
1048,visitou_site
5685,visitou_site
2479,visitou_site
2716,criou_conta
5767,criou_conta
5432,assistiu_1a_aula
1190,assistiu_1a_aula
5298,visitou_site
4210,criou_conta
3408,criou_conta
3953,renovou
3780,criou_conta
4452,criou_conta
5526,visitou_site
1891,visitou_site
2907,Assinou_Plano
2162,visitou_site
2125,visitou_site
1823,criou_conta
2191,Assinou_Plano
5918,Assinou_Plano
5650,criou_conta
2977,visitou_site
2740,criou_conta
4147,visitou_site
5006,assistiu_1a_aula
5641,assistiu_1a_aula
5231,visitou_site
5159,assistiu_1a_aula
2737,visitou_site
5854,criou_conta
5550,visitou_site
2728,visitou_site
1140,visitou_site
4542,assistiu_1a_aula
1881,criou_conta
1222,assistiu_1a_aula
2630,visitou_site
3968,visitou_site
1869,criou_conta
3682,Assinou_Plano
5232,assistiu_1a_aula
1846,visitou_site
3880,assinou plano
3618,visitou_site
5010,assistiu_1a_aula
5637,criou_conta
1762,assistiu_1a_aula
5775,visitou_site
2314,criou_conta
1465,assinou plano
5846,criou_conta
1876,assinou plano
4971,visitou_site
2219,assistiu_1a_aula
3257,assistiu_1a_aula
4418,assistiu_1a_aula
2677,visitou_site
4111,visitou_site
5396,visitou_site
2675,criou_conta
1082,visitou_site
2930,assistiu_1a_aula
3776,visitou_site
5096,criou_conta
4061,assistiu_1a_aula
4850,visitou_site
1916,visitou_site
5957,criou_conta
4793,visitou_site
2489,assinou_plano
4656,criou_conta
1940,visitou_site
4829,criou_conta
4013,assistiu_1a_aula
4697,assinou_plano
1275,criou_conta
4594,renovou
2078,visitou_site
1312,renovou
1189,criou_conta
5630,criou_conta
1475,criou_conta
4593,visitou_site
3180,assistiu_1a_aula
5888,visitou_site
1465,renovou
5790,visitou_site
1730,assinou_plano
3920,criou_conta
3674,visitou_site
1930,criou_conta
4588,assinou plano
4606,visitou_site
4420,Assinou_Plano
3424,assistiu_1a_aula
1448,visitou_site
4000,assinou plano
5347,assistiu_1a_aula
2345,visitou_site
2612,assistiu_1a_aula
2227,visitou_site
5522,Assinou_Plano
5275,criou_conta
3923,criou_conta
2491,Assinou_Plano
2513,assistiu_1a_aula
5811,visitou_site
3792,assistiu_1a_aula
3775,assistiu_1a_aula
3590,assinou_plano
1363,assistiu_1a_aula
2871,visitou_site
5433,criou_conta
4223,visitou_site
3154,visitou_site
2414,visitou_site
1675,criou_conta
5663,assistiu_1a_aula
3952,visitou_site
3258,visitou_site
2160,visitou_site
5520,assistiu_1a_aula
3332,assinou_plano
3557,assistiu_1a_aula
1998,visitou_site
2311,renovou
2531,visitou_site
2279,visitou_site
2445,criou_conta
1387,visitou_site
5478,visitou_site
5072,visitou_site
1682,visitou_site
3893,visitou_site
5723,visitou_site
3464,visitou_site
4168,criou_conta
5467,visitou_site
2051,visitou_site
2332,criou_conta
5512,visitou_site
5234,visitou_site
1393,assinou plano
4886,visitou_site
5309,visitou_site
2195,visitou_site
1548,visitou_site
3890,criou_conta
4229,criou_conta
5141,visitou_site
1208,visitou_site
1174,visitou_site
2489,visitou_site
5740,visitou_site
3026,visitou_site
1628,assistiu_1a_aula
1198,criou_conta
2990,criou_conta
1942,assistiu_1a_aula
2525,visitou_site
2106,assinou plano
5264,assistiu_1a_aula
5946,visitou_site
1482,visitou_site
4880,criou_conta
1875,visitou_site
5910,visitou_site
2187,visitou_site
5400,assinou_plano
2280,assinou_plano
3679,assistiu_1a_aula
2806,criou_conta
1144,visitou_site
2218,visitou_site
4429,visitou_site
5053,assinou plano
3216,criou_conta
2443,criou_conta
2695,visitou_site
1075,visitou_site
2537,criou_conta
4687,visitou_site
5067,criou_conta
1858,renovou
5054,assistiu_1a_aula
3004,criou_conta
4705,assistiu_1a_aula
3023,criou_conta
5430,criou_conta
4190,criou_conta
4768,criou_conta
2360,visitou_site
4086,Assinou_Plano
2223,criou_conta
4606,assistiu_1a_aula
2576,criou_conta
5235,Assinou_Plano
1217,criou_conta
2767,visitou_site
4763,criou_conta
1428,criou_conta
1138,assistiu_1a_aula
4595,visitou_site
2832,visitou_site
2680,visitou_site
5047,criou_conta
1707,criou_conta
3048,criou_conta
2291,criou_conta
3106,assistiu_1a_aula
5041,visitou_site
2278,visitou_site
2095,criou_conta
2515,visitou_site
4125,assinou plano
4975,criou_conta
1530,criou_conta
2984,visitou_site
3894,assistiu_1a_aula
5433,assistiu_1a_aula
3932,visitou_site
5924,visitou_site
3926,criou_conta
1978,visitou_site
5008,visitou_site
2571,assistiu_1a_aula
4913,criou_conta
1027,visitou_site
4109,visitou_site
4459,assistiu_1a_aula
5358,Assinou_Plano
1583,renovou
1076,criou_conta
4201,visitou_site
1514,visitou_site
1230,renovou
2433,visitou_site
3071,criou_conta
5844,visitou_site
2019,assistiu_1a_aula
3416,assinou_plano
5894,visitou_site
5083,visitou_site
2354,criou_conta
3757,visitou_site
1577,renovou
5790,criou_conta
4267,criou_conta
1734,visitou_site
4210,visitou_site
4796,assinou plano
1496,criou_conta
5878,assistiu_1a_aula
2343,criou_conta
2748,visitou_site
4018,criou_conta
4812,renovou
4303,criou_conta
5793,visitou_site
4507,criou_conta
2983,assistiu_1a_aula
3485,assistiu_1a_aula
3559,visitou_site
2805,criou_conta
3082,visitou_site
5110,visitou_site
4797,visitou_site
3248,visitou_site
5878,criou_conta
4638,Assinou_Plano
1818,Assinou_Plano
3287,assinou plano
3580,criou_conta
2907,assistiu_1a_aula
3043,assinou plano
1121,assistiu_1a_aula
1171,assistiu_1a_aula
4736,visitou_site
2464,visitou_site
1949,visitou_site
4306,criou_conta
3657,visitou_site
1406,assistiu_1a_aula
1193,visitou_site
2449,visitou_site
5032,assistiu_1a_aula
2590,assinou_plano
1546,visitou_site
1228,criou_conta
4866,visitou_site
2729,visitou_site
5788,visitou_site
4349,criou_conta
4977,criou_conta
2789,criou_conta
1884,visitou_site
3877,criou_conta
4974,criou_conta
1847,visitou_site
3761,assistiu_1a_aula
3772,visitou_site
3137,visitou_site
2952,criou_conta
4353,criou_conta
4586,criou_conta
3837,visitou_site
4360,criou_conta
1731,Assinou_Plano
4375,visitou_site
4814,criou_conta
2799,criou_conta
4576,assinou plano
1406,visitou_site
1499,assistiu_1a_aula
3081,visitou_site
2471,visitou_site
2348,criou_conta
2366,assistiu_1a_aula
1370,assistiu_1a_aula
3143,visitou_site
4009,visitou_site
4362,visitou_site
2040,assistiu_1a_aula
4131,visitou_site
4953,assinou plano
2132,visitou_site
1028,assinou_plano
2184,visitou_site
2658,visitou_site
4780,visitou_site
4469,assistiu_1a_aula
3093,assinou plano
5809,assistiu_1a_aula
1320,visitou_site
2260,criou_conta
1223,visitou_site
4515,criou_conta
2506,visitou_site
1186,criou_conta
4455,assinou_plano
2063,assistiu_1a_aula
3156,renovou
1177,assistiu_1a_aula
1203,criou_conta
3840,visitou_site
3045,visitou_site
1072,visitou_site
1175,assistiu_1a_aula
4607,visitou_site
3388,criou_conta
3984,criou_conta
2506,assistiu_1a_aula
3117,visitou_site
5317,criou_conta
2255,visitou_site
3059,assistiu_1a_aula
2650,assinou plano
4013,criou_conta
2519,visitou_site
2323,visitou_site
4337,visitou_site
3473,criou_conta
3585,assinou plano
2936,visitou_site
1861,visitou_site
5171,assistiu_1a_aula
4816,assinou plano
2171,criou_conta
2389,Assinou_Plano
1371,criou_conta
4272,visitou_site
2096,criou_conta
3422,visitou_site
2795,criou_conta
3930,visitou_site
4742,visitou_site
5546,visitou_site
1103,visitou_site
2152,visitou_site
2030,assinou plano
4073,criou_conta
2015,criou_conta
1698,assistiu_1a_aula
4548,assistiu_1a_aula
3644,criou_conta
3146,criou_conta
1487,assistiu_1a_aula
2595,visitou_site
4567,visitou_site
2584,visitou_site
5537,visitou_site
2135,Assinou_Plano
2639,visitou_site
4800,visitou_site
4178,visitou_site
3184,assinou plano
4903,renovou
2826,visitou_site
3709,visitou_site
4002,criou_conta
5567,visitou_site
1491,visitou_site
3913,assistiu_1a_aula
5325,Assinou_Plano
4287,assistiu_1a_aula
3435,visitou_site
2475,renovou
5147,visitou_site
2187,criou_conta
2766,visitou_site
4946,assinou plano
2651,criou_conta
5063,criou_conta
1848,assistiu_1a_aula
4490,criou_conta
4267,visitou_site
3391,visitou_site
1617,assistiu_1a_aula
5112,visitou_site
4222,renovou
2794,visitou_site
5641,criou_conta
5148,visitou_site
3032,renovou
3518,visitou_site
3707,visitou_site
1208,assistiu_1a_aula
3956,visitou_site
2485,criou_conta
1410,visitou_site
2736,visitou_site
3312,visitou_site
3986,visitou_site
3897,assistiu_1a_aula
5568,criou_conta
2566,visitou_site
3374,criou_conta
1657,assistiu_1a_aula
3311,assistiu_1a_aula
1649,visitou_site
3353,visitou_site
4699,visitou_site
5265,criou_conta
1444,visitou_site
3894,criou_conta
4957,criou_conta
3217,visitou_site
5352,visitou_site
1040,criou_conta
4031,criou_conta
5452,visitou_site
3020,assistiu_1a_aula
5469,visitou_site
1455,criou_conta
2912,renovou
5805,criou_conta
3096,visitou_site
5650,visitou_site
4824,visitou_site
4810,Assinou_Plano
5521,assistiu_1a_aula
4370,visitou_site
1441,assistiu_1a_aula
3681,assinou plano
2040,criou_conta
3916,assinou plano
5871,criou_conta
5291,visitou_site
2098,criou_conta
5816,criou_conta
5092,visitou_site
4437,assistiu_1a_aula
5097,visitou_site
1553,renovou
4933,criou_conta
5673,criou_conta
3661,criou_conta
3184,renovou
4432,visitou_site
4177,visitou_site
3654,criou_conta
4549,visitou_site
2281,criou_conta
3138,criou_conta
1307,assistiu_1a_aula
4131,assistiu_1a_aula
5462,visitou_site
5640,criou_conta
4688,criou_conta
2038,visitou_site
5824,visitou_site
3916,visitou_site
3814,visitou_site
5075,renovou
1200,criou_conta
3697,visitou_site
5960,Assinou_Plano
3052,visitou_site
2119,visitou_site
1461,assistiu_1a_aula
1572,visitou_site
1868,criou_conta
3115,criou_conta
4913,assistiu_1a_aula
5578,criou_conta
2111,assistiu_1a_aula
5053,criou_conta
5266,assistiu_1a_aula
5543,criou_conta
5487,visitou_site
4824,criou_conta
2030,criou_conta
4435,assistiu_1a_aula
1665,Assinou_Plano
1701,visitou_site
1490,assistiu_1a_aula
5770,assistiu_1a_aula
1090,visitou_site
4889,assistiu_1a_aula
5562,criou_conta
5486,visitou_site
1090,criou_conta
3587,visitou_site
1666,assistiu_1a_aula
3968,criou_conta
4700,criou_conta
4882,criou_conta
4156,visitou_site
5053,renovou
4279,assistiu_1a_aula
2801,visitou_site
4660,visitou_site
1043,assinou_plano
1046,assistiu_1a_aula
3569,assistiu_1a_aula
1343,visitou_site
1893,visitou_site
5379,criou_conta
4334,assinou_plano
3691,renovou
4129,assinou plano
5707,visitou_site
2144,assistiu_1a_aula
2646,renovou
3446,visitou_site
2057,assistiu_1a_aula
2596,visitou_site
1053,renovou
1129,assistiu_1a_aula
5881,Assinou_Plano
1274,visitou_site
1853,criou_conta
5258,visitou_site
5248,assistiu_1a_aula
4208,criou_conta
2335,criou_conta
1101,visitou_site
4861,criou_conta
3766,assistiu_1a_aula
1472,visitou_site
5734,criou_conta
1907,visitou_site
1913,assistiu_1a_aula
1544,criou_conta
5256,visitou_site
3695,Assinou_Plano
4286,visitou_site
5155,assistiu_1a_aula
5388,assinou plano
3240,visitou_site
4198,assistiu_1a_aula
1543,visitou_site
1480,visitou_site
1992,criou_conta
5823,criou_conta
2110,visitou_site
2856,criou_conta
2241,visitou_site
2129,visitou_site
5940,visitou_site
3761,criou_conta
1496,assistiu_1a_aula
4138,criou_conta
5282,criou_conta
1395,visitou_site
2697,criou_conta
1150,visitou_site
4769,assistiu_1a_aula
3060,visitou_site
5847,renovou
2636,criou_conta
5945,criou_conta
1697,criou_conta
2752,visitou_site
3339,visitou_site
4189,visitou_site
1645,criou_conta
1809,assistiu_1a_aula
4277,visitou_site
5162,criou_conta
1252,visitou_site
4459,criou_conta
5941,assistiu_1a_aula
3813,visitou_site
5956,visitou_site
1804,visitou_site
5208,visitou_site
4009,assistiu_1a_aula
2676,assinou_plano
3234,visitou_site
3015,assistiu_1a_aula
5245,visitou_site
5653,visitou_site
2848,renovou
4519,assistiu_1a_aula
2863,visitou_site
3445,assinou_plano
3865,assistiu_1a_aula
3386,visitou_site
5928,visitou_site
2941,visitou_site
1423,visitou_site
3115,assinou plano
3225,criou_conta
2726,assistiu_1a_aula
1153,assistiu_1a_aula
4832,renovou
3112,criou_conta
5391,assistiu_1a_aula
1354,assistiu_1a_aula
4570,assistiu_1a_aula
4116,criou_conta
3053,visitou_site
3855,assistiu_1a_aula
2062,visitou_site
2124,criou_conta
1412,visitou_site
1384,visitou_site
5143,visitou_site
2309,criou_conta
5197,visitou_site
3892,visitou_site
4932,visitou_site
4801,visitou_site
4174,visitou_site
2654,visitou_site
3833,criou_conta
5965,assistiu_1a_aula
2756,assinou plano
2681,renovou
2788,assistiu_1a_aula
5897,visitou_site
3219,assistiu_1a_aula
5868,Assinou_Plano
4231,assistiu_1a_aula
1596,assistiu_1a_aula
1780,visitou_site
4900,visitou_site
4670,assistiu_1a_aula
4595,renovou
3752,visitou_site
2083,criou_conta
4262,criou_conta
4787,renovou
1004,assistiu_1a_aula
3320,visitou_site
2818,criou_conta
5120,criou_conta
3172,visitou_site
4816,assistiu_1a_aula
4758,assinou_plano
4579,criou_conta
4494,assistiu_1a_aula
1808,criou_conta
2720,visitou_site
3396,Assinou_Plano
1160,visitou_site
1744,assistiu_1a_aula
4208,assistiu_1a_aula
1929,visitou_site
2205,assinou_plano
5170,criou_conta
3294,visitou_site
1588,visitou_site
1466,visitou_site
3120,renovou
5830,criou_conta
2293,visitou_site
1650,assistiu_1a_aula
1097,visitou_site
1553,assistiu_1a_aula
2095,Assinou_Plano
1758,visitou_site
2470,criou_conta
4736,criou_conta
2412,visitou_site
3808,visitou_site
1523,assistiu_1a_aula
1719,criou_conta
4503,criou_conta
5163,visitou_site
5992,visitou_site
3024,assistiu_1a_aula
2702,assistiu_1a_aula
2344,renovou
4878,criou_conta
3077,criou_conta
3514,assistiu_1a_aula
4347,assistiu_1a_aula
1552,assistiu_1a_aula
4117,criou_conta
4689,Assinou_Plano
3121,assistiu_1a_aula
5339,visitou_site
2086,visitou_site
1618,criou_conta
1858,assinou_plano
2621,visitou_site
3032,assistiu_1a_aula
3218,assistiu_1a_aula
4260,assistiu_1a_aula
2604,criou_conta
5335,visitou_site
4619,assistiu_1a_aula
3704,criou_conta
2247,assistiu_1a_aula
2202,assinou_plano
1234,assinou_plano
4407,criou_conta
2144,renovou
2690,assinou_plano
1063,Assinou_Plano
2651,visitou_site
5425,visitou_site
2116,visitou_site
4812,visitou_site
1377,assinou plano
1319,visitou_site
5848,visitou_site
5878,visitou_site
3802,renovou
5522,criou_conta
3266,visitou_site
1797,visitou_site
5627,visitou_site
3611,assinou_plano
3262,criou_conta
4021,criou_conta
4934,visitou_site
1806,assistiu_1a_aula
1868,assistiu_1a_aula
2435,visitou_site
1731,renovou
2707,criou_conta
5405,Assinou_Plano
5321,assistiu_1a_aula
4123,criou_conta
4282,assistiu_1a_aula
4730,assistiu_1a_aula
3656,assinou_plano
3365,visitou_site
3362,visitou_site
1914,visitou_site
3609,criou_conta
4871,visitou_site
1838,criou_conta
1622,assistiu_1a_aula
4128,assistiu_1a_aula
5978,assistiu_1a_aula
1822,assistiu_1a_aula
1857,assistiu_1a_aula
3227,visitou_site
4380,assistiu_1a_aula
2360,criou_conta
4604,visitou_site
3247,criou_conta
2989,visitou_site
1096,criou_conta
3068,criou_conta
3740,criou_conta
4324,visitou_site
5978,criou_conta
4199,visitou_site
2077,assistiu_1a_aula
4877,assistiu_1a_aula
3439,visitou_site
2967,visitou_site
2481,visitou_site
4259,criou_conta
3624,criou_conta
2999,criou_conta
4001,visitou_site
3522,visitou_site
5615,visitou_site
2334,criou_conta
3598,assistiu_1a_aula
5380,assistiu_1a_aula
5998,criou_conta
4738,assinou_plano
1581,visitou_site
2665,criou_conta
2116,renovou
3142,criou_conta
2732,visitou_site
3750,assinou plano
3637,visitou_site
3741,visitou_site
3416,criou_conta
3476,assistiu_1a_aula
5023,criou_conta
1856,visitou_site
2247,visitou_site
5148,criou_conta
3002,visitou_site
5093,criou_conta
3005,visitou_site
1058,visitou_site
4086,criou_conta
3335,criou_conta
1655,criou_conta
4967,assistiu_1a_aula
3029,visitou_site
2707,assistiu_1a_aula
3654,visitou_site
3495,visitou_site
1593,visitou_site
4202,assistiu_1a_aula
2660,visitou_site
2263,visitou_site
5964,criou_conta
2037,visitou_site
3809,assistiu_1a_aula
4522,assinou plano
2295,renovou
4720,criou_conta
2840,criou_conta
5292,assinou_plano
4345,assistiu_1a_aula
2264,criou_conta
2390,visitou_site
4406,visitou_site
1239,renovou
4928,visitou_site
3339,criou_conta
4388,visitou_site
5611,assinou plano
4244,criou_conta
1117,visitou_site
4763,assistiu_1a_aula
3474,renovou
5923,criou_conta
4586,assistiu_1a_aula
2874,criou_conta
4533,visitou_site
5798,visitou_site
1164,assinou_plano
5795,Assinou_Plano
5461,visitou_site
5058,criou_conta
3240,assinou_plano
5252,assistiu_1a_aula
2157,visitou_site
3099,visitou_site
4788,assistiu_1a_aula
5974,criou_conta
2837,assistiu_1a_aula
2862,visitou_site
1471,visitou_site
5334,assistiu_1a_aula
5839,assistiu_1a_aula
4088,assinou plano
4336,criou_conta
1146,assinou_plano
4494,criou_conta
4951,criou_conta
1243,visitou_site
4280,criou_conta
4812,criou_conta
1785,criou_conta
4914,criou_conta
1824,visitou_site
2191,assistiu_1a_aula
1807,Assinou_Plano
4028,assistiu_1a_aula
5954,criou_conta
4023,visitou_site
3158,assinou plano
3208,criou_conta
5974,visitou_site
5684,criou_conta
2158,criou_conta
3663,visitou_site
3475,criou_conta
1271,visitou_site
1941,assinou plano
1169,criou_conta
4492,Assinou_Plano
4450,visitou_site
3437,assistiu_1a_aula
1671,assistiu_1a_aula
1717,criou_conta
4351,visitou_site
5914,visitou_site
2380,visitou_site
3138,visitou_site
5838,visitou_site
1583,assistiu_1a_aula
1887,visitou_site
1318,Assinou_Plano
3791,criou_conta
1353,visitou_site
2386,visitou_site
3861,visitou_site
3654,renovou
3511,criou_conta
5881,criou_conta
1849,visitou_site
1516,criou_conta
5601,assinou plano
4323,criou_conta
5927,visitou_site
3861,renovou
3192,visitou_site
3287,criou_conta
4700,visitou_site
3636,assinou plano
5487,criou_conta
4823,criou_conta
1777,assistiu_1a_aula
5279,visitou_site
4825,visitou_site
1458,assistiu_1a_aula
4240,criou_conta
4327,Assinou_Plano
5583,criou_conta
3950,visitou_site
4242,criou_conta
1004,visitou_site
5169,renovou
5300,visitou_site
3826,visitou_site
3233,visitou_site
4016,assistiu_1a_aula
4064,visitou_site
3204,criou_conta
3173,assistiu_1a_aula
2706,visitou_site
4490,renovou
1147,criou_conta
5828,visitou_site
1204,assistiu_1a_aula
5572,visitou_site
3341,visitou_site
1954,criou_conta
1449,visitou_site
1156,criou_conta
5583,assistiu_1a_aula
3214,assistiu_1a_aula
1289,visitou_site
3367,visitou_site
5566,assistiu_1a_aula
5039,visitou_site
4462,renovou
2656,criou_conta
3925,visitou_site
4998,visitou_site
1483,assistiu_1a_aula
2059,visitou_site
4573,assistiu_1a_aula
2293,criou_conta
5905,assistiu_1a_aula
1997,Assinou_Plano
5630,visitou_site
5820,visitou_site
4222,visitou_site
3526,assistiu_1a_aula
4902,visitou_site
1194,visitou_site
4616,visitou_site
4695,visitou_site
1751,renovou
3104,visitou_site
3978,visitou_site
4986,criou_conta
2257,assistiu_1a_aula
1946,visitou_site
5340,assistiu_1a_aula
2835,criou_conta
4173,visitou_site
4941,visitou_site
3450,assinou_plano
4023,assinou_plano
1368,assinou_plano
4126,visitou_site
2972,assistiu_1a_aula
1190,Assinou_Plano
2399,assistiu_1a_aula
4442,visitou_site
1561,visitou_site
5016,visitou_site
2083,visitou_site
2162,assistiu_1a_aula
1059,visitou_site
3662,visitou_site
4414,visitou_site
3514,assinou_plano
5030,renovou
3971,criou_conta
5503,assistiu_1a_aula
2247,criou_conta
2474,visitou_site
1470,visitou_site
5170,assistiu_1a_aula
4107,visitou_site
3944,assistiu_1a_aula
1902,assistiu_1a_aula
3061,criou_conta
1868,Assinou_Plano
4754,criou_conta
5049,assistiu_1a_aula
1234,assistiu_1a_aula
2169,assistiu_1a_aula
4544,assistiu_1a_aula
5321,visitou_site
2673,visitou_site
5269,visitou_site
3766,visitou_site
1538,assistiu_1a_aula
1979,visitou_site
2247,assinou plano
2733,assinou plano
3385,assistiu_1a_aula
4262,visitou_site
1032,criou_conta
3580,visitou_site
5676,assinou plano
5214,visitou_site
1436,assistiu_1a_aula
4605,criou_conta
4469,criou_conta
4011,criou_conta
5766,assinou_plano
5489,visitou_site
5381,criou_conta
3186,visitou_site
3987,assistiu_1a_aula
4433,visitou_site
4713,criou_conta
5383,renovou
3554,assistiu_1a_aula
2173,Assinou_Plano
1380,assistiu_1a_aula
5401,visitou_site
5252,renovou
3846,visitou_site
3209,visitou_site
4704,assistiu_1a_aula
5253,assistiu_1a_aula
5217,criou_conta
3862,assistiu_1a_aula
4550,criou_conta
2276,Assinou_Plano
4983,visitou_site
5101,assistiu_1a_aula
2286,assistiu_1a_aula
1509,visitou_site
2137,visitou_site
4478,visitou_site
1349,criou_conta
3445,criou_conta
2108,assistiu_1a_aula
3546,visitou_site
2324,renovou
4670,visitou_site
1654,visitou_site
4642,assistiu_1a_aula
1902,visitou_site
1319,assistiu_1a_aula
5031,assistiu_1a_aula
2423,assinou_plano
4515,assistiu_1a_aula
4873,visitou_site
2790,visitou_site
1638,Assinou_Plano
5236,criou_conta
4048,visitou_site
2445,visitou_site
5976,assistiu_1a_aula
4204,visitou_site
2907,criou_conta
5779,assistiu_1a_aula
2465,assistiu_1a_aula
3195,criou_conta
4074,visitou_site
1555,criou_conta
4633,renovou
1539,assistiu_1a_aula
4512,criou_conta
2341,assinou plano
3015,assinou plano
2072,visitou_site
4813,criou_conta
5140,assistiu_1a_aula
4495,visitou_site
2625,visitou_site
2791,assistiu_1a_aula
5358,criou_conta
3735,criou_conta
3166,criou_conta
4464,assinou plano
2194,criou_conta
2647,criou_conta
3756,criou_conta
4254,assistiu_1a_aula
1492,visitou_site
3915,visitou_site
3645,visitou_site
4922,renovou
1942,visitou_site
4615,assistiu_1a_aula
4522,assistiu_1a_aula
3465,criou_conta
4393,criou_conta
4760,visitou_site
5691,assistiu_1a_aula
4411,criou_conta
1215,assinou_plano
2131,visitou_site
5754,criou_conta
1988,visitou_site
4640,visitou_site
5828,Assinou_Plano
3819,criou_conta
2416,visitou_site
5232,criou_conta
2386,renovou
2071,visitou_site
1017,visitou_site
2321,visitou_site
3729,visitou_site
5732,visitou_site
3929,assistiu_1a_aula
2287,criou_conta
3945,assinou plano
3682,renovou
4617,visitou_site
4664,visitou_site
2896,assistiu_1a_aula
5373,visitou_site
1379,criou_conta
1386,assistiu_1a_aula
2937,visitou_site
1459,criou_conta
2607,visitou_site
4629,assistiu_1a_aula
4609,visitou_site
5993,criou_conta
3402,visitou_site
1606,criou_conta
5859,visitou_site
1597,visitou_site
5559,visitou_site
3512,visitou_site
1960,visitou_site
2723,visitou_site
5700,criou_conta
1953,visitou_site
4052,assinou plano
5424,assistiu_1a_aula
4464,visitou_site
1265,visitou_site
2337,renovou
2007,assistiu_1a_aula
1220,criou_conta
1524,criou_conta
4535,criou_conta
4644,visitou_site
2467,criou_conta
3838,visitou_site
5449,visitou_site
2502,assistiu_1a_aula
1147,assistiu_1a_aula
5283,criou_conta
3250,assistiu_1a_aula
1873,criou_conta
2677,renovou
1783,visitou_site
2837,visitou_site
5157,visitou_site
4061,Assinou_Plano
1154,visitou_site
5099,visitou_site
2486,criou_conta
1974,criou_conta
3408,assistiu_1a_aula
3540,criou_conta
5876,assistiu_1a_aula
4486,visitou_site
1556,visitou_site
3926,assistiu_1a_aula
5846,visitou_site
5988,criou_conta
5840,assinou_plano
5597,visitou_site
3945,criou_conta
2059,assistiu_1a_aula
3126,criou_conta
2512,criou_conta
2829,visitou_site
1773,visitou_site
3505,visitou_site
1857,criou_conta
5926,assistiu_1a_aula
4359,visitou_site
5404,assinou plano
2471,assistiu_1a_aula
5898,visitou_site
4544,assinou_plano
2170,assistiu_1a_aula
5274,assistiu_1a_aula
1482,assistiu_1a_aula
4120,assistiu_1a_aula
2244,assistiu_1a_aula
5786,visitou_site
4095,criou_conta
4520,criou_conta
3508,criou_conta
4216,visitou_site
4440,criou_conta
1315,assistiu_1a_aula
3442,criou_conta
3329,assistiu_1a_aula
3295,visitou_site
1517,visitou_site
1864,assistiu_1a_aula
1843,visitou_site
3239,visitou_site
3173,visitou_site
1186,visitou_site
4508,assistiu_1a_aula
3474,criou_conta
5552,renovou
2002,Assinou_Plano
2241,assinou_plano
4803,assistiu_1a_aula
3708,assistiu_1a_aula
3481,assinou_plano
4051,assinou_plano
1083,assinou plano
2316,assistiu_1a_aula
3745,assistiu_1a_aula
4950,assistiu_1a_aula
1327,assistiu_1a_aula
1880,criou_conta
4860,assinou_plano
2111,visitou_site
1744,visitou_site
1018,visitou_site
5065,assistiu_1a_aula
1185,assistiu_1a_aula
1007,assistiu_1a_aula
4753,renovou
3845,visitou_site
3700,visitou_site
3849,criou_conta
1637,visitou_site
4596,visitou_site
1148,renovou
2326,visitou_site
5020,criou_conta
3911,criou_conta
2551,renovou
1331,visitou_site
4200,visitou_site
4030,visitou_site
2651,assistiu_1a_aula
5317,assistiu_1a_aula
3003,criou_conta
5125,visitou_site
2336,renovou
4391,criou_conta
3091,criou_conta
5120,assistiu_1a_aula
1720,assistiu_1a_aula
3887,visitou_site
5729,criou_conta
3086,assistiu_1a_aula
3215,assistiu_1a_aula
4835,Assinou_Plano
2999,visitou_site
1782,Assinou_Plano
4032,criou_conta
1936,visitou_site
3469,criou_conta
3126,assistiu_1a_aula
4671,criou_conta
1042,visitou_site
1995,visitou_site
2990,assistiu_1a_aula
1574,visitou_site
3642,criou_conta
3877,assistiu_1a_aula
1994,visitou_site
2661,visitou_site
4127,criou_conta
4539,criou_conta
5014,visitou_site
1948,visitou_site
1259,assistiu_1a_aula
5955,visitou_site
4856,assistiu_1a_aula
3090,visitou_site
2514,visitou_site
2092,criou_conta
1650,criou_conta
1368,criou_conta
2088,visitou_site
3008,criou_conta
1801,visitou_site
4427,assistiu_1a_aula
5443,visitou_site
3896,visitou_site
4096,visitou_site
4358,assistiu_1a_aula
5901,criou_conta
4877,criou_conta
3144,assinou plano
5098,visitou_site
1156,assistiu_1a_aula
2307,assistiu_1a_aula
5060,visitou_site
1288,visitou_site
1239,visitou_site
1591,assistiu_1a_aula
5454,assistiu_1a_aula
5351,visitou_site
5869,visitou_site
5763,criou_conta
1848,visitou_site
4943,criou_conta
3429,visitou_site
4335,visitou_site
1085,renovou
2599,criou_conta
4017,criou_conta
1553,visitou_site
1014,visitou_site
3604,criou_conta
2954,visitou_site
5623,criou_conta
2784,assistiu_1a_aula
5001,criou_conta
4422,assistiu_1a_aula
1170,criou_conta
5217,assinou_plano
4541,visitou_site
3102,visitou_site
2423,assistiu_1a_aula
2033,assistiu_1a_aula
1381,criou_conta
2600,visitou_site
4649,criou_conta
4672,visitou_site
2916,criou_conta
4702,visitou_site
5131,criou_conta
2430,criou_conta
2527,Assinou_Plano
4121,assistiu_1a_aula
5966,criou_conta
2291,assistiu_1a_aula
5758,criou_conta
3772,assistiu_1a_aula
2884,criou_conta
1048,renovou
5374,renovou
1880,visitou_site
2480,criou_conta
4969,visitou_site
2043,criou_conta
1204,renovou
5725,visitou_site
3905,visitou_site
3364,assistiu_1a_aula
5934,visitou_site
5392,assistiu_1a_aula
4297,criou_conta
2949,criou_conta
5586,assistiu_1a_aula
5090,assistiu_1a_aula
4877,Assinou_Plano
2035,criou_conta
4054,visitou_site
5002,criou_conta
3405,assinou_plano
5733,visitou_site
3674,criou_conta
4693,assistiu_1a_aula
4805,visitou_site
3783,criou_conta
1262,visitou_site
2409,assistiu_1a_aula
1965,assistiu_1a_aula
5200,criou_conta
4619,criou_conta
1268,Assinou_Plano
1157,criou_conta
5381,visitou_site
2671,visitou_site
1624,assistiu_1a_aula
4805,criou_conta
4842,visitou_site
3555,assistiu_1a_aula
2516,assistiu_1a_aula
4005,criou_conta
2151,visitou_site
4911,criou_conta
2679,visitou_site
1197,assistiu_1a_aula
5118,renovou
5400,visitou_site
1852,assistiu_1a_aula
4560,criou_conta
3358,assistiu_1a_aula
4617,assistiu_1a_aula
4626,visitou_site
4651,assistiu_1a_aula
5146,visitou_site
5437,visitou_site
3077,assinou plano
1570,visitou_site
3488,criou_conta
2347,visitou_site
4361,visitou_site
3667,visitou_site
1951,visitou_site
5289,assistiu_1a_aula
5976,visitou_site
3376,assistiu_1a_aula
4772,visitou_site
2023,assistiu_1a_aula
3549,visitou_site
2379,visitou_site
5610,assistiu_1a_aula
3556,criou_conta
2839,visitou_site
3388,assistiu_1a_aula
5383,visitou_site
1382,visitou_site
3499,visitou_site
1127,visitou_site
4903,assistiu_1a_aula
2311,criou_conta
5883,visitou_site
2663,assistiu_1a_aula
1038,visitou_site
5406,visitou_site
3361,visitou_site
3546,criou_conta
2462,visitou_site
1011,visitou_site
5080,visitou_site
2564,assinou_plano
4919,assistiu_1a_aula
3917,visitou_site
5389,visitou_site
2757,criou_conta
4790,visitou_site
2454,criou_conta
4441,visitou_site
2262,criou_conta
2190,visitou_site
2757,visitou_site
2920,assistiu_1a_aula
5521,visitou_site
1110,criou_conta
1875,criou_conta
1391,visitou_site
3460,criou_conta
3879,assinou_plano
4072,assinou plano
3144,assistiu_1a_aula
2420,criou_conta
5744,visitou_site
2170,criou_conta
5941,renovou
1466,criou_conta
3985,criou_conta
4505,Assinou_Plano
2030,visitou_site
1940,criou_conta
2140,criou_conta
5155,criou_conta
5646,visitou_site
4984,criou_conta
1007,visitou_site
4858,visitou_site
5079,criou_conta
3751,assistiu_1a_aula
5361,visitou_site
1271,renovou
2297,visitou_site
2677,Assinou_Plano
3170,visitou_site
5681,visitou_site
2416,assinou plano
3888,criou_conta
2189,visitou_site
2259,visitou_site
1081,renovou
2881,criou_conta
3740,visitou_site
1648,visitou_site
4149,assistiu_1a_aula
1479,assinou_plano
1384,assistiu_1a_aula
2886,visitou_site
5985,visitou_site
4916,visitou_site
2620,visitou_site
1365,criou_conta
3801,criou_conta
2056,assinou_plano
4689,renovou
2915,criou_conta
3563,visitou_site
2095,renovou
5619,criou_conta
5968,criou_conta
5674,criou_conta
5172,criou_conta
5764,criou_conta
3485,renovou
1679,criou_conta
2138,criou_conta
5450,criou_conta
2964,assistiu_1a_aula
4364,visitou_site
4242,visitou_site
5953,assistiu_1a_aula
4613,visitou_site
3720,visitou_site
2612,visitou_site
3279,visitou_site
4461,assistiu_1a_aula
3383,criou_conta
1085,visitou_site
3376,criou_conta
2894,criou_conta
1013,assistiu_1a_aula
2807,assistiu_1a_aula
3228,assistiu_1a_aula
2537,criou_conta
2462,assistiu_1a_aula
1041,visitou_site
2824,visitou_site
4774,visitou_site
1888,criou_conta
2855,criou_conta
5112,renovou
4230,criou_conta
5671,assistiu_1a_aula
3044,visitou_site
3444,visitou_site
3939,renovou
3470,visitou_site
5638,visitou_site
4520,visitou_site
5952,criou_conta
3893,renovou
4125,visitou_site
3288,criou_conta
2321,assistiu_1a_aula
2908,visitou_site
5220,visitou_site
5230,criou_conta
5490,visitou_site
1205,Assinou_Plano
5665,criou_conta
2891,criou_conta
3474,Assinou_Plano
4402,criou_conta
3382,Assinou_Plano
3556,assistiu_1a_aula
1669,visitou_site
1215,visitou_site
5916,visitou_site
5048,assistiu_1a_aula
3064,criou_conta
2519,assistiu_1a_aula
2167,visitou_site
2739,visitou_site
5501,criou_conta
5995,visitou_site
2404,criou_conta
3580,assistiu_1a_aula
2228,criou_conta
3479,visitou_site
1368,assistiu_1a_aula
2400,criou_conta
1631,visitou_site
1304,assistiu_1a_aula
3544,criou_conta
2614,visitou_site
5551,criou_conta
5543,assistiu_1a_aula
4836,criou_conta
5732,criou_conta
4505,assistiu_1a_aula
3727,visitou_site
1167,criou_conta
3048,visitou_site
2346,visitou_site
3956,assinou_plano
1819,criou_conta
5674,assistiu_1a_aula
4153,criou_conta
3572,assistiu_1a_aula
5361,assistiu_1a_aula
3658,visitou_site
1373,criou_conta
3957,assistiu_1a_aula
3427,visitou_site
3485,visitou_site
5255,criou_conta
4680,criou_conta
4575,visitou_site
2684,visitou_site
5966,assistiu_1a_aula
4235,criou_conta
1204,criou_conta
5680,visitou_site
1014,criou_conta
4618,criou_conta
3080,assistiu_1a_aula
3738,criou_conta
5902,visitou_site
3270,visitou_site
5265,visitou_site
2285,visitou_site
1435,criou_conta
1510,visitou_site
5547,visitou_site
4456,visitou_site
3348,visitou_site
3721,visitou_site
1432,assistiu_1a_aula
2555,criou_conta
3864,assistiu_1a_aula
3049,assistiu_1a_aula
3193,visitou_site
1710,renovou
2447,assinou_plano
2559,visitou_site
5326,visitou_site
1626,visitou_site
5187,renovou
2930,visitou_site
2756,renovou
4257,visitou_site
3523,assistiu_1a_aula
3227,assistiu_1a_aula
2544,criou_conta
4376,criou_conta
1052,visitou_site
5904,visitou_site
5362,visitou_site
5835,assistiu_1a_aula
3583,assistiu_1a_aula
1042,criou_conta
2505,visitou_site
2158,assistiu_1a_aula
4490,assinou plano
4141,visitou_site
4334,assistiu_1a_aula
3597,assistiu_1a_aula
2337,assinou_plano
2760,visitou_site
5002,assistiu_1a_aula
5048,visitou_site
2243,visitou_site
3303,visitou_site
2027,assistiu_1a_aula
1799,visitou_site
2191,renovou
5398,assistiu_1a_aula
5151,assistiu_1a_aula
2033,criou_conta
2592,visitou_site
3408,visitou_site
1073,visitou_site
4311,visitou_site
5237,visitou_site
5134,criou_conta
3914,assistiu_1a_aula
4234,visitou_site
4834,assistiu_1a_aula
5019,visitou_site
2854,criou_conta
2035,renovou
5472,assistiu_1a_aula
2647,assinou plano
4746,criou_conta
4347,Assinou_Plano
5514,assinou_plano
4017,visitou_site
2195,assistiu_1a_aula
3789,visitou_site
5055,criou_conta
4495,assistiu_1a_aula
4502,criou_conta
5857,visitou_site
1177,assinou_plano
4890,assistiu_1a_aula
2686,visitou_site
2565,visitou_site
3210,visitou_site
4146,assistiu_1a_aula
1537,visitou_site
5798,assistiu_1a_aula
3097,assistiu_1a_aula
2912,visitou_site
2778,visitou_site
3100,criou_conta
5376,criou_conta
1693,visitou_site
3941,criou_conta
1907,criou_conta
1159,renovou
3382,renovou
5784,assistiu_1a_aula
5751,criou_conta
4421,visitou_site
5192,assistiu_1a_aula
2070,visitou_site
4675,renovou
1781,criou_conta
4288,criou_conta
4121,visitou_site
4908,visitou_site
1578,visitou_site
1055,assistiu_1a_aula
2716,visitou_site
3795,criou_conta
4332,criou_conta
2183,visitou_site
4481,visitou_site
4501,visitou_site
4265,assistiu_1a_aula
3035,visitou_site
5766,assistiu_1a_aula
4465,visitou_site
1138,criou_conta
2912,assistiu_1a_aula
4410,Assinou_Plano
1140,assistiu_1a_aula
1852,criou_conta
2711,visitou_site
3827,visitou_site
4737,renovou
2600,criou_conta
5496,criou_conta
1660,criou_conta
2542,assistiu_1a_aula
5743,visitou_site
4513,visitou_site
5050,criou_conta
2419,visitou_site
4819,visitou_site
1104,assistiu_1a_aula
1176,visitou_site
1532,renovou
4511,visitou_site
2172,criou_conta
1570,criou_conta
4582,criou_conta
1727,assistiu_1a_aula
2203,visitou_site
2131,criou_conta
2972,criou_conta
1510,assistiu_1a_aula
4833,visitou_site
2754,criou_conta
2702,criou_conta
2290,assinou_plano
1003,visitou_site
4779,criou_conta
1116,assistiu_1a_aula
4240,assistiu_1a_aula
5327,assistiu_1a_aula
4742,assistiu_1a_aula
1641,visitou_site
1906,assistiu_1a_aula
4263,visitou_site
1259,criou_conta
4693,criou_conta
2733,renovou
3073,visitou_site
1382,criou_conta
2912,criou_conta
1991,criou_conta
4760,criou_conta
4745,assistiu_1a_aula
1888,renovou
4086,visitou_site
1742,assistiu_1a_aula
1763,assistiu_1a_aula
3835,assinou plano
5619,assistiu_1a_aula
4915,criou_conta
2216,renovou
3797,visitou_site
5414,criou_conta
5636,criou_conta
4891,visitou_site
5115,assistiu_1a_aula
1613,visitou_site
5789,assinou_plano
4753,assistiu_1a_aula
4976,assistiu_1a_aula
5263,criou_conta
3799,criou_conta
3109,visitou_site
5980,renovou
4655,visitou_site
2910,visitou_site
3101,visitou_site
5107,criou_conta
3512,assistiu_1a_aula
4555,assistiu_1a_aula
2059,criou_conta
5090,criou_conta
3610,criou_conta
2082,assistiu_1a_aula
1824,assistiu_1a_aula
4439,criou_conta
4688,assinou plano
3534,visitou_site
1500,criou_conta
2334,visitou_site
1876,renovou
4183,visitou_site
4692,assistiu_1a_aula
5340,criou_conta
3643,assistiu_1a_aula
4822,assistiu_1a_aula
1270,visitou_site
4561,visitou_site
1822,assinou_plano
1751,visitou_site
2835,assistiu_1a_aula
4737,visitou_site
4082,assistiu_1a_aula
5046,assistiu_1a_aula
5387,criou_conta
3636,renovou
3843,assistiu_1a_aula
2305,assistiu_1a_aula
5428,visitou_site
5801,visitou_site
5903,visitou_site
5064,visitou_site
3581,criou_conta
1829,criou_conta
1165,criou_conta
1364,visitou_site
4191,criou_conta
5924,assistiu_1a_aula
5701,assistiu_1a_aula
3711,visitou_site
2122,assistiu_1a_aula
3759,visitou_site
1542,criou_conta
4464,assistiu_1a_aula
2856,assinou_plano
1926,renovou
2457,visitou_site
4464,renovou
2768,renovou
4255,visitou_site
1484,criou_conta
4785,criou_conta
4192,assistiu_1a_aula
3784,visitou_site
4101,visitou_site
5235,assistiu_1a_aula
1529,visitou_site
2370,assinou_plano
4248,criou_conta
5303,visitou_site
3940,assistiu_1a_aula
4088,renovou
3791,assistiu_1a_aula
2944,visitou_site
1489,criou_conta
1329,criou_conta
3737,assistiu_1a_aula
2214,visitou_site
2909,assistiu_1a_aula
1550,criou_conta
1775,criou_conta
1666,criou_conta
5845,visitou_site
2448,assinou plano
5093,visitou_site
3746,visitou_site
1402,criou_conta
3934,visitou_site
3067,visitou_site
1135,criou_conta
1683,visitou_site
2663,visitou_site
3667,assistiu_1a_aula
5267,criou_conta
5010,criou_conta
1069,renovou
1397,assistiu_1a_aula
5412,visitou_site
1292,criou_conta
3468,visitou_site
4029,visitou_site
4286,renovou
5037,assistiu_1a_aula
5552,visitou_site
4452,visitou_site
2332,visitou_site
1424,visitou_site
5275,visitou_site
4808,visitou_site
4067,visitou_site
2637,assistiu_1a_aula
1159,Assinou_Plano
5372,criou_conta
1233,assistiu_1a_aula
5586,visitou_site
3179,assistiu_1a_aula
5131,visitou_site
5671,criou_conta
2575,visitou_site
5551,visitou_site
3651,assinou plano
3627,assinou_plano
4378,visitou_site
5105,visitou_site
3030,visitou_site
1851,Assinou_Plano
5773,visitou_site
4123,assistiu_1a_aula
1083,assistiu_1a_aula
4061,visitou_site
2323,assinou_plano
4464,renovou
1194,renovou
4426,assistiu_1a_aula
2232,visitou_site
2891,visitou_site
1027,assinou plano
4698,assistiu_1a_aula
3293,criou_conta
2672,assistiu_1a_aula
2598,assinou plano
5577,criou_conta
3784,assistiu_1a_aula
1098,visitou_site
4663,renovou
1166,visitou_site
5435,criou_conta
3079,visitou_site
5962,renovou
5072,criou_conta
5016,Assinou_Plano
4993,criou_conta
3538,Assinou_Plano
3576,visitou_site
5565,assistiu_1a_aula
3998,visitou_site
4914,visitou_site
2594,assinou_plano
5532,visitou_site
4165,criou_conta
3832,visitou_site
3639,assistiu_1a_aula
4652,assistiu_1a_aula
5634,assistiu_1a_aula
2718,visitou_site
3239,Assinou_Plano
5266,criou_conta
5448,assistiu_1a_aula
3012,criou_conta
5073,visitou_site
2506,criou_conta
4581,criou_conta
3410,visitou_site
5310,assistiu_1a_aula
3784,criou_conta
1797,criou_conta
4861,assistiu_1a_aula
3750,visitou_site
1466,assistiu_1a_aula
5847,visitou_site
3201,visitou_site
5907,criou_conta
1628,visitou_site
3837,assistiu_1a_aula
1636,visitou_site
1292,visitou_site
5514,criou_conta
5678,criou_conta
4506,visitou_site
2318,renovou
1006,renovou
3597,Assinou_Plano
5746,assistiu_1a_aula
3648,visitou_site
5714,criou_conta
3957,criou_conta
3159,visitou_site
2658,criou_conta
2638,visitou_site
4302,criou_conta
1469,visitou_site
5415,visitou_site
5519,visitou_site
4134,assinou_plano
1104,visitou_site
1565,criou_conta
4634,criou_conta
5509,assistiu_1a_aula
5360,visitou_site
4274,criou_conta
1054,visitou_site
2068,assistiu_1a_aula
2678,visitou_site
3458,criou_conta
3129,criou_conta
1333,renovou
2105,assinou plano
1800,assistiu_1a_aula
1877,criou_conta
4053,visitou_site
4395,criou_conta
1208,criou_conta
4562,assistiu_1a_aula
1095,visitou_site
2981,assistiu_1a_aula
3228,renovou
4349,visitou_site
1625,assistiu_1a_aula
3988,criou_conta
4982,assistiu_1a_aula
4314,assistiu_1a_aula
3281,criou_conta
2202,criou_conta
1499,Assinou_Plano
4826,criou_conta
4190,visitou_site
1408,visitou_site
2537,visitou_site
2411,visitou_site
2846,assistiu_1a_aula
3320,assistiu_1a_aula
3893,criou_conta
1411,visitou_site
1073,criou_conta
3315,visitou_site
4758,criou_conta
3953,criou_conta
5150,visitou_site
4574,visitou_site
3428,visitou_site
1515,visitou_site
2144,criou_conta
3777,assistiu_1a_aula
3509,visitou_site
4894,criou_conta
2240,assistiu_1a_aula
4638,assistiu_1a_aula
1506,criou_conta
4348,criou_conta
4102,assistiu_1a_aula
1133,visitou_site
2685,visitou_site
2497,criou_conta
5081,visitou_site
5885,criou_conta
1807,renovou
1966,assistiu_1a_aula
3443,criou_conta
2447,assistiu_1a_aula
5743,criou_conta
3560,criou_conta
2757,assistiu_1a_aula
5113,assinou_plano
4360,assistiu_1a_aula
1899,assistiu_1a_aula
5641,Assinou_Plano
4770,assistiu_1a_aula
1997,assistiu_1a_aula
1479,visitou_site
5893,visitou_site
5266,assinou_plano
4789,assistiu_1a_aula
5670,assistiu_1a_aula
1122,assistiu_1a_aula
2366,visitou_site
5558,assistiu_1a_aula
5854,Assinou_Plano
3898,visitou_site
1268,assistiu_1a_aula
4594,visitou_site
3608,visitou_site
4319,criou_conta
1087,criou_conta
5793,renovou
5187,visitou_site
1716,visitou_site
2979,criou_conta
5512,criou_conta
1295,visitou_site
2310,criou_conta
5991,visitou_site
5731,criou_conta
3912,criou_conta
5030,criou_conta
4757,assistiu_1a_aula
4650,criou_conta
2844,visitou_site
1159,assistiu_1a_aula
2226,visitou_site
2121,assistiu_1a_aula
1741,visitou_site
1999,visitou_site
5971,assistiu_1a_aula
4086,assistiu_1a_aula
3827,assistiu_1a_aula
3849,visitou_site
2563,visitou_site
4408,assistiu_1a_aula
1001,Assinou_Plano
2094,assistiu_1a_aula
2409,visitou_site
2610,assistiu_1a_aula
2652,renovou
2139,visitou_site
3656,renovou
1072,assistiu_1a_aula
4721,visitou_site
2633,visitou_site
1984,visitou_site
4595,assistiu_1a_aula
4272,Assinou_Plano
3457,visitou_site
4128,criou_conta
2878,visitou_site
4564,visitou_site
1110,visitou_site
2771,criou_conta
3070,assistiu_1a_aula
5909,visitou_site
5817,visitou_site
3679,criou_conta
5465,visitou_site
2490,assinou_plano
5107,assistiu_1a_aula
5612,criou_conta
3641,visitou_site
3970,visitou_site
2477,renovou
2631,visitou_site
3181,assistiu_1a_aula
2839,criou_conta
1983,visitou_site
1601,assinou_plano
4327,assistiu_1a_aula
4484,visitou_site
4345,criou_conta
5438,criou_conta
5937,assistiu_1a_aula
4419,visitou_site
3705,visitou_site
4446,visitou_site
1576,criou_conta
1719,assistiu_1a_aula
3004,visitou_site
4928,assistiu_1a_aula
1188,assinou_plano
4540,Assinou_Plano
3613,visitou_site
4460,criou_conta
5509,assinou plano
2883,visitou_site
5963,criou_conta
1764,visitou_site
3752,criou_conta
1148,criou_conta
2045,assistiu_1a_aula
3350,visitou_site
3835,visitou_site
1925,assinou_plano
5015,visitou_site
4115,assinou_plano
1672,assistiu_1a_aula
2108,visitou_site
5755,assistiu_1a_aula
4131,renovou
2069,visitou_site
5394,visitou_site
2304,visitou_site
1882,visitou_site
3469,assistiu_1a_aula
3364,visitou_site
2216,criou_conta
2804,assistiu_1a_aula
1447,visitou_site
2242,criou_conta
2343,visitou_site
2041,visitou_site
4918,criou_conta
1293,criou_conta
1544,visitou_site
2387,visitou_site
4066,visitou_site
5636,visitou_site
5355,visitou_site
4555,criou_conta
5203,assistiu_1a_aula
5313,visitou_site
3098,assistiu_1a_aula
5475,criou_conta
3389,renovou
2830,visitou_site
5934,criou_conta
1937,assistiu_1a_aula
4608,Assinou_Plano
5842,visitou_site
3153,visitou_site
3568,visitou_site
3760,assistiu_1a_aula
4501,assinou_plano
4671,assistiu_1a_aula
1209,criou_conta
3107,criou_conta
2109,assistiu_1a_aula
2426,visitou_site
5530,assinou_plano
2852,Assinou_Plano
4879,criou_conta
1296,assistiu_1a_aula
3651,assistiu_1a_aula
1217,visitou_site
5338,renovou
5764,assistiu_1a_aula
5812,visitou_site
5655,visitou_site
1840,assinou_plano
5510,visitou_site
2866,visitou_site
1185,criou_conta
1800,criou_conta
2811,visitou_site
3125,visitou_site
2373,assistiu_1a_aula
4642,visitou_site
2773,visitou_site
2616,criou_conta
4867,criou_conta
2177,criou_conta
1299,visitou_site
1840,visitou_site
4682,criou_conta
1495,visitou_site
3638,visitou_site
4480,visitou_site
3450,visitou_site
1246,visitou_site
4136,criou_conta
2988,assistiu_1a_aula
3388,visitou_site
3636,visitou_site
3603,visitou_site
4379,visitou_site
2424,criou_conta
3632,visitou_site
2549,assistiu_1a_aula
1302,visitou_site
1489,renovou
4819,assistiu_1a_aula
5203,criou_conta
1306,visitou_site
2061,visitou_site
5655,assistiu_1a_aula
4992,assistiu_1a_aula
1776,criou_conta
2031,criou_conta
2146,visitou_site
3875,criou_conta
1531,assistiu_1a_aula
4731,criou_conta
5204,visitou_site
5886,assistiu_1a_aula
3249,Assinou_Plano
5419,assistiu_1a_aula
1810,criou_conta
3446,criou_conta
1763,criou_conta
2116,criou_conta
1519,renovou
5676,visitou_site
4391,assistiu_1a_aula
3969,visitou_site
1334,visitou_site
3115,visitou_site
2788,assinou_plano
3904,Assinou_Plano
2862,assinou plano
5746,criou_conta
5943,assistiu_1a_aula
4005,visitou_site
3610,visitou_site
2756,assistiu_1a_aula
3971,Assinou_Plano
5228,assistiu_1a_aula
3075,visitou_site
3419,visitou_site
5727,visitou_site
2421,visitou_site
1437,visitou_site
5775,renovou
3009,assistiu_1a_aula
3485,Assinou_Plano
2374,criou_conta
1688,visitou_site
2640,criou_conta
4039,assistiu_1a_aula
1919,assistiu_1a_aula
3160,visitou_site
1239,assistiu_1a_aula
3829,assistiu_1a_aula
2957,assinou_plano
2171,assistiu_1a_aula
1057,visitou_site
4646,visitou_site
2797,assistiu_1a_aula
2779,visitou_site
4011,visitou_site
1925,visitou_site
4712,assistiu_1a_aula
4683,visitou_site
2187,assistiu_1a_aula
4419,assistiu_1a_aula
3769,assinou_plano
5420,visitou_site
3943,criou_conta
2918,assinou plano
3167,visitou_site
1335,assistiu_1a_aula
1545,visitou_site
3175,visitou_site
1277,visitou_site
5634,assinou plano
1166,criou_conta
2718,renovou
5353,assinou plano
4132,criou_conta
3474,visitou_site
4569,visitou_site
3781,criou_conta
4187,criou_conta
2778,criou_conta
2301,visitou_site
1718,visitou_site
2261,renovou
4245,visitou_site
5103,visitou_site
4039,criou_conta
1060,criou_conta
4150,criou_conta
2995,visitou_site
3008,renovou
4206,Assinou_Plano
4194,visitou_site
1518,visitou_site
5217,assistiu_1a_aula
2979,assinou_plano
4561,Assinou_Plano
5296,visitou_site
5913,assistiu_1a_aula
2860,visitou_site
5120,renovou
3524,assistiu_1a_aula
2018,criou_conta
3361,assistiu_1a_aula
1999,assistiu_1a_aula
4654,visitou_site
2774,renovou
3314,visitou_site
4382,visitou_site
5764,visitou_site
1102,assistiu_1a_aula
5153,assistiu_1a_aula
3460,visitou_site
3939,Assinou_Plano
1431,criou_conta
1832,visitou_site
5957,assistiu_1a_aula
4909,criou_conta
4547,visitou_site
2234,criou_conta
1738,visitou_site
1122,visitou_site
4038,visitou_site
1052,criou_conta
4777,visitou_site
1960,criou_conta
5972,visitou_site
5441,assistiu_1a_aula
3592,criou_conta
1467,visitou_site
5178,visitou_site
4440,visitou_site
3913,criou_conta
3716,visitou_site
2641,renovou
5297,assinou plano
2769,visitou_site
5324,assistiu_1a_aula
1627,criou_conta
2053,assistiu_1a_aula
5342,visitou_site
2759,assistiu_1a_aula
1310,visitou_site
3546,assistiu_1a_aula
5779,assinou plano
3048,assistiu_1a_aula
1941,criou_conta
2746,criou_conta
5437,criou_conta
3928,visitou_site
3695,visitou_site
5095,assistiu_1a_aula
5369,visitou_site
3855,criou_conta
3134,visitou_site
4694,Assinou_Plano
1098,criou_conta
5588,assinou_plano
4496,criou_conta
2407,assistiu_1a_aula
2328,visitou_site
5586,renovou
3270,assistiu_1a_aula
5678,visitou_site
2632,visitou_site
5876,criou_conta
2491,assistiu_1a_aula
4044,Assinou_Plano
3144,visitou_site
5778,visitou_site
2236,criou_conta
3869,visitou_site
5949,renovou
4300,visitou_site
2532,visitou_site
5841,visitou_site
1298,visitou_site
2997,visitou_site
4345,visitou_site
5866,visitou_site
2287,assistiu_1a_aula
2418,visitou_site
2136,criou_conta
2848,assinou_plano
2842,assistiu_1a_aula
4898,criou_conta
5608,assistiu_1a_aula
1768,criou_conta
2786,assistiu_1a_aula
4279,visitou_site
1185,visitou_site
4574,criou_conta
5187,criou_conta
4493,visitou_site
5123,assistiu_1a_aula
5920,criou_conta
5843,criou_conta
1248,visitou_site
3091,assinou plano
4896,assinou plano
1691,visitou_site
5738,assinou_plano
5310,visitou_site
2283,assistiu_1a_aula
5082,assistiu_1a_aula
5186,visitou_site
3769,renovou
2387,assistiu_1a_aula
2170,renovou
1611,visitou_site
1761,visitou_site
5494,visitou_site
4471,visitou_site
5314,criou_conta
4502,visitou_site
5723,assistiu_1a_aula
4394,assistiu_1a_aula
3703,visitou_site
5084,assistiu_1a_aula
3306,assistiu_1a_aula
5230,assistiu_1a_aula
4483,visitou_site
4280,assistiu_1a_aula
1787,Assinou_Plano
3556,visitou_site
5679,assistiu_1a_aula
4667,visitou_site
2473,criou_conta
3590,visitou_site
1596,renovou
1388,criou_conta
5997,assistiu_1a_aula
3275,renovou
5588,visitou_site
1211,criou_conta
3853,visitou_site
2261,assinou plano
1118,visitou_site
2372,visitou_site
3436,criou_conta
4169,assinou_plano
2180,criou_conta
2672,visitou_site
3951,assistiu_1a_aula
3205,criou_conta
1894,criou_conta
4523,visitou_site
4997,visitou_site
5049,criou_conta
2179,assistiu_1a_aula
1663,visitou_site
5112,assistiu_1a_aula
2897,visitou_site
5165,visitou_site
5266,visitou_site
2448,criou_conta
3188,visitou_site
4824,assistiu_1a_aula
4643,visitou_site
2027,criou_conta
4116,assistiu_1a_aula
5372,assistiu_1a_aula
3217,assistiu_1a_aula
3025,visitou_site
1035,visitou_site
1541,visitou_site
2281,assistiu_1a_aula
1103,assistiu_1a_aula
4376,visitou_site
2925,visitou_site
5652,criou_conta
3364,assinou_plano
2869,criou_conta
5290,visitou_site
1373,assistiu_1a_aula
3612,Assinou_Plano
5040,criou_conta
4662,assinou plano
4394,visitou_site
3266,criou_conta
5520,criou_conta
4325,visitou_site
3724,visitou_site
5656,visitou_site
4742,criou_conta
1195,criou_conta
3455,visitou_site
3389,visitou_site
1876,visitou_site
5024,criou_conta
1471,renovou
1239,assinou plano
5768,assistiu_1a_aula
3362,assistiu_1a_aula
1885,assistiu_1a_aula
4820,visitou_site
2376,criou_conta
2126,visitou_site
5258,criou_conta
2550,visitou_site
5660,visitou_site
1488,visitou_site
2687,visitou_site
4027,criou_conta
3039,assistiu_1a_aula
5948,renovou
3142,assistiu_1a_aula
2015,visitou_site
2461,criou_conta
4417,renovou
1829,assistiu_1a_aula
5009,assinou plano
3916,criou_conta
3313,assistiu_1a_aula
3165,visitou_site
2537,assistiu_1a_aula
4559,assistiu_1a_aula
1993,visitou_site
2230,assistiu_1a_aula
3271,assistiu_1a_aula
1294,visitou_site
1215,assistiu_1a_aula
4599,visitou_site
1762,visitou_site
1855,visitou_site
4139,visitou_site
4670,criou_conta
2175,visitou_site
4423,criou_conta
3091,assistiu_1a_aula
5662,assistiu_1a_aula
4051,renovou
4590,assinou plano
4746,visitou_site
2641,assinou_plano
1717,visitou_site
4832,visitou_site
1575,assistiu_1a_aula
2872,visitou_site
4784,visitou_site
2183,assistiu_1a_aula
1242,assistiu_1a_aula
3721,Assinou_Plano
3541,criou_conta
5419,visitou_site
2093,visitou_site
2551,assistiu_1a_aula
3199,visitou_site
5584,visitou_site
4368,assistiu_1a_aula
3546,Assinou_Plano
4982,criou_conta
4765,visitou_site
2106,renovou
1183,assistiu_1a_aula
3389,Assinou_Plano
2000,visitou_site
2926,visitou_site
4775,assistiu_1a_aula
4947,assistiu_1a_aula
2795,visitou_site
5413,criou_conta
3909,visitou_site
5493,criou_conta
4767,visitou_site
1961,assistiu_1a_aula
5960,assistiu_1a_aula
4476,visitou_site
4472,criou_conta
3918,visitou_site
5464,assistiu_1a_aula
1888,assinou_plano
3911,visitou_site
1894,visitou_site
4977,assistiu_1a_aula
5260,visitou_site
5739,visitou_site
1245,criou_conta
5589,criou_conta
2386,assinou_plano
3523,visitou_site
2734,visitou_site
4581,visitou_site
3676,visitou_site
5424,visitou_site
1806,assinou_plano
5760,visitou_site
1919,criou_conta
2234,assistiu_1a_aula
2561,visitou_site
5953,visitou_site
1623,visitou_site
2196,visitou_site
5025,visitou_site
1520,assistiu_1a_aula
1038,criou_conta
4904,visitou_site
3196,visitou_site
1509,criou_conta
3907,visitou_site
3820,assistiu_1a_aula
5989,visitou_site
4089,criou_conta
4281,visitou_site
3471,assistiu_1a_aula
3668,visitou_site
5901,assistiu_1a_aula
1224,criou_conta
2386,criou_conta
1586,criou_conta
1862,criou_conta
1069,criou_conta
2533,visitou_site
5095,assinou_plano
1212,visitou_site
2551,visitou_site
2388,assistiu_1a_aula
2367,visitou_site
2286,criou_conta
4738,renovou
3265,criou_conta
3417,visitou_site
2075,visitou_site
1996,criou_conta
1934,criou_conta
2996,visitou_site
4664,criou_conta
4622,criou_conta
4633,criou_conta
5986,criou_conta
5285,criou_conta
3068,visitou_site
4438,criou_conta
4662,assistiu_1a_aula
4141,assistiu_1a_aula
5367,visitou_site
4047,renovou
3200,criou_conta
3951,criou_conta
1281,visitou_site
2500,assistiu_1a_aula
1531,visitou_site
3957,visitou_site
2714,assistiu_1a_aula
2544,assistiu_1a_aula
4692,criou_conta
5104,assistiu_1a_aula
1627,visitou_site
1712,visitou_site
4542,criou_conta
4140,assistiu_1a_aula
3836,criou_conta
4859,visitou_site
2207,visitou_site
3461,criou_conta
4057,visitou_site
1207,renovou
1734,assistiu_1a_aula
5810,visitou_site
1287,visitou_site
5363,visitou_site
1771,visitou_site
5052,visitou_site
4089,visitou_site
5079,visitou_site
4535,assistiu_1a_aula
1618,assinou plano
5267,assistiu_1a_aula
4129,renovou
3760,criou_conta
1465,assistiu_1a_aula
4386,visitou_site
1860,visitou_site
3325,visitou_site
2670,criou_conta
2853,assistiu_1a_aula
4210,assistiu_1a_aula
5819,renovou
4110,criou_conta
3649,assistiu_1a_aula
3136,visitou_site
4455,visitou_site
4530,criou_conta
4874,criou_conta
3933,visitou_site
4597,criou_conta
1278,assinou_plano
1937,criou_conta
1798,visitou_site
3800,assistiu_1a_aula
2261,visitou_site
2116,assistiu_1a_aula
4037,visitou_site
3164,visitou_site
5327,assinou_plano
2430,visitou_site
2718,criou_conta
1584,visitou_site
1226,criou_conta
1051,assistiu_1a_aula
4949,visitou_site
4030,criou_conta
4966,visitou_site
2292,criou_conta
1929,assistiu_1a_aula
4782,visitou_site
4641,visitou_site
1745,visitou_site
1293,renovou
3380,visitou_site
3344,visitou_site
1992,Assinou_Plano
5840,assistiu_1a_aula
3771,visitou_site
2383,criou_conta
3445,visitou_site
3994,visitou_site
5018,visitou_site
2935,criou_conta
4383,visitou_site
3200,assinou_plano
3781,visitou_site
1200,renovou
3336,assistiu_1a_aula
4646,assinou_plano
2193,visitou_site
4990,visitou_site
3168,visitou_site
4269,criou_conta
5930,visitou_site
2283,assinou_plano
2597,visitou_site
4232,visitou_site
5121,assistiu_1a_aula
5390,assistiu_1a_aula
1924,visitou_site
2244,criou_conta
3037,visitou_site
2174,visitou_site
5661,assistiu_1a_aula
2840,renovou
2697,visitou_site
4335,assistiu_1a_aula
5631,visitou_site
3749,visitou_site
5552,assinou plano
1785,visitou_site
3414,visitou_site
4363,visitou_site
3370,visitou_site
4146,Assinou_Plano
4665,visitou_site
3928,assistiu_1a_aula
5906,criou_conta
4960,visitou_site
2510,visitou_site
4309,assistiu_1a_aula
3752,assistiu_1a_aula
5602,assistiu_1a_aula
3238,criou_conta
5702,visitou_site
1820,visitou_site
4606,criou_conta
1954,visitou_site
1340,criou_conta
1027,renovou
2907,renovou
5657,visitou_site
3471,visitou_site
5254,visitou_site
5081,renovou
5196,visitou_site
1218,assistiu_1a_aula
2335,visitou_site
2576,visitou_site
2450,assistiu_1a_aula
2720,criou_conta
5044,visitou_site
4887,criou_conta
2182,visitou_site
4973,criou_conta
5868,assistiu_1a_aula
3889,visitou_site
3222,criou_conta
1720,visitou_site
2162,criou_conta
5335,assistiu_1a_aula
4865,visitou_site
2128,Assinou_Plano
5923,assistiu_1a_aula
1533,assistiu_1a_aula
4057,assinou plano
4680,visitou_site
3636,criou_conta
1115,visitou_site
4663,criou_conta
2518,visitou_site
3820,criou_conta
4317,visitou_site
3852,visitou_site
1788,assistiu_1a_aula
3009,visitou_site
5949,assistiu_1a_aula
4374,assistiu_1a_aula
4678,assinou plano
4101,criou_conta
5450,assistiu_1a_aula
2226,assistiu_1a_aula
1632,criou_conta
3511,renovou
2840,visitou_site
4499,visitou_site
5354,criou_conta
1734,criou_conta
3247,assistiu_1a_aula
3921,visitou_site
3269,assistiu_1a_aula
1698,criou_conta
5323,visitou_site
3167,assistiu_1a_aula
3836,visitou_site
4929,criou_conta
3300,criou_conta
4620,visitou_site
3209,criou_conta
4744,assistiu_1a_aula
4937,assistiu_1a_aula
4376,assistiu_1a_aula
1016,criou_conta
4116,visitou_site
5591,visitou_site
2304,criou_conta
5113,visitou_site
3981,visitou_site
3675,visitou_site
5451,visitou_site
3505,assistiu_1a_aula
1822,visitou_site
4951,visitou_site
1749,assistiu_1a_aula
4417,Assinou_Plano
5179,assistiu_1a_aula
2565,criou_conta
2801,assistiu_1a_aula
2197,assistiu_1a_aula
4994,visitou_site
2872,criou_conta
5379,visitou_site
1965,criou_conta
3441,assistiu_1a_aula
4122,criou_conta
5905,criou_conta
2771,Assinou_Plano
1964,visitou_site
1548,criou_conta
5663,criou_conta
2958,visitou_site
2652,criou_conta
5993,visitou_site
1393,renovou
2880,visitou_site
2839,assistiu_1a_aula
4437,criou_conta
2642,visitou_site
5562,visitou_site
5357,visitou_site
3771,criou_conta
2075,criou_conta
4553,visitou_site
1864,criou_conta
4696,visitou_site
5605,criou_conta
2181,visitou_site
1539,visitou_site
3290,criou_conta
5936,assistiu_1a_aula
5365,visitou_site
5641,visitou_site
3924,assistiu_1a_aula
5342,criou_conta
3916,assistiu_1a_aula
3743,visitou_site
5249,assistiu_1a_aula
4169,visitou_site
3857,visitou_site
3923,assistiu_1a_aula
1206,visitou_site
2884,visitou_site
5817,assinou_plano
4065,visitou_site
3262,assistiu_1a_aula
5719,visitou_site
1063,renovou
4343,criou_conta
2213,visitou_site
5930,criou_conta
4704,criou_conta
2807,renovou
1540,assinou_plano
3472,visitou_site
5509,visitou_site
5555,criou_conta
4258,visitou_site
5466,criou_conta
3826,criou_conta
1016,assistiu_1a_aula
5000,assistiu_1a_aula
3143,criou_conta
1322,assistiu_1a_aula
4652,criou_conta
3897,criou_conta
1814,visitou_site
4612,assistiu_1a_aula
3681,assistiu_1a_aula
5411,criou_conta
5964,visitou_site
1357,criou_conta
1434,visitou_site
2973,assinou_plano
3372,visitou_site
2817,assistiu_1a_aula
5391,visitou_site
4726,assistiu_1a_aula
2827,assistiu_1a_aula
4677,visitou_site
3862,visitou_site
4310,visitou_site
4726,criou_conta
2305,assinou plano
2784,criou_conta
2229,assistiu_1a_aula
5280,visitou_site
4546,visitou_site
1006,criou_conta
1241,criou_conta
3252,visitou_site
4643,criou_conta
2973,criou_conta
1452,assinou plano
4853,visitou_site
1552,visitou_site
4107,Assinou_Plano
2853,criou_conta
5687,assistiu_1a_aula
2369,visitou_site
5642,assistiu_1a_aula
4218,assistiu_1a_aula
5908,visitou_site
4413,assistiu_1a_aula
4161,assinou_plano
5517,visitou_site
3403,visitou_site
1211,visitou_site
3565,visitou_site
1969,criou_conta
1839,visitou_site
5631,assistiu_1a_aula
5613,visitou_site
4100,criou_conta
4960,assistiu_1a_aula
2107,criou_conta
5602,criou_conta
5618,visitou_site
4995,visitou_site
3302,criou_conta
1034,criou_conta
1908,criou_conta
2014,visitou_site
2484,criou_conta
4882,assistiu_1a_aula
5818,assistiu_1a_aula
2257,Assinou_Plano
4732,visitou_site
4055,visitou_site
5958,Assinou_Plano
1736,assistiu_1a_aula
4251,assistiu_1a_aula
4930,visitou_site
2710,visitou_site
4325,assistiu_1a_aula
1415,visitou_site
5515,visitou_site
5024,visitou_site
3021,visitou_site
2362,criou_conta
2318,Assinou_Plano
1689,visitou_site
1171,criou_conta
1264,criou_conta
5286,visitou_site
2197,criou_conta
1326,criou_conta
1912,criou_conta
1591,Assinou_Plano
4929,visitou_site
2306,visitou_site
4473,visitou_site
4034,assinou plano
4718,visitou_site
3304,assistiu_1a_aula
4692,visitou_site
2458,visitou_site
1748,assinou_plano
1577,assinou plano
4764,assinou plano
5578,visitou_site
4027,visitou_site
4180,assistiu_1a_aula
2104,visitou_site
2341,criou_conta
2521,criou_conta
3947,assistiu_1a_aula
1429,visitou_site
1562,visitou_site
1365,visitou_site
1109,visitou_site
2316,renovou
1919,visitou_site
4496,visitou_site
1363,visitou_site
3689,visitou_site
2854,visitou_site
4339,visitou_site
5319,visitou_site
2295,visitou_site
3539,visitou_site
1987,criou_conta
3532,renovou
3206,criou_conta
3135,visitou_site
5630,assinou plano
4335,criou_conta
1972,criou_conta
1001,assistiu_1a_aula
2552,assinou_plano
2389,assistiu_1a_aula
2888,visitou_site
5881,renovou
2635,visitou_site
2248,visitou_site
5399,criou_conta
2401,visitou_site
4268,assistiu_1a_aula
2211,renovou
3684,assistiu_1a_aula
3763,visitou_site
2262,visitou_site
4044,visitou_site
3773,criou_conta
4108,visitou_site
3626,visitou_site
1399,assistiu_1a_aula
3589,visitou_site
5751,visitou_site
1253,assistiu_1a_aula
5862,assistiu_1a_aula
4134,visitou_site
3293,assistiu_1a_aula
4082,assinou plano
1684,assistiu_1a_aula
1557,visitou_site
5592,visitou_site
5865,criou_conta
3611,criou_conta
5238,visitou_site
1566,assinou_plano
4416,visitou_site
3027,criou_conta
4966,assistiu_1a_aula
1746,visitou_site
2161,criou_conta
3059,visitou_site
4338,criou_conta
3494,renovou
3319,assistiu_1a_aula
5002,renovou
1303,assinou_plano
4024,assinou plano
5596,visitou_site
2649,renovou
1037,criou_conta
3338,assistiu_1a_aula
1522,Assinou_Plano
1203,visitou_site
1053,assistiu_1a_aula
5395,visitou_site
2653,assinou_plano
5923,visitou_site
2088,criou_conta
5107,assinou_plano
5710,visitou_site
1030,visitou_site
2922,assistiu_1a_aula
1104,criou_conta
3031,criou_conta
5454,criou_conta
3390,renovou
2594,assistiu_1a_aula
4509,visitou_site
1422,assistiu_1a_aula
2180,visitou_site
5133,assistiu_1a_aula
2476,assistiu_1a_aula
3123,visitou_site
2256,criou_conta
1003,criou_conta
2754,criou_conta
2134,criou_conta
1519,assistiu_1a_aula
5477,visitou_site
5856,visitou_site
2455,criou_conta
1867,criou_conta
1789,criou_conta
1107,assistiu_1a_aula
1418,criou_conta
5259,criou_conta
2373,Assinou_Plano
3600,criou_conta
3654,assinou plano
5649,assinou_plano
2206,visitou_site
4605,visitou_site
1331,assistiu_1a_aula
3774,visitou_site
5001,assistiu_1a_aula
2261,assistiu_1a_aula
4451,criou_conta
4072,assistiu_1a_aula
4418,visitou_site
2592,renovou
4391,visitou_site
3465,visitou_site
1417,criou_conta
4167,criou_conta
4119,visitou_site
3314,criou_conta
4697,assistiu_1a_aula
5446,assistiu_1a_aula
1093,assistiu_1a_aula
1976,visitou_site
4731,visitou_site
3637,criou_conta
2023,visitou_site
1356,criou_conta
4590,criou_conta
2815,visitou_site
4489,visitou_site
2789,visitou_site
5297,criou_conta
5013,assistiu_1a_aula
3313,visitou_site
1759,visitou_site
4745,criou_conta
2210,criou_conta
5525,criou_conta
1206,criou_conta
2677,criou_conta
2407,visitou_site
5745,assinou_plano
5038,criou_conta
4948,renovou
2611,criou_conta
5783,criou_conta
1241,assinou plano
2573,visitou_site
5131,assistiu_1a_aula
5131,assinou plano
1640,visitou_site
3081,Assinou_Plano
1938,renovou
5799,visitou_site
1992,visitou_site
1245,visitou_site
2193,criou_conta
2288,visitou_site
3381,visitou_site
5297,assistiu_1a_aula
5648,visitou_site
4669,visitou_site
3163,criou_conta
4923,criou_conta
2322,assistiu_1a_aula
2833,visitou_site
5471,visitou_site
1032,visitou_site
4278,visitou_site
5495,assistiu_1a_aula
4469,visitou_site
2590,visitou_site
1160,assistiu_1a_aula
5816,visitou_site
3223,visitou_site
5628,criou_conta
2009,criou_conta
5637,visitou_site
3551,assinou plano
5892,criou_conta
4274,assistiu_1a_aula
5612,visitou_site
5900,criou_conta
5708,visitou_site
5526,criou_conta
3707,criou_conta
3279,criou_conta
2503,visitou_site
3543,assistiu_1a_aula
1598,criou_conta
5013,visitou_site
1787,visitou_site
5285,assistiu_1a_aula
1540,criou_conta
5598,criou_conta
5712,criou_conta
2321,assinou_plano
1368,visitou_site
3123,criou_conta
2631,assistiu_1a_aula
2627,assistiu_1a_aula
4287,visitou_site
4295,visitou_site
1240,visitou_site
3214,visitou_site
4557,assistiu_1a_aula
1224,visitou_site
2327,assistiu_1a_aula
5346,criou_conta
2993,visitou_site
3204,renovou
3100,assistiu_1a_aula
1640,criou_conta
2959,renovou
3956,assistiu_1a_aula
5812,criou_conta
4744,visitou_site
2103,assistiu_1a_aula
5356,assistiu_1a_aula
4812,assistiu_1a_aula
4811,criou_conta
4110,assistiu_1a_aula
2722,criou_conta
3004,assistiu_1a_aula
3791,visitou_site
4222,assistiu_1a_aula
3920,visitou_site
2177,renovou
4874,assistiu_1a_aula
5586,assinou plano
5671,visitou_site
5430,visitou_site
5485,criou_conta
5643,criou_conta
3296,criou_conta
5960,criou_conta
2381,visitou_site
2898,assistiu_1a_aula
1004,criou_conta
5987,visitou_site
2145,assistiu_1a_aula
2724,visitou_site
1364,criou_conta
2831,visitou_site
5323,renovou
2017,visitou_site
5600,visitou_site
2077,criou_conta
3164,renovou
5609,criou_conta
2396,visitou_site
5723,criou_conta
4689,visitou_site
5877,visitou_site
1015,visitou_site
4447,assistiu_1a_aula
1930,assistiu_1a_aula
2810,assistiu_1a_aula
5865,visitou_site
2742,visitou_site
4637,visitou_site
5877,criou_conta
3141,assinou plano
5015,assistiu_1a_aula
3179,criou_conta
2600,assinou plano
1814,criou_conta
1690,criou_conta
4929,assistiu_1a_aula
4672,criou_conta
1952,visitou_site
3146,renovou
3112,assistiu_1a_aula
4326,Assinou_Plano
5504,Assinou_Plano
5274,renovou
1427,criou_conta
1450,visitou_site
2353,visitou_site
5679,criou_conta
3441,criou_conta
5042,visitou_site
2258,assistiu_1a_aula
4060,criou_conta
4092,visitou_site
1951,criou_conta
2597,assinou plano
5783,assistiu_1a_aula
5600,criou_conta
4960,criou_conta
4990,criou_conta
5170,Assinou_Plano
2216,assinou_plano
2281,renovou
5538,assistiu_1a_aula
2993,criou_conta
4164,visitou_site
3141,visitou_site
3034,visitou_site
3405,visitou_site
4736,assistiu_1a_aula
5243,visitou_site
3291,visitou_site
1329,visitou_site
4922,assinou plano
2026,assistiu_1a_aula
2028,criou_conta
3949,assistiu_1a_aula
1432,criou_conta
5164,visitou_site
4457,assistiu_1a_aula
5876,assinou_plano
3671,criou_conta
2998,criou_conta
5847,assinou_plano
5721,assistiu_1a_aula
2749,visitou_site
2511,assistiu_1a_aula
2832,assistiu_1a_aula
1726,criou_conta
1352,visitou_site
2990,assinou_plano
4447,assinou plano
5502,visitou_site
4622,assistiu_1a_aula
2209,renovou
4255,assistiu_1a_aula
1966,criou_conta
2019,renovou
2153,criou_conta
5983,visitou_site
2134,visitou_site
3327,assistiu_1a_aula
1563,criou_conta
5037,visitou_site
1912,assistiu_1a_aula
4011,assistiu_1a_aula
2410,visitou_site
3316,renovou
3046,visitou_site
4331,visitou_site
5167,visitou_site
3526,criou_conta
2234,visitou_site
3298,assistiu_1a_aula
3880,renovou
1645,visitou_site
5045,criou_conta
4953,criou_conta
3808,assistiu_1a_aula
2691,visitou_site
5773,criou_conta
2106,assistiu_1a_aula
5913,visitou_site
1172,criou_conta
3093,criou_conta
5322,assistiu_1a_aula
1393,visitou_site
4157,visitou_site
5825,assistiu_1a_aula
1452,visitou_site
1714,visitou_site
3024,criou_conta
2092,visitou_site
2980,visitou_site
2808,criou_conta
5838,assinou plano
4932,assinou plano
1591,visitou_site
3111,Assinou_Plano
4233,visitou_site
3128,visitou_site
5705,visitou_site
2688,visitou_site
4495,criou_conta
5355,assistiu_1a_aula
5479,assistiu_1a_aula
5129,assinou_plano
4154,criou_conta
5305,criou_conta
2576,assistiu_1a_aula
5124,visitou_site
5459,assistiu_1a_aula
2866,assistiu_1a_aula
4552,visitou_site
1433,criou_conta
2412,criou_conta
4663,assistiu_1a_aula
1622,criou_conta
5286,criou_conta
5590,visitou_site
4599,criou_conta
2962,visitou_site
2852,criou_conta
5608,criou_conta
4799,visitou_site
5330,visitou_site
3118,renovou
4795,renovou
3220,visitou_site
5325,visitou_site
1307,renovou
2890,visitou_site
3027,assistiu_1a_aula
5463,visitou_site
1403,assistiu_1a_aula
1780,assistiu_1a_aula
1967,visitou_site
4608,visitou_site
5632,assinou plano
1300,criou_conta
2429,assistiu_1a_aula
5971,visitou_site
4327,criou_conta
1036,criou_conta
4347,renovou
4965,criou_conta
1996,visitou_site
5874,visitou_site
1513,criou_conta
5416,criou_conta
5026,criou_conta
4459,visitou_site
1345,visitou_site
5419,criou_conta
2202,assistiu_1a_aula
2942,visitou_site
3452,assistiu_1a_aula
5504,visitou_site
3418,visitou_site
2962,assistiu_1a_aula
5322,assinou_plano
2641,criou_conta
2217,criou_conta
4541,criou_conta
1617,visitou_site
4218,assinou_plano
1766,criou_conta
3737,visitou_site
2140,assistiu_1a_aula
2393,visitou_site
3597,renovou
2205,renovou
4911,assistiu_1a_aula
3553,visitou_site
2692,renovou
5201,criou_conta
5159,criou_conta
2295,criou_conta
4642,Assinou_Plano
3897,visitou_site
4720,renovou
2602,visitou_site
3228,assinou_plano
5119,Assinou_Plano
1120,visitou_site
1019,renovou
5069,visitou_site
5929,visitou_site
5709,criou_conta
3277,assistiu_1a_aula
5104,criou_conta
2699,visitou_site
2118,visitou_site
5393,visitou_site
5455,visitou_site
4150,assistiu_1a_aula
4165,visitou_site
1021,visitou_site
4534,visitou_site
2726,criou_conta
5950,criou_conta
2975,assistiu_1a_aula
1521,criou_conta
2528,visitou_site
4902,criou_conta
5158,visitou_site
3519,visitou_site
5573,visitou_site
1647,visitou_site
3717,visitou_site
4645,criou_conta
2918,criou_conta
1502,visitou_site
4990,assistiu_1a_aula
4270,assinou plano
1303,assistiu_1a_aula
3111,renovou
5954,assistiu_1a_aula
5253,visitou_site
2535,visitou_site
3823,visitou_site
5238,criou_conta
5831,visitou_site
5064,assistiu_1a_aula
2924,visitou_site
5611,renovou
3927,criou_conta
4843,visitou_site
3822,visitou_site
5749,criou_conta
4635,visitou_site
4285,criou_conta
2520,assistiu_1a_aula
2325,assistiu_1a_aula
1878,visitou_site
4394,assinou_plano
1221,assistiu_1a_aula
4668,assistiu_1a_aula
5133,assinou plano
3574,assistiu_1a_aula
4325,Assinou_Plano
3834,assistiu_1a_aula
5806,assistiu_1a_aula
3061,assistiu_1a_aula
2552,criou_conta
3097,visitou_site
4514,visitou_site
3342,criou_conta
4188,assistiu_1a_aula
3405,assistiu_1a_aula
3603,assistiu_1a_aula
5834,assistiu_1a_aula
3456,criou_conta
4252,criou_conta
5223,visitou_site
2849,criou_conta
1707,assistiu_1a_aula
5393,criou_conta
3275,visitou_site
3606,visitou_site
1476,assistiu_1a_aula
5116,criou_conta
3358,visitou_site
4628,visitou_site
1346,visitou_site
1538,visitou_site
4229,visitou_site
1137,criou_conta
3014,criou_conta
5852,visitou_site
1831,Assinou_Plano
5505,criou_conta
3120,criou_conta
4382,criou_conta
2211,visitou_site
1881,visitou_site
4435,visitou_site
1881,assinou_plano
4279,criou_conta
3219,criou_conta
2796,visitou_site
4617,criou_conta
2824,criou_conta
2657,visitou_site
2012,visitou_site
5556,criou_conta
2781,visitou_site
2156,visitou_site
4864,visitou_site
4795,visitou_site
1549,assistiu_1a_aula
3114,visitou_site
3966,visitou_site
2597,assistiu_1a_aula
3174,visitou_site
2133,visitou_site
3644,assistiu_1a_aula
5628,assistiu_1a_aula
1135,assistiu_1a_aula
3064,assistiu_1a_aula
1342,criou_conta
2523,assistiu_1a_aula
3660,Assinou_Plano
3462,visitou_site
2540,visitou_site
1790,visitou_site
5830,visitou_site
3515,visitou_site
3102,assistiu_1a_aula
3675,criou_conta
3745,criou_conta
4449,assistiu_1a_aula
2862,criou_conta
2198,visitou_site
5904,assistiu_1a_aula
4120,criou_conta
5895,criou_conta
1947,visitou_site
3076,assistiu_1a_aula
3299,visitou_site
4560,assistiu_1a_aula
1445,assistiu_1a_aula
1795,assistiu_1a_aula
2480,visitou_site
1226,visitou_site
1882,criou_conta
1467,renovou
4381,visitou_site
2042,criou_conta
1750,visitou_site
5255,Assinou_Plano
3426,assinou plano
1209,assistiu_1a_aula
3256,criou_conta
5990,Assinou_Plano
4054,criou_conta
2860,assistiu_1a_aula
3164,assinou_plano
1475,visitou_site
2318,visitou_site
1010,assistiu_1a_aula
4452,assistiu_1a_aula
1380,renovou
5197,assistiu_1a_aula
2923,criou_conta
5440,assistiu_1a_aula
2294,visitou_site
5229,criou_conta
1220,assistiu_1a_aula
3668,criou_conta
2981,visitou_site
4979,assinou_plano
4130,visitou_site
1733,visitou_site
2768,assistiu_1a_aula
5603,visitou_site
4501,assistiu_1a_aula
3042,visitou_site
1045,visitou_site
3162,criou_conta
3102,criou_conta
3670,assistiu_1a_aula
5635,criou_conta
1736,criou_conta
4057,criou_conta
5050,visitou_site
1998,assistiu_1a_aula
2553,visitou_site
2747,visitou_site
3118,assistiu_1a_aula
3187,assistiu_1a_aula
1134,visitou_site
5456,criou_conta
2816,criou_conta
2173,criou_conta
3910,assistiu_1a_aula
3084,assinou plano
4461,Assinou_Plano
5712,visitou_site
1677,criou_conta
3041,criou_conta
1496,visitou_site
1581,criou_conta
5004,visitou_site
4343,visitou_site
5566,criou_conta
1334,criou_conta
5545,visitou_site
4556,criou_conta
1638,renovou
4675,assinou plano
5611,visitou_site
5184,visitou_site
1518,assistiu_1a_aula
3517,visitou_site
5919,visitou_site
1308,visitou_site
2942,assistiu_1a_aula
1278,criou_conta
3030,criou_conta
4534,criou_conta
2923,renovou
2337,visitou_site
2858,visitou_site
3449,visitou_site
1227,criou_conta
3377,assistiu_1a_aula
3304,visitou_site
4274,visitou_site
1783,assinou_plano
5648,criou_conta
3802,criou_conta
1834,visitou_site
2690,criou_conta
2258,renovou
4719,visitou_site
1293,assinou_plano
3439,criou_conta
2814,visitou_site
4576,assistiu_1a_aula
2070,criou_conta
1213,visitou_site
4555,visitou_site
4303,visitou_site
3989,visitou_site
1399,criou_conta
3987,criou_conta
1933,Assinou_Plano
1812,visitou_site
3368,visitou_site
1807,assistiu_1a_aula
4595,assinou plano
2955,criou_conta
1187,visitou_site
3005,assistiu_1a_aula
1877,assinou plano
2381,assistiu_1a_aula
1747,criou_conta
4605,Assinou_Plano
1353,criou_conta
5115,visitou_site
5933,assinou plano
5122,assistiu_1a_aula
2194,assistiu_1a_aula
5431,criou_conta
4694,assistiu_1a_aula
4504,assistiu_1a_aula
1661,visitou_site
5765,visitou_site
3426,criou_conta
1379,assistiu_1a_aula
1288,assistiu_1a_aula
5114,visitou_site
5843,visitou_site
2689,visitou_site
3414,criou_conta
1188,criou_conta
1512,visitou_site
4059,visitou_site
4109,assistiu_1a_aula
1255,criou_conta
4685,criou_conta
2325,visitou_site
4673,visitou_site
5520,visitou_site
3198,visitou_site
5171,criou_conta
5683,visitou_site
3616,assinou_plano
4789,criou_conta
2103,assinou plano
1884,assistiu_1a_aula
3124,visitou_site
1652,visitou_site
3906,visitou_site
4831,visitou_site
3834,visitou_site
4406,criou_conta
4737,assistiu_1a_aula
3963,visitou_site
1705,criou_conta
4586,visitou_site
3444,criou_conta
3783,visitou_site
2611,assistiu_1a_aula
4884,visitou_site
4814,assistiu_1a_aula
3537,visitou_site
4056,visitou_site
5070,criou_conta
1132,assistiu_1a_aula
3063,visitou_site
1587,visitou_site
1249,criou_conta
2751,assistiu_1a_aula
2162,renovou
5112,criou_conta
3779,visitou_site
1867,assistiu_1a_aula
3012,renovou
5766,renovou
2983,renovou
3571,assistiu_1a_aula
3947,visitou_site
5340,renovou
2110,criou_conta
3355,visitou_site
4384,assistiu_1a_aula
1679,assistiu_1a_aula
1564,visitou_site
1653,visitou_site
3403,criou_conta
1761,criou_conta
2714,criou_conta
1476,visitou_site
5255,visitou_site
1481,visitou_site
5561,criou_conta
4931,criou_conta
4642,criou_conta
3327,criou_conta
2002,visitou_site
3164,assistiu_1a_aula
1175,visitou_site
2939,visitou_site
1331,renovou
4805,assistiu_1a_aula
5670,criou_conta
3105,visitou_site
4121,criou_conta
1376,criou_conta
2849,Assinou_Plano
5752,visitou_site
3625,visitou_site
5359,assistiu_1a_aula
5501,assistiu_1a_aula
4917,criou_conta
5359,visitou_site
5403,criou_conta
1838,assistiu_1a_aula
2237,visitou_site
3379,visitou_site
4246,visitou_site
4649,visitou_site
4837,criou_conta
5328,visitou_site
1219,visitou_site
4523,criou_conta
3851,criou_conta
2175,renovou
3166,assistiu_1a_aula
4712,renovou
5217,visitou_site
5815,criou_conta
2768,visitou_site
5032,visitou_site
3984,visitou_site
1812,assinou_plano
4403,visitou_site
1883,assistiu_1a_aula
4047,assistiu_1a_aula
1617,criou_conta
5933,renovou
1372,visitou_site
3163,visitou_site
2219,visitou_site
5338,assinou_plano
1426,assistiu_1a_aula
4148,assistiu_1a_aula
4020,visitou_site
2582,assistiu_1a_aula
1042,renovou
3370,assistiu_1a_aula
1813,visitou_site
4689,criou_conta
5410,criou_conta
3900,assinou_plano
5333,visitou_site
3735,assistiu_1a_aula
1078,visitou_site
1044,criou_conta
3482,visitou_site
5826,visitou_site
5336,criou_conta
5145,visitou_site
2608,visitou_site
3695,renovou
1028,criou_conta
3226,criou_conta
5885,assistiu_1a_aula
3538,visitou_site
3131,visitou_site
2029,visitou_site
2318,assistiu_1a_aula
3027,visitou_site
1300,visitou_site
4030,assistiu_1a_aula
1932,visitou_site
5153,criou_conta
1938,criou_conta
3562,Assinou_Plano
5966,assinou_plano
2940,criou_conta
2404,visitou_site
3872,visitou_site
3737,criou_conta
5731,visitou_site
4117,visitou_site
2389,visitou_site
3229,visitou_site
3400,visitou_site
3223,criou_conta
4890,criou_conta
4800,Assinou_Plano
3538,assistiu_1a_aula
5570,visitou_site
1438,visitou_site
3070,renovou
3221,visitou_site
3929,criou_conta
2756,criou_conta
5968,assistiu_1a_aula
5556,visitou_site
1638,criou_conta
5886,assinou plano
4046,criou_conta
4063,criou_conta
4135,visitou_site
3744,visitou_site
3904,criou_conta
3110,criou_conta
3685,visitou_site
4341,criou_conta
2236,visitou_site
3896,assistiu_1a_aula
5876,renovou
1359,assistiu_1a_aula
5397,assistiu_1a_aula
5317,visitou_site
2547,visitou_site
5458,visitou_site
5913,Assinou_Plano
5027,criou_conta
4074,criou_conta
1553,criou_conta
5876,visitou_site
5015,criou_conta
5998,visitou_site
4821,visitou_site
4813,assistiu_1a_aula
2834,assistiu_1a_aula
4142,visitou_site
2409,criou_conta
1695,visitou_site
2864,visitou_site
3012,assistiu_1a_aula
1275,assistiu_1a_aula
3014,renovou
5701,visitou_site
2235,criou_conta
5197,assinou_plano
2344,assinou_plano
1209,visitou_site
3967,criou_conta
3516,assistiu_1a_aula
4178,criou_conta
4125,criou_conta
4441,criou_conta
5729,visitou_site
4522,criou_conta
3331,visitou_site
4477,assistiu_1a_aula
2455,Assinou_Plano
2907,visitou_site
2450,Assinou_Plano
3184,assistiu_1a_aula
2521,assistiu_1a_aula
1881,assistiu_1a_aula
3330,visitou_site
5287,criou_conta
4119,assistiu_1a_aula
3886,visitou_site
5981,visitou_site
3934,assistiu_1a_aula
4167,assistiu_1a_aula
4693,visitou_site
1180,assistiu_1a_aula
2754,visitou_site
3110,visitou_site
1489,assinou_plano
2652,assistiu_1a_aula
5608,assinou_plano
5122,criou_conta
2773,renovou
3618,criou_conta
3382,visitou_site
1237,assistiu_1a_aula
5649,assistiu_1a_aula
4662,visitou_site
2173,renovou
4446,assistiu_1a_aula
2637,criou_conta
2373,criou_conta
2891,assistiu_1a_aula
3957,assinou plano
3750,renovou
4067,criou_conta
4655,assistiu_1a_aula
4762,visitou_site
2310,visitou_site
1403,criou_conta
2948,criou_conta
5082,assinou_plano
4193,visitou_site
4248,Assinou_Plano
4436,visitou_site
2527,assistiu_1a_aula
2973,assistiu_1a_aula
2820,visitou_site
3062,assistiu_1a_aula
5152,criou_conta
1135,visitou_site
1818,visitou_site
2133,criou_conta
1526,Assinou_Plano
5775,assistiu_1a_aula
5873,visitou_site
2240,criou_conta
3131,criou_conta
2746,assistiu_1a_aula
3633,assistiu_1a_aula
1393,criou_conta
3218,visitou_site
2638,renovou
1955,visitou_site
4188,criou_conta
2945,visitou_site
5178,assistiu_1a_aula
5350,criou_conta
2332,assistiu_1a_aula
2771,visitou_site
4651,visitou_site
5890,criou_conta
4085,visitou_site
1786,criou_conta
2672,criou_conta
2468,visitou_site
4287,criou_conta
2653,visitou_site
4457,visitou_site
1478,assinou_plano
2329,visitou_site
1164,criou_conta
2391,assistiu_1a_aula
1622,visitou_site
1493,assinou plano
5840,criou_conta
2927,visitou_site
5744,assinou plano
5390,criou_conta
3422,assistiu_1a_aula
4628,assinou plano
3848,visitou_site
1101,criou_conta
2751,assinou_plano
4595,criou_conta
3535,criou_conta
3359,assistiu_1a_aula
5414,visitou_site
3013,visitou_site
1908,assistiu_1a_aula
4823,visitou_site
3717,assistiu_1a_aula
4977,assinou_plano
4773,visitou_site
5980,assinou plano
4832,Assinou_Plano
5075,assinou_plano
2200,criou_conta
5022,visitou_site
3530,visitou_site
2950,Assinou_Plano
4933,assistiu_1a_aula
1788,visitou_site
5184,assistiu_1a_aula
2673,criou_conta
4162,visitou_site
4161,assistiu_1a_aula
4984,visitou_site
5715,assistiu_1a_aula
5767,visitou_site
1844,visitou_site
5640,visitou_site
4875,visitou_site
3153,assistiu_1a_aula
3102,Assinou_Plano
4399,visitou_site
1724,renovou
3226,visitou_site
3494,assistiu_1a_aula
2564,criou_conta
3203,visitou_site
3076,criou_conta
5430,assistiu_1a_aula
3992,criou_conta
3500,visitou_site
1053,visitou_site
4791,visitou_site
3557,criou_conta
1205,assistiu_1a_aula
3473,visitou_site
3567,visitou_site
1753,visitou_site
2031,visitou_site
3393,assistiu_1a_aula
3979,criou_conta
3333,visitou_site
2325,renovou
2482,assistiu_1a_aula
3233,criou_conta
5273,criou_conta
5322,criou_conta
4223,assistiu_1a_aula
5457,visitou_site
1205,renovou
2782,visitou_site
4566,visitou_site
2341,visitou_site
5078,visitou_site
2223,assinou_plano
3255,criou_conta
1028,visitou_site
5405,assistiu_1a_aula
5893,criou_conta
2741,visitou_site
2708,criou_conta
3551,criou_conta
2560,visitou_site
1449,assistiu_1a_aula
4102,criou_conta
4587,visitou_site
4326,renovou
2019,criou_conta
5692,visitou_site
5199,assistiu_1a_aula
3311,criou_conta
4685,visitou_site
2517,visitou_site
1629,visitou_site
4741,criou_conta
1134,assistiu_1a_aula
5007,visitou_site
3107,visitou_site
5301,criou_conta
2378,criou_conta
5481,visitou_site
4938,assistiu_1a_aula
3945,assistiu_1a_aula
2647,visitou_site
1889,criou_conta
3576,renovou
3234,criou_conta
1099,visitou_site
3016,visitou_site
2386,assistiu_1a_aula
1607,criou_conta
5615,criou_conta
4789,visitou_site
5927,assinou_plano
2315,visitou_site
3051,visitou_site
4503,assinou_plano
5633,visitou_site
1743,visitou_site
2619,visitou_site
1553,Assinou_Plano
1978,assistiu_1a_aula
2296,visitou_site
1596,visitou_site
2562,visitou_site
3371,criou_conta
5051,assistiu_1a_aula
5639,assistiu_1a_aula
2912,assinou plano
2028,visitou_site
2953,visitou_site
4924,criou_conta
2952,assistiu_1a_aula
5793,criou_conta
1305,visitou_site
5334,criou_conta
5081,criou_conta
4915,assistiu_1a_aula
4105,visitou_site
5668,criou_conta
1181,visitou_site
3033,visitou_site
2555,renovou
4896,renovou
5115,criou_conta
2879,visitou_site
5661,criou_conta
5096,visitou_site
2831,criou_conta
1136,criou_conta
2035,assinou plano
2729,criou_conta
1481,renovou
1608,visitou_site
3054,visitou_site
4071,assinou plano
1927,visitou_site
3323,renovou
3012,visitou_site
5597,assistiu_1a_aula
3607,criou_conta
2920,criou_conta
5687,visitou_site
3830,assistiu_1a_aula
5879,criou_conta
2682,criou_conta
5196,criou_conta
3555,criou_conta
4661,visitou_site
1539,criou_conta
5659,visitou_site
4461,criou_conta
4245,renovou
1360,Assinou_Plano
2803,assistiu_1a_aula
3317,criou_conta
3058,visitou_site
3010,criou_conta
3609,assistiu_1a_aula
5821,visitou_site
3528,visitou_site
4614,assinou_plano
3828,criou_conta
3305,visitou_site
4795,assistiu_1a_aula
1740,criou_conta
5560,visitou_site
2614,criou_conta
3790,visitou_site
4252,visitou_site
4954,criou_conta
4334,visitou_site
5700,assistiu_1a_aula
5875,visitou_site
4785,visitou_site
5773,assistiu_1a_aula
3901,criou_conta
1729,criou_conta
4403,criou_conta
4576,renovou
2640,assinou_plano
3403,assistiu_1a_aula
1567,visitou_site
3996,visitou_site
4480,criou_conta
3036,visitou_site
1465,criou_conta
5779,visitou_site
4214,visitou_site
3974,visitou_site
3137,criou_conta
5920,visitou_site
4245,assistiu_1a_aula
1987,assistiu_1a_aula
4153,visitou_site
3611,assistiu_1a_aula
1864,visitou_site
3995,visitou_site
3186,assistiu_1a_aula
3931,assinou_plano
4837,assistiu_1a_aula
3669,criou_conta
5252,criou_conta
5156,assistiu_1a_aula
3339,assistiu_1a_aula
3657,criou_conta
1771,criou_conta
2696,visitou_site
2669,visitou_site
5667,criou_conta
1474,visitou_site
5132,visitou_site
2294,criou_conta
1528,visitou_site
2307,renovou
3489,assistiu_1a_aula
5062,visitou_site
1170,visitou_site
1001,criou_conta
1818,assistiu_1a_aula
5772,criou_conta
5172,visitou_site
2924,assinou_plano
5696,assistiu_1a_aula
5264,visitou_site
5866,criou_conta
1243,assistiu_1a_aula
1987,visitou_site
5297,visitou_site
2371,assistiu_1a_aula
2827,criou_conta
2692,visitou_site
5117,visitou_site
1071,visitou_site
4167,assinou plano
5730,assistiu_1a_aula
3057,criou_conta
5674,visitou_site
1897,criou_conta
1319,criou_conta
1858,criou_conta
3354,visitou_site
4307,criou_conta
4528,visitou_site
1550,visitou_site
5133,visitou_site
1464,visitou_site
3516,criou_conta
5861,assistiu_1a_aula
2929,visitou_site
1378,visitou_site
1200,assistiu_1a_aula
3049,visitou_site
1916,criou_conta
4618,assistiu_1a_aula
2344,assistiu_1a_aula
4937,criou_conta
5093,assistiu_1a_aula
5238,assistiu_1a_aula
4404,visitou_site
3323,assinou_plano
4639,visitou_site
3188,criou_conta
5771,assinou plano
5597,renovou
1093,criou_conta
5275,Assinou_Plano
2105,assistiu_1a_aula
1515,assistiu_1a_aula
5997,visitou_site
1049,visitou_site
3133,visitou_site
3595,visitou_site
5533,visitou_site
1039,visitou_site
1823,visitou_site
3825,visitou_site
2690,assistiu_1a_aula
4796,criou_conta
5937,visitou_site
5009,criou_conta
4010,assistiu_1a_aula
1985,assistiu_1a_aula
4636,Assinou_Plano
3231,assistiu_1a_aula
5600,assistiu_1a_aula
3724,criou_conta
4139,criou_conta
3944,visitou_site
2683,visitou_site
2722,renovou
1614,visitou_site
4753,criou_conta
1812,renovou
2299,assistiu_1a_aula
5752,criou_conta
2894,visitou_site
4336,visitou_site
2733,assistiu_1a_aula
4967,criou_conta
4321,visitou_site
4334,criou_conta
2257,visitou_site
3819,assistiu_1a_aula
4492,visitou_site
3505,criou_conta
2183,criou_conta
5774,criou_conta
2615,visitou_site
1331,criou_conta
4093,criou_conta
5677,visitou_site
5750,visitou_site
5974,assistiu_1a_aula
4177,criou_conta
3273,criou_conta
1981,visitou_site
3559,renovou
5642,visitou_site
1145,criou_conta
4961,assistiu_1a_aula
5647,visitou_site
4752,visitou_site
3075,assistiu_1a_aula
2829,criou_conta
3982,criou_conta
1974,assistiu_1a_aula
1232,visitou_site
2379,assistiu_1a_aula
5327,criou_conta
4397,visitou_site
4346,visitou_site
4582,visitou_site
5912,visitou_site
1854,visitou_site
5101,visitou_site
4663,assinou_plano
2948,visitou_site
3249,assistiu_1a_aula
5366,visitou_site
3328,visitou_site
1022,visitou_site
4003,visitou_site
5658,visitou_site
2271,visitou_site
4418,criou_conta
4015,visitou_site
2915,visitou_site
4629,visitou_site
5177,visitou_site
2659,criou_conta
3345,visitou_site
3248,assistiu_1a_aula
5967,visitou_site
1354,criou_conta
3798,visitou_site
5476,visitou_site
1232,assistiu_1a_aula
4268,visitou_site
4308,visitou_site
3340,visitou_site
5886,visitou_site
1655,Assinou_Plano
5762,visitou_site
4828,visitou_site
5942,assistiu_1a_aula
2223,renovou
2343,assistiu_1a_aula
1347,criou_conta
5028,visitou_site
4822,criou_conta
3648,criou_conta
4561,criou_conta
2946,visitou_site
1845,criou_conta
3137,assinou_plano
4855,visitou_site
1408,assistiu_1a_aula
4016,criou_conta
3271,criou_conta
5120,assinou plano
1991,visitou_site
4545,visitou_site
1127,assistiu_1a_aula
2647,assistiu_1a_aula
3977,renovou
4489,assistiu_1a_aula
3316,Assinou_Plano
4045,visitou_site
2195,criou_conta
4051,assistiu_1a_aula
3433,criou_conta
2295,Assinou_Plano
4285,visitou_site
2424,assistiu_1a_aula
1194,assistiu_1a_aula
2385,assistiu_1a_aula
5030,Assinou_Plano
2735,criou_conta
1650,visitou_site
5433,visitou_site
1768,assistiu_1a_aula
3890,renovou
3305,criou_conta
5932,visitou_site
5279,assistiu_1a_aula
4297,visitou_site
1124,visitou_site
5752,assistiu_1a_aula
4369,visitou_site
1283,visitou_site
4632,assistiu_1a_aula
1615,visitou_site
1230,assistiu_1a_aula
3388,renovou
1660,assistiu_1a_aula
4198,assinou plano
3393,criou_conta
3758,criou_conta
2016,assistiu_1a_aula
4955,visitou_site
5651,visitou_site
4465,criou_conta
2442,visitou_site
2415,visitou_site
2338,visitou_site
2529,assistiu_1a_aula
1478,criou_conta
5701,criou_conta
3285,visitou_site
5479,visitou_site
5555,assistiu_1a_aula
3317,assistiu_1a_aula
2215,criou_conta
4046,visitou_site
5827,renovou
3259,visitou_site
2522,criou_conta
2112,criou_conta
3280,criou_conta
1439,visitou_site
1467,assistiu_1a_aula
3514,criou_conta
5210,visitou_site
4885,visitou_site
1354,visitou_site
1301,visitou_site
2472,criou_conta
3770,criou_conta
1602,visitou_site
4115,assistiu_1a_aula
2094,criou_conta
1222,criou_conta
3040,visitou_site
4344,assistiu_1a_aula
2123,visitou_site
2366,criou_conta
4123,assinou_plano
4387,criou_conta
4961,criou_conta
1440,criou_conta
4047,Assinou_Plano
5127,visitou_site
3309,criou_conta
5587,visitou_site
1433,assistiu_1a_aula
3655,assistiu_1a_aula
5076,visitou_site
4245,criou_conta
5901,visitou_site
5900,renovou
1878,assistiu_1a_aula
3891,criou_conta
2213,criou_conta
3430,visitou_site
3650,visitou_site
2283,criou_conta
5431,visitou_site
5689,assistiu_1a_aula
1941,assistiu_1a_aula
1414,visitou_site
3437,visitou_site
1308,criou_conta
1765,criou_conta
3481,assistiu_1a_aula
2325,criou_conta
4086,renovou
2068,assinou plano
3631,assistiu_1a_aula
3063,criou_conta
4815,visitou_site
5133,criou_conta
1275,visitou_site
2320,visitou_site
1197,visitou_site
1220,visitou_site
3451,visitou_site
2274,criou_conta
2727,visitou_site
3643,visitou_site
2339,visitou_site
1059,assistiu_1a_aula
2555,assistiu_1a_aula
2477,criou_conta
5117,assistiu_1a_aula
2817,assinou plano
1831,renovou
1569,criou_conta
4880,visitou_site
4407,visitou_site
5630,assistiu_1a_aula
3977,assistiu_1a_aula
1420,criou_conta
1390,assistiu_1a_aula
5625,criou_conta
1680,criou_conta
2982,assistiu_1a_aula
3660,visitou_site
5286,Assinou_Plano
4521,criou_conta
1638,assistiu_1a_aula
3006,assistiu_1a_aula
4067,renovou
2620,criou_conta
4656,visitou_site
2918,visitou_site
4867,assistiu_1a_aula
5012,assistiu_1a_aula
2068,criou_conta
2756,visitou_site
3047,assistiu_1a_aula
5279,criou_conta
3107,criou_conta
3870,visitou_site
2841,visitou_site
2255,criou_conta
4740,visitou_site
3401,assinou plano
3490,criou_conta
1333,assistiu_1a_aula
1776,visitou_site
1304,criou_conta
4089,assistiu_1a_aula
5325,criou_conta
2061,assistiu_1a_aula
2896,visitou_site
5726,visitou_site
3634,assistiu_1a_aula
3733,criou_conta
3937,criou_conta
1694,visitou_site
2103,visitou_site
4954,visitou_site
4448,assistiu_1a_aula
5416,visitou_site
1809,criou_conta
5392,criou_conta
4505,visitou_site
3490,visitou_site
5056,visitou_site
4691,visitou_site
2352,visitou_site
3346,visitou_site
3212,assistiu_1a_aula
1685,visitou_site
4584,criou_conta
1312,criou_conta
5792,visitou_site
4625,visitou_site
3214,Assinou_Plano
3076,visitou_site
4652,assistiu_1a_aula
1167,visitou_site
5689,visitou_site
1777,visitou_site
4687,criou_conta
5427,visitou_site
4916,criou_conta
1998,renovou
2210,assistiu_1a_aula
5275,assistiu_1a_aula
4935,criou_conta
5180,visitou_site
2034,assistiu_1a_aula
1282,visitou_site
5051,visitou_site
2117,visitou_site
3424,visitou_site
3901,assistiu_1a_aula
3441,visitou_site
2004,renovou
2807,assinou_plano
5338,assistiu_1a_aula
2527,renovou
2498,visitou_site
2704,criou_conta
4667,criou_conta
1728,visitou_site
1907,assinou plano
3880,criou_conta
3386,criou_conta
1455,assistiu_1a_aula
4650,visitou_site
2059,assinou_plano
3070,visitou_site
5934,assistiu_1a_aula
2843,criou_conta
2276,visitou_site
3766,assinou_plano
1540,assistiu_1a_aula
2094,visitou_site
2613,visitou_site
2233,visitou_site
1682,assistiu_1a_aula
4291,assistiu_1a_aula
3279,assistiu_1a_aula
5715,visitou_site
4323,assistiu_1a_aula
4133,visitou_site
4145,criou_conta
3560,visitou_site
2846,visitou_site
5162,visitou_site
1727,visitou_site
3717,renovou
2408,visitou_site
5392,visitou_site
2511,visitou_site
2490,visitou_site
1987,Assinou_Plano
2164,criou_conta
2938,visitou_site
4206,visitou_site
4269,assistiu_1a_aula
1672,criou_conta
3120,visitou_site
3874,visitou_site
1715,assistiu_1a_aula
1980,criou_conta
3204,visitou_site
4333,renovou
3709,assistiu_1a_aula
4935,visitou_site
3086,assinou plano
2746,visitou_site
5675,visitou_site
1913,visitou_site
2836,visitou_site
5082,criou_conta
2022,criou_conta
3197,visitou_site
4230,visitou_site
2670,assistiu_1a_aula
1524,visitou_site
2284,visitou_site
2572,visitou_site
1839,assistiu_1a_aula
2429,renovou
3559,Assinou_Plano
2944,criou_conta
4408,criou_conta
1055,criou_conta
3901,visitou_site
1028,renovou
2513,visitou_site
3155,visitou_site
3077,assistiu_1a_aula
1304,assinou_plano
5616,visitou_site
1318,renovou
4723,assistiu_1a_aula
5695,visitou_site
1783,criou_conta
5456,visitou_site
4775,visitou_site
5665,visitou_site
5126,visitou_site
5757,visitou_site
3445,renovou
1083,visitou_site
3118,assinou plano
3243,visitou_site
3223,assistiu_1a_aula
1956,criou_conta
5309,criou_conta
5118,assinou_plano
3407,visitou_site
5085,criou_conta
3796,visitou_site
5503,criou_conta
3722,criou_conta
5097,criou_conta
5746,renovou
3249,visitou_site
5749,visitou_site
1899,assinou_plano
3032,visitou_site
4646,renovou
2738,visitou_site
2397,assistiu_1a_aula
2056,assistiu_1a_aula
1269,visitou_site
4338,visitou_site
1757,visitou_site
1118,criou_conta
2143,Assinou_Plano
4326,assistiu_1a_aula
1130,visitou_site
3642,Assinou_Plano
3129,assistiu_1a_aula
4694,criou_conta
1077,visitou_site
2334,assistiu_1a_aula
5985,Assinou_Plano
3382,criou_conta
2992,visitou_site
4957,visitou_site
1747,visitou_site
3944,criou_conta
2224,Assinou_Plano
5522,visitou_site
5621,visitou_site
3672,visitou_site
4981,visitou_site
3236,visitou_site
3677,visitou_site
5764,Assinou_Plano
1276,visitou_site
3614,assistiu_1a_aula
5252,assinou_plano
1658,visitou_site
3536,criou_conta
5990,visitou_site
5173,criou_conta
5248,visitou_site
2229,visitou_site
4294,visitou_site
1425,criou_conta
5743,assistiu_1a_aula
5911,criou_conta
3420,visitou_site
2144,Assinou_Plano
5272,visitou_site
2475,assistiu_1a_aula
3768,visitou_site
3046,criou_conta
2664,visitou_site
5907,visitou_site
1630,visitou_site
2394,visitou_site
3009,renovou
3357,criou_conta
3689,criou_conta
1388,visitou_site
2004,assistiu_1a_aula
3416,assistiu_1a_aula
5121,assinou plano
1194,assinou_plano
3246,visitou_site
3931,renovou
3524,visitou_site
1979,assistiu_1a_aula
1755,visitou_site
2743,visitou_site
1325,visitou_site
1093,visitou_site
1782,assistiu_1a_aula
3272,visitou_site
3977,assinou plano
3733,assistiu_1a_aula
1347,visitou_site
5113,assistiu_1a_aula
4392,assinou plano
1935,visitou_site
3297,criou_conta
3907,assistiu_1a_aula
5001,visitou_site
1056,visitou_site
4418,renovou
5508,visitou_site
5046,visitou_site
2849,assistiu_1a_aula
4535,assinou_plano
2988,criou_conta
1040,visitou_site
3495,assistiu_1a_aula
1540,renovou
3506,assinou plano
4123,visitou_site
2855,assistiu_1a_aula
4278,assistiu_1a_aula
4956,visitou_site
5349,visitou_site
4945,visitou_site
1335,criou_conta
3619,visitou_site
4598,criou_conta
4316,visitou_site
1824,criou_conta
4728,assistiu_1a_aula
4124,visitou_site
4320,criou_conta
1918,visitou_site
3905,assistiu_1a_aula
1949,criou_conta
4755,visitou_site
2161,visitou_site
5878,renovou
2809,criou_conta
5862,visitou_site
3616,visitou_site
4860,criou_conta
1432,assinou_plano
3063,assistiu_1a_aula
2783,visitou_site
2150,visitou_site
5683,assistiu_1a_aula
3453,criou_conta
4622,visitou_site
2690,visitou_site
4978,criou_conta
3604,visitou_site
2128,criou_conta
4623,visitou_site
2002,criou_conta
4908,Assinou_Plano
3661,visitou_site
4526,visitou_site
2425,visitou_site
5118,visitou_site
5648,assistiu_1a_aula
4733,visitou_site
4055,criou_conta
1473,renovou
3437,criou_conta
3476,renovou
2272,assistiu_1a_aula
5599,visitou_site
3844,visitou_site
3940,criou_conta
5051,criou_conta
2882,visitou_site
3327,renovou
4251,criou_conta
4224,visitou_site
4217,assistiu_1a_aula
5395,assistiu_1a_aula
3958,visitou_site
1585,assistiu_1a_aula
3178,criou_conta
5075,assistiu_1a_aula
5470,visitou_site
4368,Assinou_Plano
4883,visitou_site
2142,criou_conta
5607,visitou_site
3939,assistiu_1a_aula
4205,visitou_site
5639,criou_conta
2956,visitou_site
1435,visitou_site
4541,assinou_plano
4397,renovou
5434,renovou
4443,visitou_site
4178,assistiu_1a_aula
2001,visitou_site
4958,visitou_site
2591,assistiu_1a_aula
2975,visitou_site
1331,assinou plano
2297,criou_conta
5737,criou_conta
1986,assistiu_1a_aula
1328,assistiu_1a_aula
2670,visitou_site
2913,assistiu_1a_aula
2527,visitou_site
4982,visitou_site
4823,assistiu_1a_aula
1742,criou_conta
2874,visitou_site
5819,assistiu_1a_aula
2109,criou_conta
1404,visitou_site
4907,assinou plano
2820,criou_conta
1944,criou_conta
3161,visitou_site
1945,criou_conta
4951,assistiu_1a_aula
1184,criou_conta
1023,visitou_site
4417,assistiu_1a_aula
1286,visitou_site
2739,criou_conta
5542,visitou_site
2199,criou_conta
4840,criou_conta
5793,assistiu_1a_aula
5948,visitou_site
5000,renovou
4787,assistiu_1a_aula
5108,visitou_site
1260,visitou_site
1350,assistiu_1a_aula
5985,assistiu_1a_aula
2924,assistiu_1a_aula
3484,visitou_site
1180,criou_conta
5933,criou_conta
5749,assistiu_1a_aula
1405,renovou
3453,visitou_site
3940,visitou_site
2813,assistiu_1a_aula
2008,visitou_site
3343,criou_conta
5525,visitou_site
5061,assistiu_1a_aula
1847,criou_conta
5305,renovou
3310,visitou_site
3756,visitou_site
1001,visitou_site
4840,visitou_site
1403,renovou
5860,criou_conta
3988,visitou_site
1728,criou_conta
2976,assistiu_1a_aula
3541,assistiu_1a_aula
2981,renovou
2933,criou_conta
3714,criou_conta
4695,criou_conta
4863,assinou plano
1454,visitou_site
4023,assistiu_1a_aula
3158,assistiu_1a_aula
4585,criou_conta
3142,visitou_site
2552,assistiu_1a_aula
5583,assinou plano
2056,visitou_site
3846,criou_conta
2617,visitou_site
3617,criou_conta
2866,criou_conta
1068,visitou_site
2049,visitou_site
4705,criou_conta
3230,visitou_site
3858,assistiu_1a_aula
5886,criou_conta
4088,assistiu_1a_aula
4337,renovou
3052,assistiu_1a_aula
3918,criou_conta
1870,visitou_site
3048,Assinou_Plano
1242,Assinou_Plano
3743,criou_conta
3526,visitou_site
3847,criou_conta
4746,renovou
5292,visitou_site
2719,visitou_site
2139,assinou plano
5226,visitou_site
3925,assistiu_1a_aula
2714,visitou_site
5864,visitou_site
5829,criou_conta
3262,assinou_plano
1114,assistiu_1a_aula
1131,visitou_site
1657,visitou_site
2459,visitou_site
1004,renovou
1726,visitou_site
4410,criou_conta
4816,criou_conta
5404,visitou_site
5774,visitou_site
5374,Assinou_Plano
4270,visitou_site
3617,visitou_site
3962,assinou plano
3636,assinou plano
2453,criou_conta
2593,visitou_site
4580,visitou_site
5634,criou_conta
3374,criou_conta
2820,assistiu_1a_aula
5123,criou_conta
2560,criou_conta
5712,assistiu_1a_aula
2821,assistiu_1a_aula
1085,criou_conta
5064,criou_conta
3660,criou_conta
4315,criou_conta
5154,assistiu_1a_aula
2818,assistiu_1a_aula
1249,assistiu_1a_aula
1938,assistiu_1a_aula
3599,criou_conta
4374,criou_conta
3351,assistiu_1a_aula
1162,assistiu_1a_aula
5867,visitou_site
5352,assinou_plano
3116,visitou_site
1261,visitou_site
5538,visitou_site
2953,assistiu_1a_aula
5934,Assinou_Plano
1359,visitou_site
5664,assistiu_1a_aula
4222,criou_conta
5127,criou_conta
5101,criou_conta
1358,criou_conta
5410,assistiu_1a_aula
3265,assistiu_1a_aula
4651,criou_conta
2751,visitou_site
1522,assistiu_1a_aula
1598,assistiu_1a_aula
5900,assistiu_1a_aula
3949,visitou_site
1026,visitou_site
3938,visitou_site
1632,assistiu_1a_aula
5344,visitou_site
1136,visitou_site
1598,visitou_site
1294,assistiu_1a_aula
4215,assistiu_1a_aula
4119,criou_conta
1413,assistiu_1a_aula
1793,visitou_site
1550,assistiu_1a_aula
4169,renovou
5629,visitou_site
5304,visitou_site
2492,visitou_site
5558,criou_conta
4309,visitou_site
1192,criou_conta
4590,visitou_site
1195,assistiu_1a_aula
1054,criou_conta
1721,assistiu_1a_aula
4518,visitou_site
2646,visitou_site
4662,renovou
2027,visitou_site
3359,renovou
1501,assistiu_1a_aula
5598,visitou_site
3086,visitou_site
2490,assistiu_1a_aula
1044,visitou_site
2224,criou_conta
1712,assistiu_1a_aula
2933,assistiu_1a_aula
5518,criou_conta
3618,assistiu_1a_aula
4409,visitou_site
2807,visitou_site
4716,criou_conta
3020,assinou_plano
5448,visitou_site
1229,criou_conta
4554,assinou_plano
4225,criou_conta
4754,visitou_site
2982,visitou_site
5116,visitou_site
4006,visitou_site
3691,assinou_plano
1732,visitou_site
1709,visitou_site
4172,criou_conta
2265,visitou_site
4384,criou_conta
1717,assistiu_1a_aula
1959,criou_conta
2508,assistiu_1a_aula
4979,assistiu_1a_aula
3056,criou_conta
2945,criou_conta
5365,assistiu_1a_aula
5022,assistiu_1a_aula
1957,visitou_site
1328,renovou
1895,assistiu_1a_aula
2571,criou_conta
5302,assistiu_1a_aula
4965,assistiu_1a_aula
3015,visitou_site
5372,assinou_plano
4946,assistiu_1a_aula
2340,renovou
1267,assistiu_1a_aula
5970,visitou_site
5963,visitou_site
2707,visitou_site
3922,renovou
2463,visitou_site
4961,visitou_site
5957,visitou_site
3440,visitou_site
4720,Assinou_Plano
4959,criou_conta
2166,visitou_site
2179,criou_conta
1341,visitou_site
4321,assistiu_1a_aula
1756,visitou_site
3352,criou_conta
1125,visitou_site
3496,assistiu_1a_aula
3311,visitou_site
1162,visitou_site
1676,visitou_site
5271,renovou
1063,visitou_site
1394,criou_conta
5323,criou_conta
4230,assistiu_1a_aula
1413,Assinou_Plano
3822,criou_conta
2496,criou_conta
4457,criou_conta
3706,assistiu_1a_aula
5879,visitou_site
3949,criou_conta
2720,assistiu_1a_aula
1547,assistiu_1a_aula
2053,visitou_site
2153,visitou_site
4384,visitou_site
2505,criou_conta
1593,criou_conta
2228,assistiu_1a_aula
5868,visitou_site
5827,visitou_site
3284,visitou_site
4924,assistiu_1a_aula
4027,assistiu_1a_aula
5899,visitou_site
4770,visitou_site
5468,visitou_site
5991,criou_conta
1376,assistiu_1a_aula
3162,visitou_site
1289,criou_conta
4283,visitou_site
5992,criou_conta
1284,criou_conta
5221,criou_conta
2185,criou_conta
4387,assistiu_1a_aula
4579,assistiu_1a_aula
4808,criou_conta
5709,criou_conta
4810,visitou_site
5240,criou_conta
4748,criou_conta
5290,assistiu_1a_aula
5453,visitou_site
4063,assistiu_1a_aula
1363,criou_conta
3143,assistiu_1a_aula
1400,visitou_site
1138,visitou_site
1258,visitou_site
1153,visitou_site
2210,renovou
4096,criou_conta
5218,assinou plano
5340,visitou_site
5286,renovou
1710,assinou plano
3895,criou_conta
4167,visitou_site
2506,renovou
3448,visitou_site
2223,visitou_site
3280,visitou_site
1716,criou_conta
2320,criou_conta
2675,visitou_site
3980,visitou_site
1027,criou_conta
1618,assistiu_1a_aula
4594,criou_conta
5620,visitou_site
3008,visitou_site
4193,criou_conta
2246,visitou_site
2568,visitou_site
4078,visitou_site
4394,criou_conta
4541,assistiu_1a_aula
4591,visitou_site
1188,assistiu_1a_aula
4878,visitou_site
1495,Assinou_Plano
3516,visitou_site
1051,criou_conta
2878,criou_conta
2751,renovou
3751,visitou_site
4127,assistiu_1a_aula
2774,criou_conta
1370,criou_conta
1360,criou_conta
5388,criou_conta
2314,visitou_site
5509,renovou
5381,assistiu_1a_aula
3745,visitou_site
5447,visitou_site
3055,visitou_site
1450,criou_conta
3719,criou_conta
2108,criou_conta
3023,visitou_site
2052,visitou_site
5553,visitou_site
1972,Assinou_Plano
4562,visitou_site
5495,criou_conta
4708,visitou_site
1151,visitou_site
4810,criou_conta
1129,criou_conta
3184,criou_conta
5997,criou_conta
3590,criou_conta
5853,visitou_site
4418,Assinou_Plano
4334,renovou
2908,assinou_plano
3275,assistiu_1a_aula
2043,visitou_site
5153,assinou plano
4368,criou_conta
1278,assistiu_1a_aula
2451,visitou_site
4491,visitou_site
4612,criou_conta
5979,visitou_site
5996,visitou_site
1020,assistiu_1a_aula
5767,assistiu_1a_aula
5213,visitou_site
5636,assistiu_1a_aula
2609,visitou_site
5945,visitou_site
2165,visitou_site
3935,criou_conta
4383,criou_conta
3364,criou_conta
2655,visitou_site
5018,criou_conta
2981,criou_conta
2556,visitou_site
1025,visitou_site
2852,assistiu_1a_aula
4594,Assinou_Plano
1080,assinou plano
5441,criou_conta
2308,assistiu_1a_aula
1910,visitou_site
3200,visitou_site
2224,assistiu_1a_aula
1818,criou_conta
5813,visitou_site
3377,visitou_site
3244,visitou_site
1370,visitou_site
4342,criou_conta
3497,visitou_site
2506,assinou plano
2267,visitou_site
4218,visitou_site
3860,visitou_site
4984,assistiu_1a_aula
4874,visitou_site
1899,visitou_site
1594,visitou_site
3375,visitou_site
5129,assistiu_1a_aula
2766,criou_conta
5564,Assinou_Plano
1044,assistiu_1a_aula
1470,criou_conta
4377,visitou_site
5046,criou_conta
5819,assinou_plano
1145,Assinou_Plano
5253,criou_conta
5323,assistiu_1a_aula
2548,visitou_site
2371,visitou_site
3960,visitou_site
5312,assistiu_1a_aula
4841,criou_conta
2370,visitou_site
3032,criou_conta
4887,assistiu_1a_aula
5945,assistiu_1a_aula
2467,visitou_site
4803,criou_conta
3761,renovou
4891,criou_conta
5156,renovou
1610,visitou_site
2656,assistiu_1a_aula
4367,visitou_site
4338,assistiu_1a_aula
3122,visitou_site
4878,renovou
5601,assistiu_1a_aula
2172,visitou_site
3231,criou_conta
5308,visitou_site
2634,criou_conta
2549,visitou_site
2393,assistiu_1a_aula
5229,visitou_site
5803,assinou_plano
5382,visitou_site
4302,assistiu_1a_aula
3958,criou_conta
2786,visitou_site
4775,criou_conta
2140,assinou_plano
1381,visitou_site
4663,visitou_site
1754,visitou_site
2488,visitou_site
3000,criou_conta
2007,visitou_site
3562,renovou
4548,visitou_site
4293,visitou_site
1912,visitou_site
4463,visitou_site
5610,criou_conta
4211,criou_conta
3469,visitou_site
1736,visitou_site
3775,visitou_site
3815,criou_conta
1964,assistiu_1a_aula
2923,visitou_site
5419,assinou plano
5587,criou_conta
3922,assistiu_1a_aula
1054,assistiu_1a_aula
5211,visitou_site
1989,assistiu_1a_aula
3351,visitou_site
5252,visitou_site
1733,assistiu_1a_aula
1951,Assinou_Plano
5422,visitou_site
5134,visitou_site
2837,criou_conta
1358,visitou_site
4460,assistiu_1a_aula
3800,visitou_site
4784,criou_conta
5023,assistiu_1a_aula
5964,assinou plano
5057,criou_conta
2381,criou_conta
5250,visitou_site
1089,visitou_site
3801,visitou_site
3287,assistiu_1a_aula
1879,visitou_site
2014,renovou
2817,visitou_site
2960,criou_conta
3651,criou_conta
1566,criou_conta
3664,visitou_site
5927,criou_conta
5238,assinou_plano
2598,visitou_site
3544,Assinou_Plano
2813,visitou_site
2761,criou_conta
4033,visitou_site
5696,visitou_site
5026,visitou_site
3480,assistiu_1a_aula
2047,visitou_site
2871,assistiu_1a_aula
3754,assistiu_1a_aula
1735,visitou_site
1472,criou_conta
2236,assistiu_1a_aula
2805,assinou plano
4544,visitou_site
2034,visitou_site
3748,visitou_site
4068,visitou_site
4458,assistiu_1a_aula
4804,visitou_site
5795,assistiu_1a_aula
2823,criou_conta
1577,assistiu_1a_aula
3503,visitou_site
3633,visitou_site
1244,visitou_site
2805,visitou_site
4523,assistiu_1a_aula
5855,criou_conta
4304,visitou_site
1337,criou_conta
1210,visitou_site
5249,renovou
1784,visitou_site
5772,visitou_site
5023,visitou_site
3151,assistiu_1a_aula
2130,visitou_site
4249,criou_conta
1934,visitou_site
1482,criou_conta
3827,criou_conta
2019,visitou_site
4841,assistiu_1a_aula
3553,assistiu_1a_aula
5358,assistiu_1a_aula
3529,visitou_site
3721,criou_conta
2751,criou_conta
2723,criou_conta
3930,criou_conta
3536,renovou
5800,visitou_site
1446,visitou_site
3612,criou_conta
5331,visitou_site
2872,assinou plano
2252,visitou_site
1892,assistiu_1a_aula
3659,criou_conta
5121,visitou_site
4474,visitou_site
2450,criou_conta
3725,criou_conta
3182,assistiu_1a_aula
2802,visitou_site
3488,visitou_site
4161,criou_conta
3400,criou_conta
5538,assinou_plano
4371,visitou_site
2623,visitou_site
2872,assistiu_1a_aula
1024,assistiu_1a_aula
2359,assinou plano
1634,visitou_site
3997,visitou_site
2248,assistiu_1a_aula
1423,assistiu_1a_aula
2383,assistiu_1a_aula
1335,visitou_site
2073,visitou_site
4039,visitou_site
5190,visitou_site
3547,visitou_site
2801,criou_conta
4698,visitou_site
2768,criou_conta
1218,Assinou_Plano
2254,criou_conta
2676,visitou_site
4566,criou_conta
5736,visitou_site
3590,renovou
5356,criou_conta
4911,assinou plano
1833,visitou_site
4028,visitou_site
1420,visitou_site
4964,visitou_site
1257,criou_conta
3793,assistiu_1a_aula
1072,criou_conta
4401,visitou_site
3649,visitou_site
2447,visitou_site
1915,visitou_site
2264,visitou_site
4282,criou_conta
1927,criou_conta
1812,criou_conta
2774,assistiu_1a_aula
2340,visitou_site
3359,criou_conta
5036,visitou_site
2631,criou_conta
1527,visitou_site
1168,visitou_site
2525,criou_conta
5655,criou_conta
3111,visitou_site
2142,visitou_site
1787,renovou
2483,criou_conta
3886,criou_conta
4918,assistiu_1a_aula
1361,visitou_site
3935,visitou_site
1962,assistiu_1a_aula
5276,assistiu_1a_aula
1751,assistiu_1a_aula
5775,assinou plano
1053,assinou plano
5795,criou_conta
2773,assistiu_1a_aula
4206,assistiu_1a_aula
3106,Assinou_Plano
3732,visitou_site
1085,assinou plano
3106,criou_conta
2010,criou_conta
3085,criou_conta
3066,assistiu_1a_aula
2040,visitou_site
3866,visitou_site
3070,Assinou_Plano
3022,visitou_site
1450,assistiu_1a_aula
1231,criou_conta
4077,visitou_site
1928,assistiu_1a_aula
1551,visitou_site
5348,criou_conta
3713,visitou_site
3225,Assinou_Plano
2042,visitou_site
5700,visitou_site
4734,renovou
4765,criou_conta
3690,visitou_site
2535,Assinou_Plano
1380,visitou_site
3861,criou_conta
3458,visitou_site
2730,visitou_site
1922,assistiu_1a_aula
1251,visitou_site
3921,assistiu_1a_aula
1119,assinou_plano
4508,visitou_site
4796,renovou
1601,assistiu_1a_aula
1970,visitou_site
4986,visitou_site
1490,visitou_site
1635,visitou_site
1106,assistiu_1a_aula
3742,visitou_site
3072,criou_conta
5191,assistiu_1a_aula
3182,visitou_site
4419,criou_conta
5098,criou_conta
4455,criou_conta
1786,assistiu_1a_aula
2191,visitou_site
1618,visitou_site
3863,visitou_site
2245,criou_conta
1010,assinou_plano
2239,visitou_site
3046,assinou plano
4701,visitou_site
5283,assistiu_1a_aula
3561,assinou plano
1274,assistiu_1a_aula
4475,assinou plano
3827,assinou_plano
5553,criou_conta
5005,visitou_site
4921,visitou_site
2440,visitou_site
2844,assistiu_1a_aula
2529,assinou_plano
1794,assistiu_1a_aula
5771,assistiu_1a_aula
4614,assistiu_1a_aula
1307,visitou_site
1806,renovou
1858,assistiu_1a_aula
1013,criou_conta
5596,assinou_plano
5982,visitou_site
1912,renovou
1251,assistiu_1a_aula
4412,criou_conta
3963,renovou
5865,assistiu_1a_aula
3544,visitou_site
1247,visitou_site
1312,Assinou_Plano
4512,assistiu_1a_aula
5388,visitou_site
5770,criou_conta
4535,renovou
3006,visitou_site
4461,visitou_site
1413,visitou_site
2231,assistiu_1a_aula
2211,criou_conta
2573,assistiu_1a_aula
2962,criou_conta
1509,assistiu_1a_aula
5113,renovou
5367,criou_conta
5985,criou_conta
1256,visitou_site
4298,visitou_site
3018,visitou_site
5604,criou_conta
5228,criou_conta
1461,visitou_site
5016,assistiu_1a_aula
1230,assinou_plano
5321,Assinou_Plano
3452,visitou_site
2829,renovou
3708,visitou_site
2227,assistiu_1a_aula
4999,visitou_site
3903,criou_conta
2128,visitou_site
4417,visitou_site
4212,visitou_site
4021,assistiu_1a_aula
3931,assistiu_1a_aula
3673,visitou_site
5150,assistiu_1a_aula
5527,criou_conta
1102,visitou_site
3528,criou_conta
2844,criou_conta
5271,criou_conta
1797,assistiu_1a_aula
3699,visitou_site
2927,renovou
4032,visitou_site
5010,renovou
4791,assistiu_1a_aula
2606,visitou_site
2644,Assinou_Plano
3691,assistiu_1a_aula
2454,visitou_site
2173,visitou_site
2375,assistiu_1a_aula
1703,visitou_site
3543,visitou_site
3459,visitou_site
3255,visitou_site
4072,visitou_site
1457,visitou_site
3369,visitou_site
4563,criou_conta
3301,criou_conta
3121,criou_conta
4247,visitou_site
2594,criou_conta
4172,visitou_site
1953,assinou_plano
3062,criou_conta
5882,visitou_site
3156,assistiu_1a_aula
1025,criou_conta
1049,criou_conta
4938,criou_conta
2934,criou_conta
3265,visitou_site
2308,assinou plano
4061,renovou
4597,visitou_site
5927,assistiu_1a_aula
1235,visitou_site
2857,visitou_site
4500,visitou_site
5885,assinou plano
4368,renovou
2465,renovou
5446,visitou_site
4748,assistiu_1a_aula
3715,visitou_site
2217,assistiu_1a_aula
1893,criou_conta
1933,criou_conta
3237,visitou_site
5689,criou_conta
4164,criou_conta
3288,assinou_plano
1266,visitou_site
2976,visitou_site
3627,renovou
4884,assistiu_1a_aula
3510,criou_conta
2627,criou_conta
3775,criou_conta
4723,criou_conta
5390,visitou_site
2924,criou_conta
5925,criou_conta
3057,visitou_site
3525,criou_conta
4088,criou_conta
2512,assistiu_1a_aula
1034,assinou_plano
2113,assistiu_1a_aula
3693,assistiu_1a_aula
1871,visitou_site
1861,criou_conta
3683,assinou plano
4870,visitou_site
3627,visitou_site
2661,criou_conta
2777,visitou_site
3552,visitou_site
4067,assinou_plano
1413,criou_conta
2592,criou_conta
3884,assistiu_1a_aula
3121,visitou_site
3126,visitou_site
1625,renovou
1092,renovou
4721,assistiu_1a_aula
3683,assistiu_1a_aula
5676,criou_conta
1244,criou_conta
5346,assistiu_1a_aula
5847,assistiu_1a_aula
5508,assistiu_1a_aula
5094,visitou_site
1332,visitou_site
4839,visitou_site
1253,criou_conta
4267,assistiu_1a_aula
2316,criou_conta
5922,criou_conta
2848,visitou_site
4155,criou_conta
1204,Assinou_Plano
2044,visitou_site
3201,assinou_plano
4817,visitou_site
3649,criou_conta
5475,visitou_site
2590,assistiu_1a_aula
1272,visitou_site
1250,criou_conta
2475,visitou_site
2230,visitou_site
1467,criou_conta
1121,visitou_site
5203,renovou
5009,visitou_site
4740,assistiu_1a_aula
3490,assistiu_1a_aula
4688,renovou
4973,visitou_site
3404,criou_conta
2810,visitou_site
2829,assinou_plano
4896,assistiu_1a_aula
3231,renovou
2478,visitou_site
2161,assistiu_1a_aula
3979,visitou_site
3927,assinou plano
1182,visitou_site
2965,visitou_site
3620,visitou_site
4959,visitou_site
3476,visitou_site
2522,visitou_site
3081,assistiu_1a_aula
3597,criou_conta
1462,criou_conta
4943,Assinou_Plano
2462,criou_conta
1963,assistiu_1a_aula
5988,assistiu_1a_aula
5327,renovou
2552,visitou_site
2465,visitou_site
3344,assinou plano
2598,renovou
3847,assistiu_1a_aula
3242,visitou_site
3811,visitou_site
2582,criou_conta
4416,assistiu_1a_aula
1705,visitou_site
1389,visitou_site
3633,criou_conta
2846,renovou
4579,visitou_site
2025,visitou_site
4082,criou_conta
1632,Assinou_Plano
3688,visitou_site
2669,criou_conta
4321,criou_conta
2482,visitou_site
3879,visitou_site
4172,assinou_plano
2256,visitou_site
5947,criou_conta
4425,visitou_site
2930,criou_conta
2493,criou_conta
2466,visitou_site
3990,assistiu_1a_aula
4427,visitou_site
4567,criou_conta
2645,renovou
5530,assistiu_1a_aula
1519,criou_conta
3232,visitou_site
2164,visitou_site
3292,visitou_site
2923,Assinou_Plano
2615,assinou plano
5661,visitou_site
2678,assistiu_1a_aula
5609,visitou_site
4913,assinou plano
5022,criou_conta
4446,criou_conta
1202,visitou_site
2652,visitou_site
1369,criou_conta
1483,criou_conta
2455,renovou
5202,criou_conta
2016,visitou_site
3116,criou_conta
2983,assinou plano
1114,criou_conta
4907,assistiu_1a_aula
5336,assistiu_1a_aula
4344,criou_conta
5161,assinou plano
5823,visitou_site
2118,criou_conta
3562,criou_conta
5530,visitou_site
1461,assinou_plano
2932,assistiu_1a_aula
3009,assinou_plano
4932,criou_conta
1430,visitou_site
3355,assinou plano
2176,visitou_site
4153,assistiu_1a_aula
4924,visitou_site
1382,assistiu_1a_aula
5249,criou_conta
3721,assistiu_1a_aula
3141,criou_conta
1367,Assinou_Plano
5466,assistiu_1a_aula
1869,visitou_site
1662,criou_conta
2329,criou_conta
1982,visitou_site
2329,assistiu_1a_aula
1443,visitou_site
3168,assistiu_1a_aula
5208,assistiu_1a_aula
4010,assinou plano
5405,criou_conta
1216,visitou_site
3321,visitou_site
2852,visitou_site
5002,assinou_plano
3390,assistiu_1a_aula
4125,renovou
5816,assistiu_1a_aula
5175,visitou_site
1791,visitou_site
2932,criou_conta
5898,assistiu_1a_aula
4079,criou_conta
2063,visitou_site
5494,criou_conta
5131,renovou
5970,assistiu_1a_aula
5169,Assinou_Plano
4445,assistiu_1a_aula
5667,visitou_site
1484,visitou_site
3125,assistiu_1a_aula
5706,criou_conta
3248,renovou
5068,criou_conta
5200,assistiu_1a_aula
5632,assistiu_1a_aula
1840,criou_conta
4627,visitou_site
5921,visitou_site
2214,criou_conta
1144,assistiu_1a_aula
3169,visitou_site
4387,visitou_site
3359,visitou_site
4226,visitou_site
5837,visitou_site
3728,criou_conta
2476,visitou_site
4723,visitou_site
2373,visitou_site
1116,criou_conta
3748,criou_conta
3973,renovou
4168,assinou_plano
1376,visitou_site
2309,assistiu_1a_aula
3250,criou_conta
5481,criou_conta
3753,visitou_site
2700,visitou_site
2200,visitou_site
1479,criou_conta
4962,visitou_site
3406,visitou_site
5298,criou_conta
1254,visitou_site
4217,criou_conta
5247,criou_conta
3154,criou_conta
1971,assistiu_1a_aula
1992,assistiu_1a_aula
2645,assistiu_1a_aula
4919,criou_conta
5100,renovou
5689,Assinou_Plano
3825,assistiu_1a_aula
4314,visitou_site
3934,criou_conta
4361,criou_conta
5779,criou_conta
4583,visitou_site
2324,assinou plano
2580,visitou_site
4800,criou_conta
1760,visitou_site
1876,criou_conta
3668,assistiu_1a_aula
4080,assistiu_1a_aula
2186,visitou_site
4868,visitou_site
2456,criou_conta
2064,visitou_site
5333,Assinou_Plano
3277,Assinou_Plano
1242,criou_conta
4010,visitou_site
2847,visitou_site
5440,assinou plano
2981,Assinou_Plano
3629,assistiu_1a_aula
1408,Assinou_Plano
4976,visitou_site
1923,visitou_site
1413,renovou
4826,visitou_site
4500,assistiu_1a_aula
4106,visitou_site
1146,visitou_site
2766,assistiu_1a_aula
2781,assistiu_1a_aula
4328,visitou_site
2762,criou_conta
3091,renovou
5591,assistiu_1a_aula
5035,visitou_site
1327,criou_conta
5132,assistiu_1a_aula
5962,assinou_plano
2900,visitou_site
5395,criou_conta
2368,visitou_site
5851,assistiu_1a_aula
3794,visitou_site
2353,assistiu_1a_aula
3298,visitou_site
2755,assistiu_1a_aula
5016,renovou
4653,criou_conta
2312,visitou_site
1339,criou_conta
3287,visitou_site
5238,renovou
2534,visitou_site
2489,criou_conta
5502,criou_conta
5826,criou_conta
5231,assistiu_1a_aula
4835,renovou
1638,visitou_site
3271,visitou_site
3810,criou_conta
3251,assistiu_1a_aula
4179,visitou_site
5623,assistiu_1a_aula
3803,visitou_site
5060,criou_conta
2959,assistiu_1a_aula
4597,assistiu_1a_aula
5848,criou_conta
2906,visitou_site
1426,visitou_site
4447,criou_conta
1501,criou_conta
5983,criou_conta
1530,visitou_site
1041,criou_conta
3493,visitou_site
1761,renovou
3248,assinou plano
2873,visitou_site
3687,assistiu_1a_aula
4542,visitou_site
3693,visitou_site
2755,renovou
4181,criou_conta
3519,assinou plano
3120,assistiu_1a_aula
2950,assistiu_1a_aula
2786,criou_conta
5441,Assinou_Plano
2369,assistiu_1a_aula
5918,criou_conta
2692,assistiu_1a_aula
5154,criou_conta
4674,visitou_site
2583,visitou_site
3967,assistiu_1a_aula
1862,assistiu_1a_aula
3276,visitou_site
4063,visitou_site
2349,visitou_site
5014,criou_conta
4523,assinou plano
3183,criou_conta
1027,assistiu_1a_aula
2851,visitou_site
4877,renovou
5462,assistiu_1a_aula
4445,criou_conta
5345,criou_conta
1521,visitou_site
5943,visitou_site
2718,Assinou_Plano
5247,assistiu_1a_aula
3671,visitou_site
4264,visitou_site
2841,criou_conta
1149,assistiu_1a_aula
1655,visitou_site
1334,assinou_plano
2789,Assinou_Plano
4411,assistiu_1a_aula
4911,visitou_site
2551,criou_conta
3277,visitou_site
1031,visitou_site
3661,assistiu_1a_aula
1549,assinou_plano
1998,assinou_plano
1571,visitou_site
5744,assistiu_1a_aula
1115,criou_conta
2292,visitou_site
2123,assistiu_1a_aula
1494,visitou_site
5895,assistiu_1a_aula
3656,criou_conta
3902,criou_conta
1111,visitou_site
4868,criou_conta
2422,visitou_site
1047,assistiu_1a_aula
5682,criou_conta
2885,visitou_site
3633,Assinou_Plano
2705,visitou_site
1498,visitou_site
4152,assistiu_1a_aula
1379,assinou_plano
4837,visitou_site
4000,assistiu_1a_aula
1190,visitou_site
2485,visitou_site
4505,criou_conta
5322,visitou_site
5738,renovou
1087,assistiu_1a_aula
3158,visitou_site
2960,assistiu_1a_aula
2300,visitou_site
5617,visitou_site
4525,visitou_site
1963,visitou_site
5408,assistiu_1a_aula
3806,visitou_site
5743,assinou plano
4657,assistiu_1a_aula
3821,visitou_site
5854,assistiu_1a_aula
3093,visitou_site
5159,visitou_site
5149,visitou_site
3681,criou_conta
2519,criou_conta
2650,visitou_site
5237,criou_conta
2800,criou_conta
1452,assistiu_1a_aula
1487,visitou_site
4353,visitou_site
4074,assistiu_1a_aula
1152,visitou_site
4358,visitou_site
1625,criou_conta
3495,Assinou_Plano
1919,assinou_plano
2076,visitou_site
1309,visitou_site
1042,assinou plano
3394,visitou_site
5552,criou_conta
1590,criou_conta
1564,assistiu_1a_aula
3150,assistiu_1a_aula
1306,renovou
2110,assistiu_1a_aula
3374,visitou_site
2989,assistiu_1a_aula
3879,criou_conta
1566,assistiu_1a_aula
2590,criou_conta
3402,criou_conta
4090,visitou_site
3402,Assinou_Plano
4056,assistiu_1a_aula
4427,assinou_plano
3438,visitou_site
2314,assistiu_1a_aula
2929,criou_conta
3239,assistiu_1a_aula
2525,assistiu_1a_aula
4551,visitou_site
1359,criou_conta
1086,assistiu_1a_aula
4716,renovou
4080,criou_conta
1953,assistiu_1a_aula
1380,criou_conta
4168,assistiu_1a_aula
1103,criou_conta
1317,visitou_site
5136,visitou_site
4632,visitou_site
1799,criou_conta
3277,renovou
4761,criou_conta
2499,criou_conta
1041,assistiu_1a_aula
2923,assistiu_1a_aula
4034,assistiu_1a_aula
2581,criou_conta
4424,visitou_site
4500,renovou
1603,visitou_site
3288,visitou_site
4788,criou_conta
2135,visitou_site
4856,criou_conta
2057,visitou_site
4050,visitou_site
3693,criou_conta
3421,visitou_site
5068,visitou_site
2396,criou_conta
4619,visitou_site
1895,criou_conta
3452,criou_conta
1423,criou_conta
1233,criou_conta
4339,criou_conta
1926,visitou_site
2704,visitou_site
1588,renovou
3056,assistiu_1a_aula
4747,visitou_site
2383,visitou_site
3080,Assinou_Plano
1447,criou_conta
2927,Assinou_Plano
5879,assistiu_1a_aula
3809,visitou_site
3909,criou_conta
4432,criou_conta
4083,renovou
4254,visitou_site
5692,assistiu_1a_aula
5011,criou_conta
4863,visitou_site
4631,visitou_site
5397,visitou_site
2773,criou_conta
5618,criou_conta
1379,visitou_site
5102,visitou_site
2089,assistiu_1a_aula
2523,criou_conta
1885,criou_conta
1890,visitou_site
3246,assistiu_1a_aula
4070,visitou_site
1392,visitou_site
4468,criou_conta
2201,visitou_site
1368,renovou
3808,criou_conta
4058,visitou_site
2661,assistiu_1a_aula
1830,visitou_site
2579,visitou_site
3626,criou_conta
4076,visitou_site
4193,assistiu_1a_aula
4845,visitou_site
3966,criou_conta
1477,assistiu_1a_aula
3710,criou_conta
2446,criou_conta
1102,criou_conta
1238,visitou_site
3383,visitou_site
5358,renovou
1826,visitou_site
4002,visitou_site
2708,visitou_site
3973,criou_conta
4340,visitou_site
1471,criou_conta
2809,renovou
1352,criou_conta
5624,visitou_site
2308,renovou
3458,assistiu_1a_aula
3404,visitou_site
4680,Assinou_Plano
2211,Assinou_Plano
4123,renovou
4823,Assinou_Plano
4192,criou_conta
3558,assistiu_1a_aula
5171,renovou
5049,visitou_site
1325,criou_conta
4268,criou_conta
1397,renovou
2932,renovou
4455,renovou
1679,renovou
5526,criou_conta
1184,visitou_site
5192,criou_conta
4716,assinou plano
3257,assinou_plano
1062,criou_conta
4044,assistiu_1a_aula
3096,criou_conta
3301,assistiu_1a_aula
4931,visitou_site
3231,assinou plano
1418,assistiu_1a_aula
3958,assistiu_1a_aula
3782,visitou_site
5007,criou_conta
5065,visitou_site
5481,assistiu_1a_aula
3939,visitou_site
2064,criou_conta
5287,assistiu_1a_aula
2695,assistiu_1a_aula
3304,assinou_plano
1943,visitou_site
5034,visitou_site
3692,visitou_site
5094,criou_conta
2870,visitou_site
1009,visitou_site
5302,criou_conta
4834,criou_conta
3278,visitou_site
2804,criou_conta
4968,visitou_site
5183,criou_conta
5358,visitou_site
1892,criou_conta
3562,assistiu_1a_aula
1250,visitou_site
4313,criou_conta
3083,visitou_site
5385,visitou_site
1787,assistiu_1a_aula
2943,visitou_site
4021,visitou_site
3986,criou_conta
5721,visitou_site
5012,criou_conta
2049,renovou
5029,visitou_site
1012,criou_conta
4271,visitou_site
5881,visitou_site
3607,visitou_site
4507,visitou_site
1897,visitou_site
1086,criou_conta
2785,assistiu_1a_aula
3921,criou_conta
3576,Assinou_Plano
2952,visitou_site
4844,criou_conta
3212,visitou_site
2007,criou_conta
1915,assistiu_1a_aula
1768,visitou_site
4306,visitou_site
5513,visitou_site
3985,visitou_site
4657,criou_conta
2475,assinou_plano
3171,assinou plano
5753,visitou_site
3426,assistiu_1a_aula
1489,visitou_site
5251,criou_conta
1380,assinou_plano
4690,criou_conta
1860,assistiu_1a_aula
4051,criou_conta
3569,criou_conta
4856,visitou_site
5848,assistiu_1a_aula
5010,assinou plano
3450,criou_conta
3392,criou_conta
2949,assistiu_1a_aula
2074,visitou_site
5047,visitou_site
5014,assistiu_1a_aula
3023,assistiu_1a_aula
5220,assistiu_1a_aula
5018,assistiu_1a_aula
3573,visitou_site
3498,criou_conta
2364,criou_conta
5428,renovou
1314,criou_conta
1443,criou_conta
1360,visitou_site
2713,assinou plano
3205,assistiu_1a_aula
1384,criou_conta
4482,visitou_site
2849,visitou_site
2624,visitou_site
1362,criou_conta
4047,visitou_site
2509,criou_conta
3798,assistiu_1a_aula
2484,visitou_site
1658,assistiu_1a_aula
2379,criou_conta
5216,visitou_site
1781,assistiu_1a_aula
3306,criou_conta
3094,visitou_site
5798,criou_conta
5021,visitou_site
1985,criou_conta
5387,visitou_site
4241,visitou_site
3858,visitou_site
5887,visitou_site
5471,assinou_plano
3475,assistiu_1a_aula
3466,visitou_site
4249,assinou plano
1781,assinou plano
2253,visitou_site
2302,visitou_site
4931,assinou plano
5106,assistiu_1a_aula
5573,criou_conta
4218,criou_conta
3454,visitou_site
2963,visitou_site
3449,criou_conta
5634,visitou_site
5074,visitou_site
1158,visitou_site
2121,visitou_site
3851,assistiu_1a_aula
1249,visitou_site
4787,visitou_site
3407,criou_conta
5955,criou_conta
4477,criou_conta
5859,assistiu_1a_aula
1524,assistiu_1a_aula
3835,criou_conta
2761,visitou_site
1147,visitou_site
3928,assinou_plano
3515,criou_conta
1471,assinou plano
4393,visitou_site
4698,criou_conta
2805,renovou
1666,visitou_site
3588,visitou_site
1047,visitou_site
1763,visitou_site
2005,visitou_site
3757,criou_conta
5521,criou_conta
4739,visitou_site
5787,criou_conta
5873,assistiu_1a_aula
5918,renovou
1540,visitou_site
3669,visitou_site
2911,visitou_site
2803,visitou_site
3390,criou_conta
4322,visitou_site
2471,assinou plano
1933,visitou_site
5872,visitou_site
4711,visitou_site
4690,visitou_site
2313,visitou_site
4910,criou_conta
4870,Assinou_Plano
5408,visitou_site
4071,criou_conta
3800,criou_conta
5000,visitou_site
1183,visitou_site
2398,visitou_site
5714,visitou_site
2546,assistiu_1a_aula
3824,visitou_site
1925,criou_conta
3584,renovou
5139,visitou_site
1410,assistiu_1a_aula
4634,visitou_site
5324,criou_conta
4462,visitou_site
2022,visitou_site
2120,visitou_site
3307,visitou_site
5735,criou_conta
1222,assinou plano
3164,criou_conta
5376,visitou_site
2101,visitou_site
4286,criou_conta
3257,visitou_site
3810,visitou_site
5959,criou_conta
2295,assistiu_1a_aula
5722,assistiu_1a_aula
1441,criou_conta
5518,assistiu_1a_aula
3426,visitou_site
1966,visitou_site
5472,criou_conta
2352,criou_conta
2188,visitou_site
2429,visitou_site
5982,assistiu_1a_aula
3536,assistiu_1a_aula
4192,visitou_site
3883,assistiu_1a_aula
2451,assistiu_1a_aula
4862,visitou_site
3963,assinou_plano
5904,criou_conta
4518,assistiu_1a_aula
2752,assistiu_1a_aula
4675,assistiu_1a_aula
1502,criou_conta
5632,visitou_site
1465,visitou_site
3332,visitou_site
4922,assistiu_1a_aula
1997,criou_conta
5264,assinou_plano
5536,assistiu_1a_aula
3481,criou_conta
4713,visitou_site
4103,visitou_site
5595,visitou_site
4978,visitou_site
3207,visitou_site
3760,visitou_site
4804,criou_conta
2959,criou_conta
5091,criou_conta
5057,assistiu_1a_aula
1761,assistiu_1a_aula
3523,criou_conta
4427,criou_conta
5472,Assinou_Plano
5666,visitou_site
4019,criou_conta
3616,criou_conta
5410,visitou_site
3215,criou_conta
4034,visitou_site
1320,criou_conta
5591,criou_conta
2764,visitou_site
4333,assinou_plano
5828,criou_conta
3085,assistiu_1a_aula
1945,visitou_site
1291,visitou_site
1749,visitou_site
2513,criou_conta
3929,assinou_plano
1068,assistiu_1a_aula
4210,assinou_plano
5398,visitou_site
5184,criou_conta
5466,visitou_site
1362,visitou_site
1728,assistiu_1a_aula
4783,assistiu_1a_aula
4592,visitou_site
3538,criou_conta
2124,visitou_site
1702,criou_conta
3418,criou_conta
3712,visitou_site
2676,assistiu_1a_aula
3254,visitou_site
4161,visitou_site
4987,assistiu_1a_aula
3856,criou_conta
1759,assistiu_1a_aula
3329,visitou_site
5925,renovou
1495,criou_conta
5690,visitou_site
3138,assistiu_1a_aula
5772,assistiu_1a_aula
2964,visitou_site
5092,assistiu_1a_aula
5713,visitou_site
3041,visitou_site
3415,visitou_site
2376,assinou_plano
2264,assistiu_1a_aula
1658,Assinou_Plano
1095,assistiu_1a_aula
3081,criou_conta
2638,criou_conta
1460,visitou_site
3830,criou_conta
3797,assinou_plano
1566,renovou
1921,Assinou_Plano
3008,assistiu_1a_aula
1406,criou_conta
4324,criou_conta
3307,criou_conta
1224,assistiu_1a_aula
4695,assistiu_1a_aula
4242,assistiu_1a_aula
3356,visitou_site
4187,visitou_site
5128,visitou_site
5474,visitou_site
1642,visitou_site
2002,assistiu_1a_aula
5672,criou_conta
2333,criou_conta
4175,assinou_plano
4827,visitou_site
2970,criou_conta
1086,Assinou_Plano
5882,criou_conta
1603,criou_conta
3001,criou_conta
3699,assistiu_1a_aula
1756,Assinou_Plano
4847,criou_conta
3019,visitou_site
3483,visitou_site
4283,assistiu_1a_aula
2935,visitou_site
1397,assinou plano
4081,assistiu_1a_aula
5075,criou_conta
3877,visitou_site
2304,assistiu_1a_aula
4044,renovou
4198,criou_conta
4422,visitou_site
3213,visitou_site
3953,assinou_plano
3642,visitou_site
5516,visitou_site
5552,assistiu_1a_aula
1306,assinou_plano
2194,visitou_site
4880,assistiu_1a_aula
3962,visitou_site
2893,visitou_site
2429,assinou_plano
1124,criou_conta
2320,assistiu_1a_aula
5880,visitou_site
4138,assistiu_1a_aula
1313,criou_conta
5805,assinou plano
5495,visitou_site
3088,assistiu_1a_aula
2080,visitou_site
1201,visitou_site
2953,criou_conta
1313,visitou_site
4188,visitou_site
5471,criou_conta
5135,criou_conta
4879,visitou_site
2745,visitou_site
1387,assistiu_1a_aula
5259,visitou_site
2827,renovou
1510,criou_conta
2693,assistiu_1a_aula
2555,visitou_site
3588,criou_conta
2175,Assinou_Plano
3462,criou_conta
4637,assistiu_1a_aula
2616,visitou_site
4987,visitou_site
3035,assistiu_1a_aula
2929,assistiu_1a_aula
1825,visitou_site
1377,assistiu_1a_aula
2292,assistiu_1a_aula
4754,Assinou_Plano
1473,visitou_site
4530,visitou_site
4327,visitou_site
2994,visitou_site
5862,criou_conta
4172,renovou
1673,visitou_site
1796,visitou_site
2291,visitou_site
2483,assinou_plano
1098,assinou_plano
3238,assistiu_1a_aula
5653,assistiu_1a_aula
5787,assistiu_1a_aula
1552,criou_conta
1189,visitou_site
2770,visitou_site
5140,criou_conta
2045,criou_conta
5514,visitou_site
1396,visitou_site
5261,visitou_site
3058,criou_conta
2269,visitou_site
1100,criou_conta
4840,assistiu_1a_aula
3939,criou_conta
1080,renovou
5758,assistiu_1a_aula
3925,criou_conta
3538,renovou
5480,assistiu_1a_aula
2801,renovou
4697,visitou_site
2122,criou_conta
3830,visitou_site
5215,visitou_site
3691,visitou_site
3562,visitou_site
2753,visitou_site
1851,visitou_site
5977,visitou_site
3854,visitou_site
1377,criou_conta
4807,criou_conta
3255,assistiu_1a_aula
4342,visitou_site
2809,visitou_site
4238,visitou_site
5446,criou_conta
5941,visitou_site
1783,assistiu_1a_aula
1417,visitou_site
5896,visitou_site
5528,visitou_site
2574,visitou_site
2067,assistiu_1a_aula
2319,visitou_site
2638,assistiu_1a_aula
2067,renovou
3489,criou_conta
1865,visitou_site
1582,visitou_site
5770,assistiu_1a_aula
3861,assinou plano
1590,assistiu_1a_aula
1507,criou_conta
5729,assistiu_1a_aula
3232,assistiu_1a_aula
2391,criou_conta
1170,criou_conta
4392,criou_conta
4323,assinou_plano
5581,visitou_site
4216,criou_conta
3665,criou_conta
2177,Assinou_Plano
1144,criou_conta
4106,assistiu_1a_aula
2992,assistiu_1a_aula
2340,Assinou_Plano
1657,criou_conta
1303,renovou
1765,assistiu_1a_aula
4830,visitou_site
1814,assistiu_1a_aula
1419,visitou_site
2280,visitou_site
4043,visitou_site
4410,renovou
3187,visitou_site
2098,visitou_site
4966,criou_conta
2677,assistiu_1a_aula
3577,criou_conta
2731,assistiu_1a_aula
2716,assistiu_1a_aula
1255,visitou_site
5497,assistiu_1a_aula
4523,renovou
4272,assistiu_1a_aula
2169,visitou_site
5338,visitou_site
5885,visitou_site
5370,visitou_site
2555,assinou plano
3235,assistiu_1a_aula
5172,assistiu_1a_aula
3361,criou_conta
3436,assistiu_1a_aula
4447,visitou_site
5601,visitou_site
3943,visitou_site
4678,criou_conta
2308,visitou_site
5690,criou_conta
4224,assistiu_1a_aula
2656,visitou_site
5918,visitou_site
1675,visitou_site
4947,visitou_site
3255,renovou
2448,assistiu_1a_aula
2270,visitou_site
3647,visitou_site
1115,assistiu_1a_aula
2421,criou_conta
5432,criou_conta
5849,visitou_site
4608,assistiu_1a_aula
3414,assistiu_1a_aula
3879,assistiu_1a_aula
5611,criou_conta
4743,criou_conta
1010,criou_conta
1589,criou_conta
5896,criou_conta
2219,criou_conta
5459,visitou_site
2297,assistiu_1a_aula
3429,assistiu_1a_aula
1121,criou_conta
1335,criou_conta
4764,criou_conta
1888,assistiu_1a_aula
3843,assinou plano
4020,assinou_plano
1748,visitou_site
5832,visitou_site
4618,visitou_site
1241,visitou_site
5582,visitou_site
2239,criou_conta
5135,assistiu_1a_aula
1386,assinou_plano
1681,visitou_site
4836,visitou_site
5855,visitou_site
5576,visitou_site
1141,visitou_site
3843,renovou
5271,assistiu_1a_aula
1985,renovou
3735,visitou_site
2068,renovou
4684,assistiu_1a_aula
4658,visitou_site
4737,Assinou_Plano
2177,assistiu_1a_aula
3351,criou_conta
2210,assinou_plano
2185,visitou_site
4735,visitou_site
5098,assistiu_1a_aula
4860,visitou_site
3550,visitou_site
2743,criou_conta
5738,criou_conta
4675,criou_conta
5485,criou_conta
2715,visitou_site
2817,renovou
1332,assinou plano
1211,assistiu_1a_aula
1222,visitou_site
5153,renovou
1128,visitou_site
4392,assistiu_1a_aula
5341,visitou_site
3113,visitou_site
2995,criou_conta
2419,criou_conta
4121,assinou_plano
4603,criou_conta
5442,visitou_site
5589,renovou
4183,criou_conta
1278,visitou_site
4420,renovou
3816,assistiu_1a_aula
2105,visitou_site
1478,renovou
1064,visitou_site
3836,assistiu_1a_aula
5806,criou_conta
4283,criou_conta
1449,criou_conta
1809,visitou_site
4805,assistiu_1a_aula
2106,criou_conta
1850,visitou_site
2716,assinou_plano
2365,criou_conta
1372,criou_conta
4821,criou_conta
5720,visitou_site
5818,visitou_site
4998,assinou_plano
4543,criou_conta
3851,visitou_site
5444,visitou_site
5585,visitou_site
2683,criou_conta
1149,visitou_site
2658,assistiu_1a_aula
4779,visitou_site
1467,Assinou_Plano
1719,Assinou_Plano
5388,assistiu_1a_aula
3880,assistiu_1a_aula
2526,assistiu_1a_aula
2139,assistiu_1a_aula
5270,visitou_site
2793,assistiu_1a_aula
1164,assinou_plano
4221,visitou_site
5333,criou_conta
2212,assistiu_1a_aula
2086,criou_conta
5691,criou_conta
4681,visitou_site
4847,visitou_site
1261,visitou_site
3301,visitou_site
2590,renovou
4601,assistiu_1a_aula
1972,visitou_site
1977,visitou_site
5406,assistiu_1a_aula
1835,visitou_site
1766,assistiu_1a_aula
2927,assistiu_1a_aula
3497,assistiu_1a_aula
1907,renovou
3296,visitou_site
1914,criou_conta
3443,visitou_site
1969,renovou
3809,criou_conta
1985,assinou_plano
3980,criou_conta
3228,criou_conta
1489,assistiu_1a_aula
2419,assistiu_1a_aula
3696,visitou_site
2272,criou_conta
2507,visitou_site
3879,renovou
5931,criou_conta
3725,visitou_site
2755,assinou_plano
5770,visitou_site
2788,renovou
3283,visitou_site
4559,criou_conta
3332,assistiu_1a_aula
5271,visitou_site
5867,criou_conta
2535,assistiu_1a_aula
1704,criou_conta
5684,visitou_site
5284,assistiu_1a_aula
2816,visitou_site
5187,assistiu_1a_aula
3218,criou_conta
1911,criou_conta
4350,criou_conta
5959,assistiu_1a_aula
2255,assistiu_1a_aula
5464,visitou_site
5891,assistiu_1a_aula
4787,criou_conta
3412,visitou_site
5251,assistiu_1a_aula
3616,assistiu_1a_aula
4115,visitou_site
5063,visitou_site
3527,visitou_site
1946,criou_conta
1048,assistiu_1a_aula
4997,criou_conta
1709,criou_conta
3755,visitou_site
3309,visitou_site
2516,visitou_site
2046,visitou_site
5893,assistiu_1a_aula
3327,assinou plano
5825,visitou_site
3621,visitou_site
2959,assinou plano
5378,assinou plano
5825,criou_conta
2141,visitou_site
1928,criou_conta
3240,criou_conta
3200,assistiu_1a_aula
3132,visitou_site
1191,visitou_site
5212,visitou_site
3461,assinou plano
1919,renovou
3119,criou_conta
5456,assinou plano
2370,criou_conta
2583,assistiu_1a_aula
2400,visitou_site
5649,visitou_site
5289,visitou_site
4394,renovou
3433,visitou_site
1352,assistiu_1a_aula
1547,criou_conta
2546,assinou_plano
4003,assistiu_1a_aula
1511,visitou_site
4519,visitou_site
3487,visitou_site
3565,assistiu_1a_aula
3926,assinou_plano
2024,assistiu_1a_aula
1013,Assinou_Plano
2979,assistiu_1a_aula
2868,criou_conta
1520,renovou
1325,assistiu_1a_aula
2615,assistiu_1a_aula
1515,criou_conta
2130,criou_conta
2848,criou_conta
1421,criou_conta
2569,criou_conta
1900,visitou_site
2298,visitou_site
3965,criou_conta
5236,visitou_site
5006,visitou_site
4456,assistiu_1a_aula
2491,renovou
5405,visitou_site
1841,visitou_site
4821,assistiu_1a_aula
5347,visitou_site
1431,visitou_site
2860,criou_conta
3075,criou_conta
5473,assistiu_1a_aula
5032,criou_conta
3150,visitou_site
3895,assistiu_1a_aula
5825,Assinou_Plano
3734,criou_conta
4023,renovou
5215,criou_conta
5000,Assinou_Plano
4073,visitou_site
2811,criou_conta
3115,renovou
2423,renovou
1058,assistiu_1a_aula
5090,assinou_plano
2780,criou_conta
5724,criou_conta
2358,criou_conta
3763,criou_conta
1828,visitou_site
4392,visitou_site
3610,renovou
2614,assistiu_1a_aula
2815,assistiu_1a_aula
2088,assistiu_1a_aula
5809,criou_conta
4765,assistiu_1a_aula
4104,criou_conta
2990,visitou_site
4846,visitou_site
3754,renovou
5955,assistiu_1a_aula
5312,visitou_site
1615,assistiu_1a_aula
1632,visitou_site
1864,assinou_plano
5971,criou_conta
5498,visitou_site
1612,criou_conta
1096,assistiu_1a_aula
1100,assistiu_1a_aula
5647,criou_conta
2530,criou_conta
3133,assistiu_1a_aula
3820,visitou_site
5440,visitou_site
5854,visitou_site
3488,assistiu_1a_aula
1405,criou_conta
4678,assistiu_1a_aula
2589,visitou_site
1665,visitou_site
3012,assinou_plano
2612,criou_conta
2773,assinou_plano
4929,Assinou_Plano
4036,criou_conta
1921,visitou_site
2969,criou_conta
5918,assistiu_1a_aula
3896,criou_conta
3667,assinou_plano
3636,assistiu_1a_aula
3016,assistiu_1a_aula
4146,visitou_site
5348,assistiu_1a_aula
3508,visitou_site
2742,criou_conta
5176,visitou_site
2556,criou_conta
3189,visitou_site
3639,criou_conta
2646,criou_conta
5872,criou_conta
1153,criou_conta
2821,criou_conta
5440,criou_conta
1671,assinou plano
4049,visitou_site
1100,visitou_site
1123,criou_conta
5203,assinou plano
4209,visitou_site
5501,visitou_site
2577,visitou_site
2876,assistiu_1a_aula
5618,assistiu_1a_aula
1710,visitou_site
2017,criou_conta
4637,assinou_plano
3393,visitou_site
2122,renovou
2259,Assinou_Plano
4948,visitou_site
3319,visitou_site
3993,assistiu_1a_aula
1425,assistiu_1a_aula
2721,visitou_site
4075,visitou_site
3783,assistiu_1a_aula
4248,renovou
4706,criou_conta
3945,visitou_site
2035,assistiu_1a_aula
5632,renovou
1297,visitou_site
2142,assistiu_1a_aula
4684,visitou_site
3756,assistiu_1a_aula
1312,assistiu_1a_aula
3195,visitou_site
1159,criou_conta
3308,visitou_site
1975,visitou_site
2281,criou_conta
4299,visitou_site
5597,assinou_plano
1615,criou_conta
4578,visitou_site
1422,visitou_site
5336,visitou_site
2644,visitou_site
5255,assistiu_1a_aula
5849,assistiu_1a_aula
3694,visitou_site
1630,assistiu_1a_aula
5837,criou_conta
1655,renovou
3031,renovou
4610,criou_conta
3759,criou_conta
5819,criou_conta
5329,visitou_site
3743,assistiu_1a_aula
4653,visitou_site
3146,assinou_plano
3957,renovou
1624,visitou_site
2169,criou_conta
4240,visitou_site
1687,visitou_site
3042,assistiu_1a_aula
1872,criou_conta
3215,assinou_plano
4533,assistiu_1a_aula
3436,visitou_site
3342,visitou_site
3662,criou_conta
1084,criou_conta
3281,criou_conta
5994,visitou_site
2356,visitou_site
5357,assistiu_1a_aula
2897,assistiu_1a_aula
3961,visitou_site
5207,criou_conta
5694,visitou_site
3302,renovou
3008,assinou_plano
2018,assistiu_1a_aula
5518,visitou_site
1555,visitou_site
2884,assistiu_1a_aula
3583,visitou_site
5206,criou_conta
1506,assistiu_1a_aula
2164,assistiu_1a_aula
5642,criou_conta
3442,assistiu_1a_aula
5868,criou_conta
5152,assinou_plano
4727,assinou plano
1735,criou_conta
2221,assistiu_1a_aula
3494,Assinou_Plano
2441,visitou_site
1145,assistiu_1a_aula
2645,assinou plano
4485,visitou_site
5758,visitou_site
2568,assistiu_1a_aula
5951,criou_conta
4055,assistiu_1a_aula
1625,visitou_site
1357,visitou_site
4496,assistiu_1a_aula
3895,visitou_site
5900,assinou plano
1114,visitou_site
3074,visitou_site
2564,renovou
3447,visitou_site
1230,criou_conta
3735,visitou_site
5555,visitou_site
3717,Assinou_Plano
3575,visitou_site
2702,visitou_site
3675,assistiu_1a_aula
1187,Assinou_Plano
4143,visitou_site
1560,criou_conta
1800,visitou_site
2842,criou_conta
3141,assistiu_1a_aula
4605,assistiu_1a_aula
4144,visitou_site
4003,criou_conta
4598,assistiu_1a_aula
2675,renovou
5232,visitou_site
2480,assinou_plano
1084,assistiu_1a_aula
1501,visitou_site
5645,visitou_site
3146,assistiu_1a_aula
2665,visitou_site
2290,visitou_site
4447,renovou
3272,assistiu_1a_aula
1327,assinou_plano
4746,assistiu_1a_aula
4146,renovou
3108,assinou plano
1795,visitou_site
4235,assistiu_1a_aula
5090,renovou
4711,assistiu_1a_aula
5490,assistiu_1a_aula
5834,criou_conta
3648,Assinou_Plano
3864,visitou_site
1098,assistiu_1a_aula
1068,criou_conta
4393,assistiu_1a_aula
1318,criou_conta
1651,criou_conta
5764,renovou
5717,visitou_site
2796,assistiu_1a_aula
5561,visitou_site
4581,assistiu_1a_aula
3453,assistiu_1a_aula
5113,criou_conta
5161,assistiu_1a_aula
1316,Assinou_Plano
1450,assinou_plano
2605,visitou_site
2826,criou_conta
4319,assistiu_1a_aula
2245,visitou_site
2759,visitou_site
1020,visitou_site
4802,visitou_site
5353,criou_conta
2122,Assinou_Plano
2918,assistiu_1a_aula
5403,assistiu_1a_aula
4423,assistiu_1a_aula
4109,criou_conta
1327,renovou
2177,visitou_site
3867,visitou_site
4448,criou_conta
2776,visitou_site
4172,assistiu_1a_aula
1655,assistiu_1a_aula
1427,visitou_site
4097,criou_conta
2567,visitou_site
5463,criou_conta
4360,visitou_site
4645,assistiu_1a_aula
5587,assistiu_1a_aula
4967,visitou_site
2921,assinou plano
5668,visitou_site
2011,assistiu_1a_aula
2600,assistiu_1a_aula
3127,visitou_site
2970,assistiu_1a_aula
1273,visitou_site
4724,visitou_site
2159,criou_conta
5482,visitou_site
5803,assinou_plano
5961,assistiu_1a_aula
2529,renovou
2162,Assinou_Plano
2168,visitou_site
5152,visitou_site
1280,criou_conta
4552,assistiu_1a_aula
2202,visitou_site
2432,criou_conta
3411,criou_conta
3678,assinou plano
3555,visitou_site
3125,criou_conta
5247,criou_conta
3322,visitou_site
5198,assistiu_1a_aula
4276,visitou_site
1815,visitou_site
5067,assistiu_1a_aula
2480,assistiu_1a_aula
5626,criou_conta
2359,criou_conta
4112,visitou_site
5278,assinou_plano
1560,visitou_site
1532,assinou_plano
1895,visitou_site
5404,assistiu_1a_aula
5728,visitou_site
2845,criou_conta
3428,criou_conta
5193,visitou_site
1006,visitou_site
4389,visitou_site
1836,visitou_site
3882,visitou_site
3235,visitou_site
2645,visitou_site
4993,assistiu_1a_aula
3810,assistiu_1a_aula
5398,Assinou_Plano
1628,renovou
2393,criou_conta
3723,visitou_site
4521,assistiu_1a_aula
3241,visitou_site
2497,assistiu_1a_aula
1162,Assinou_Plano
4261,visitou_site
4759,assistiu_1a_aula
1453,visitou_site
3261,visitou_site
1036,visitou_site
1050,visitou_site
5906,visitou_site
1342,visitou_site
3702,criou_conta
4149,visitou_site
5706,visitou_site
4524,visitou_site
1497,visitou_site
4213,criou_conta
1468,assistiu_1a_aula
1751,criou_conta
4771,visitou_site
4660,assistiu_1a_aula
1668,visitou_site
2287,visitou_site
2085,visitou_site
2909,visitou_site
3239,criou_conta
4694,renovou
4642,renovou
4934,criou_conta
1753,assistiu_1a_aula
3064,visitou_site
3286,visitou_site
1315,criou_conta
4697,criou_conta
3972,visitou_site
2053,criou_conta
2268,visitou_site
2311,assistiu_1a_aula
1285,visitou_site
1723,visitou_site
4603,assistiu_1a_aula
1963,criou_conta
5913,renovou
4292,assistiu_1a_aula
1019,assistiu_1a_aula
5171,visitou_site
4243,visitou_site
3887,criou_conta
1339,visitou_site
5940,assistiu_1a_aula
4624,visitou_site
1825,criou_conta
2698,visitou_site
1879,criou_conta
1827,visitou_site
4521,visitou_site
3924,visitou_site
3832,assistiu_1a_aula
4416,criou_conta
3388,assinou plano
2970,visitou_site
3599,visitou_site
2290,criou_conta
2920,visitou_site
4025,visitou_site
3051,criou_conta
2638,assinou_plano
2697,assistiu_1a_aula
4977,visitou_site
2992,criou_conta
2505,assistiu_1a_aula
1724,assistiu_1a_aula
1729,assistiu_1a_aula
5065,criou_conta
3072,visitou_site
5875,assistiu_1a_aula
3279,Assinou_Plano
5034,assistiu_1a_aula
4273,visitou_site
4838,assistiu_1a_aula
5991,assistiu_1a_aula
5619,visitou_site
4741,assistiu_1a_aula
4410,assistiu_1a_aula
1612,assistiu_1a_aula
1662,visitou_site
2633,criou_conta
4639,assistiu_1a_aula
3256,assistiu_1a_aula
3483,assistiu_1a_aula
3999,assistiu_1a_aula
5915,visitou_site
1242,renovou
1959,visitou_site
4377,criou_conta
2932,assinou_plano
4539,visitou_site
5292,assistiu_1a_aula
5999,visitou_site
3642,assistiu_1a_aula
4530,assistiu_1a_aula
3598,criou_conta
1134,criou_conta
3692,assistiu_1a_aula
2420,assistiu_1a_aula
2717,visitou_site
2319,assistiu_1a_aula
1937,visitou_site
2552,renovou
4675,visitou_site
1316,assistiu_1a_aula
1422,assinou_plano
4337,criou_conta
5276,criou_conta
5664,criou_conta
5822,visitou_site
5003,criou_conta
4366,visitou_site
2179,visitou_site
4266,criou_conta
3060,assistiu_1a_aula
3047,Assinou_Plano
1338,assistiu_1a_aula
1318,assistiu_1a_aula
3995,criou_conta
4171,visitou_site
3624,visitou_site
2070,assistiu_1a_aula
3963,assistiu_1a_aula
1658,criou_conta
2358,visitou_site
1543,renovou
5790,assistiu_1a_aula
1915,criou_conta
3221,criou_conta
3456,visitou_site
2289,visitou_site
1187,renovou
2351,visitou_site
1816,criou_conta
1720,criou_conta
5054,visitou_site
1060,visitou_site
3600,assistiu_1a_aula
5201,visitou_site
1796,criou_conta
2879,criou_conta
3965,assistiu_1a_aula
2752,criou_conta
4704,visitou_site
5494,Assinou_Plano
3191,visitou_site
3899,visitou_site
1528,criou_conta
3554,visitou_site
4809,visitou_site
3570,visitou_site
3578,assistiu_1a_aula
3695,criou_conta
2033,Assinou_Plano
2814,criou_conta
2357,visitou_site
5543,visitou_site
3309,assistiu_1a_aula
4902,assistiu_1a_aula
3816,criou_conta
3377,renovou
4195,criou_conta
5483,visitou_site
3020,visitou_site
2446,visitou_site
3158,criou_conta
1019,visitou_site
3474,assistiu_1a_aula
3587,criou_conta
5403,visitou_site
3887,criou_conta
4761,assistiu_1a_aula
3653,assistiu_1a_aula
3250,visitou_site
3380,assistiu_1a_aula
2727,assistiu_1a_aula
4686,criou_conta
4992,visitou_site
4000,visitou_site
5763,assistiu_1a_aula
3304,criou_conta
5318,criou_conta
4992,criou_conta
3803,criou_conta
4909,visitou_site
5969,visitou_site
1180,visitou_site
1722,assistiu_1a_aula
3923,visitou_site
2394,assistiu_1a_aula
1097,assistiu_1a_aula
5118,criou_conta
4709,criou_conta
3941,assistiu_1a_aula
1336,visitou_site
2237,criou_conta
5085,visitou_site
1646,criou_conta
4758,visitou_site
5105,assistiu_1a_aula
2275,visitou_site
3627,assistiu_1a_aula
3824,assinou plano
3584,visitou_site
2581,visitou_site
5860,assistiu_1a_aula
5248,criou_conta
5593,criou_conta
4529,visitou_site
1816,assistiu_1a_aula
2437,visitou_site
1781,visitou_site
4570,criou_conta
1214,visitou_site
5867,assistiu_1a_aula
4835,visitou_site
2397,criou_conta
4959,assistiu_1a_aula
3971,assistiu_1a_aula
4998,assistiu_1a_aula
2453,visitou_site
3065,visitou_site
4528,criou_conta
4871,assistiu_1a_aula
2004,visitou_site
5896,assistiu_1a_aula
3962,criou_conta
4937,visitou_site
5441,renovou
1478,visitou_site
2649,assinou plano
3338,criou_conta
2033,visitou_site
3334,visitou_site
1910,assistiu_1a_aula
4620,assinou_plano
3302,visitou_site
5780,visitou_site
2487,assistiu_1a_aula
1187,assistiu_1a_aula
4711,assinou_plano
1268,criou_conta
4487,criou_conta
5201,assistiu_1a_aula
1080,assistiu_1a_aula
5451,criou_conta
3324,criou_conta
5350,visitou_site
1254,assistiu_1a_aula
3031,assinou plano
5000,criou_conta
5514,assistiu_1a_aula
4676,visitou_site
4204,criou_conta
4408,visitou_site
4527,visitou_site
1018,criou_conta
3477,visitou_site
4290,visitou_site
3909,assistiu_1a_aula
2764,assistiu_1a_aula
1696,visitou_site
1847,assistiu_1a_aula
1568,visitou_site
2429,criou_conta
4903,assinou plano
4286,assinou_plano
4711,renovou
4540,assistiu_1a_aula
4134,assistiu_1a_aula
2785,visitou_site
1252,criou_conta
2908,criou_conta
3501,visitou_site
1292,assistiu_1a_aula
1836,criou_conta
4482,assistiu_1a_aula
5693,visitou_site
3929,visitou_site
4725,visitou_site
5933,assistiu_1a_aula
2026,visitou_site
5293,visitou_site
2011,criou_conta
4265,criou_conta
2046,assistiu_1a_aula
4414,assinou plano
2501,criou_conta
3170,assinou plano
5254,assistiu_1a_aula
5011,assistiu_1a_aula
3508,renovou
5120,visitou_site
4152,criou_conta
5718,criou_conta
2450,renovou
2957,visitou_site
1207,visitou_site
1982,criou_conta
2018,renovou
5703,visitou_site
1612,assinou_plano
4494,visitou_site
1162,criou_conta
1028,assistiu_1a_aula
3050,visitou_site
4927,visitou_site
3248,criou_conta
3628,assinou_plano
2394,criou_conta
5352,criou_conta
3050,assistiu_1a_aula
2098,assinou_plano
1812,assistiu_1a_aula
4548,criou_conta
4125,assistiu_1a_aula
3975,visitou_site
2542,visitou_site
4684,criou_conta
2957,renovou
2974,assistiu_1a_aula
4217,assinou plano
4963,visitou_site
1163,visitou_site
3390,Assinou_Plano
4919,visitou_site
5895,visitou_site
4628,criou_conta
1034,renovou
4588,visitou_site
5479,assinou_plano
1086,visitou_site
4013,Assinou_Plano
2897,criou_conta
5423,criou_conta
3895,assinou_plano
1704,assistiu_1a_aula
2495,visitou_site
2618,assistiu_1a_aula
3251,assistiu_1a_aula
5710,criou_conta
1756,renovou
5043,criou_conta
1726,renovou
2849,renovou
2232,assinou plano
4779,assistiu_1a_aula
5717,criou_conta
3478,visitou_site
2267,assistiu_1a_aula
2231,criou_conta
4661,criou_conta
2918,renovou
1962,visitou_site
4953,visitou_site
1304,renovou
2701,visitou_site
4414,assistiu_1a_aula
4907,visitou_site
1520,criou_conta
4281,assistiu_1a_aula
1838,visitou_site
4916,assistiu_1a_aula
2465,assinou_plano
2919,assistiu_1a_aula
5797,visitou_site
3106,visitou_site
2808,assistiu_1a_aula
1699,visitou_site
4669,criou_conta
4004,criou_conta
3399,visitou_site
1803,assistiu_1a_aula
3178,visitou_site
2454,assistiu_1a_aula
2586,visitou_site
4844,renovou
3660,assistiu_1a_aula
2561,criou_conta
3754,criou_conta
5958,visitou_site
5399,visitou_site
5068,assistiu_1a_aula
4601,visitou_site
5990,assistiu_1a_aula
5827,criou_conta
2643,visitou_site
1031,assistiu_1a_aula
3255,Assinou_Plano
1604,visitou_site
5161,criou_conta
2455,visitou_site
5377,criou_conta
4679,criou_conta
5054,criou_conta
5024,assinou plano
4965,visitou_site
4515,visitou_site
2502,visitou_site
1775,visitou_site
2496,visitou_site
5030,visitou_site
3772,assinou_plano
5263,visitou_site
2545,visitou_site
5687,criou_conta
4909,assistiu_1a_aula
3815,visitou_site
2468,criou_conta
1059,criou_conta
4557,visitou_site
3390,visitou_site
3398,visitou_site
2311,visitou_site
3883,visitou_site
4009,criou_conta
4319,visitou_site
2501,assistiu_1a_aula
4507,assistiu_1a_aula
2861,visitou_site
2791,visitou_site
3971,visitou_site
5517,assistiu_1a_aula
5242,visitou_site
3681,visitou_site
5980,visitou_site
2007,Assinou_Plano
4786,visitou_site
2712,visitou_site
5975,visitou_site
1092,visitou_site
2076,criou_conta
2350,criou_conta
2217,visitou_site
4735,criou_conta
5769,visitou_site
4370,criou_conta
5408,criou_conta
2348,visitou_site
1609,visitou_site
1558,criou_conta
5278,assistiu_1a_aula
1883,visitou_site
5361,criou_conta
1906,criou_conta
5156,visitou_site
5408,assinou plano
1493,visitou_site
4556,assistiu_1a_aula
1783,renovou
4145,assistiu_1a_aula
5434,assinou_plano
5960,visitou_site
1245,assistiu_1a_aula
4180,criou_conta
1989,visitou_site
3150,criou_conta
5562,assistiu_1a_aula
1396,criou_conta
4953,assistiu_1a_aula
1780,criou_conta
3510,assistiu_1a_aula
2499,visitou_site
1397,criou_conta
1494,criou_conta
5850,visitou_site
5826,assistiu_1a_aula
4094,visitou_site
5320,visitou_site
3544,assistiu_1a_aula
5062,criou_conta
2526,visitou_site
2682,visitou_site
2987,visitou_site
3548,visitou_site
3772,criou_conta
3999,visitou_site
5047,assistiu_1a_aula
3751,criou_conta
3244,criou_conta
4475,renovou
2191,criou_conta
3378,visitou_site
4844,assistiu_1a_aula
4601,criou_conta
1845,visitou_site
5434,assistiu_1a_aula
2465,criou_conta
1248,criou_conta
5356,visitou_site
3523,assinou plano
2087,visitou_site
1979,criou_conta
5386,visitou_site
2735,visitou_site
3133,criou_conta
3281,visitou_site
5611,assistiu_1a_aula
5713,assistiu_1a_aula
3173,criou_conta
5273,Assinou_Plano
3614,visitou_site
4131,assinou_plano
4022,visitou_site
5305,assistiu_1a_aula
4080,visitou_site
1014,criou_conta
2778,assinou plano
2486,visitou_site
5469,assistiu_1a_aula
3549,assistiu_1a_aula
3511,visitou_site
1532,visitou_site
3754,assinou plano
3603,criou_conta
3406,criou_conta
4018,visitou_site
1588,assinou plano
2395,visitou_site
1710,criou_conta
3480,criou_conta
1989,assistiu_1a_aula
5314,assistiu_1a_aula
3235,criou_conta
1884,criou_conta
3181,criou_conta
1221,criou_conta
1387,criou_conta
4794,renovou
3767,visitou_site
3409,visitou_site
4728,criou_conta
4633,assistiu_1a_aula
1157,visitou_site
3797,assistiu_1a_aula
1062,visitou_site
1821,visitou_site
4325,renovou
3666,visitou_site
4148,visitou_site
5980,assistiu_1a_aula
5274,visitou_site
1726,Assinou_Plano
2629,visitou_site
4115,criou_conta
3786,visitou_site
3665,assistiu_1a_aula
3816,Assinou_Plano
3377,criou_conta
4795,Assinou_Plano
3584,criou_conta
3748,Assinou_Plano
1040,assistiu_1a_aula
5168,visitou_site
4659,visitou_site
5089,visitou_site
2456,visitou_site
3581,visitou_site
2403,visitou_site
5367,assistiu_1a_aula
4750,criou_conta
5161,visitou_site
4838,visitou_site
4774,assistiu_1a_aula
3747,visitou_site
3670,criou_conta
3883,criou_conta
2154,assistiu_1a_aula
3091,visitou_site
5508,assinou_plano
3821,criou_conta
4839,assistiu_1a_aula
5224,visitou_site
3351,renovou
4786,criou_conta
5746,visitou_site
4600,visitou_site
2204,visitou_site
1657,renovou
2942,criou_conta
2011,visitou_site
5262,visitou_site
1990,visitou_site
3549,criou_conta
1536,visitou_site
5605,visitou_site
5953,criou_conta
4347,criou_conta
5839,criou_conta
1116,visitou_site
1402,visitou_site
1548,renovou
1942,criou_conta
1677,visitou_site
5378,assistiu_1a_aula
1852,visitou_site
4222,assinou_plano
2610,visitou_site
2030,assistiu_1a_aula
2436,assistiu_1a_aula
5780,criou_conta
2054,visitou_site
2228,visitou_site
5283,visitou_site
2592,assistiu_1a_aula
4281,criou_conta
3267,visitou_site
3513,visitou_site
3506,assistiu_1a_aula
4375,criou_conta
5305,assinou_plano
3601,visitou_site
3678,criou_conta
5785,visitou_site
4336,assistiu_1a_aula
3592,assistiu_1a_aula
1493,criou_conta
4417,criou_conta
1532,criou_conta
2020,criou_conta
1481,assistiu_1a_aula
2662,visitou_site
4041,visitou_site
5666,criou_conta
3683,visitou_site
2681,assistiu_1a_aula
5500,assistiu_1a_aula
2089,criou_conta
4083,criou_conta
1704,renovou
2395,assistiu_1a_aula
5368,visitou_site
3184,visitou_site
2396,assistiu_1a_aula
3206,assistiu_1a_aula
1851,assistiu_1a_aula
4980,visitou_site
2006,criou_conta
4944,criou_conta
2813,assinou_plano
3634,visitou_site
2019,assinou_plano
5207,assistiu_1a_aula
1926,assistiu_1a_aula
1225,visitou_site
4829,assinou plano
3584,assistiu_1a_aula
5803,renovou
4280,visitou_site
4026,visitou_site
3814,criou_conta
3088,assinou_plano
2696,criou_conta
2215,assistiu_1a_aula
1241,renovou
1318,visitou_site
2321,criou_conta
4399,criou_conta
2957,criou_conta
2469,visitou_site
4706,assistiu_1a_aula
3224,criou_conta
5839,visitou_site
3824,criou_conta
5755,visitou_site
3355,criou_conta
2549,criou_conta
1022,assistiu_1a_aula
3211,assistiu_1a_aula
1114,assinou plano
2575,criou_conta
4883,criou_conta
5169,visitou_site
3267,criou_conta
1218,visitou_site
3963,criou_conta
3057,assistiu_1a_aula
3114,criou_conta
3180,renovou
3179,visitou_site
4362,criou_conta
2077,visitou_site
2874,criou_conta
1650,assinou plano
1875,assistiu_1a_aula
5249,visitou_site
5411,assistiu_1a_aula
2789,assistiu_1a_aula
3425,visitou_site
2878,assistiu_1a_aula
4000,renovou
3847,visitou_site
5377,visitou_site
4487,visitou_site
5424,assinou_plano
2458,assistiu_1a_aula
2680,criou_conta
1899,criou_conta
3055,criou_conta
5685,assistiu_1a_aula
3634,criou_conta
4385,visitou_site
3545,visitou_site
2791,criou_conta
2588,visitou_site
1715,visitou_site
2018,visitou_site
5755,criou_conta
3143,Assinou_Plano
2922,criou_conta
3615,criou_conta
1296,criou_conta
4323,renovou
3890,assistiu_1a_aula
2530,visitou_site
5730,criou_conta
3617,assistiu_1a_aula
5309,assinou plano
2278,criou_conta
2340,assistiu_1a_aula
5471,assistiu_1a_aula
1164,visitou_site
4216,assistiu_1a_aula
1776,assistiu_1a_aula
3476,assinou_plano
5378,criou_conta
1122,criou_conta
5480,criou_conta
5289,criou_conta
5804,visitou_site
3903,visitou_site
5580,criou_conta
1786,visitou_site
4217,visitou_site
5389,Assinou_Plano
4047,criou_conta
5123,visitou_site
4282,visitou_site
4887,visitou_site
5182,visitou_site
3352,assistiu_1a_aula
5653,criou_conta
5310,Assinou_Plano
4135,visitou_site
3508,assistiu_1a_aula
2617,assistiu_1a_aula
2103,renovou
1138,Assinou_Plano
1961,criou_conta
5485,visitou_site
5709,assistiu_1a_aula
5841,assinou plano
4313,assistiu_1a_aula
1029,visitou_site
2422,criou_conta
1063,criou_conta
5400,criou_conta
2209,criou_conta
3360,visitou_site
3204,assinou plano
5158,assistiu_1a_aula
2481,criou_conta
3491,visitou_site
2587,visitou_site
2331,visitou_site
1526,assistiu_1a_aula
2493,assistiu_1a_aula
5483,criou_conta
3570,assistiu_1a_aula
3678,visitou_site
2009,visitou_site
5528,assistiu_1a_aula
4264,criou_conta
3119,assistiu_1a_aula
2914,visitou_site
3614,criou_conta
4807,assistiu_1a_aula
5722,criou_conta
5218,assistiu_1a_aula
5691,visitou_site
2850,criou_conta
4332,assistiu_1a_aula
5833,visitou_site
4783,visitou_site
3463,criou_conta
1024,criou_conta
5652,renovou
5535,visitou_site
2469,criou_conta
2356,criou_conta
4612,visitou_site
3196,assistiu_1a_aula
4052,visitou_site
2685,assistiu_1a_aula
2060,visitou_site
1311,visitou_site
5084,criou_conta
4349,assistiu_1a_aula
4685,assistiu_1a_aula
3691,criou_conta
1762,criou_conta
2250,visitou_site
1091,criou_conta
4441,assistiu_1a_aula
2538,visitou_site
5942,visitou_site
4611,criou_conta
3221,assistiu_1a_aula
3648,renovou
1499,visitou_site
4610,visitou_site
4894,visitou_site
4816,visitou_site
5526,assistiu_1a_aula
3268,visitou_site
1950,criou_conta
4148,criou_conta
3557,visitou_site
1538,criou_conta
5245,criou_conta
4710,criou_conta
3669,assistiu_1a_aula
2622,visitou_site
4566,assistiu_1a_aula
4687,renovou
5154,visitou_site
4470,visitou_site
1034,assistiu_1a_aula
4266,assistiu_1a_aula
5051,renovou
1532,assistiu_1a_aula
3757,assistiu_1a_aula
5195,visitou_site
1198,visitou_site
4197,visitou_site
5695,assistiu_1a_aula
5092,assinou_plano
5142,assistiu_1a_aula
1807,visitou_site
2013,criou_conta
2803,criou_conta
3995,assinou plano
3662,assistiu_1a_aula
1442,visitou_site
1006,assinou plano
1868,visitou_site
5841,renovou
1151,assistiu_1a_aula
4950,criou_conta
5181,criou_conta
4038,assistiu_1a_aula
3926,visitou_site
3701,criou_conta
2333,assistiu_1a_aula
3993,visitou_site
4288,assistiu_1a_aula
1657,assinou plano
1267,assinou plano
5860,visitou_site
1722,visitou_site
2007,renovou
3292,criou_conta
3574,visitou_site
5910,criou_conta
3187,criou_conta
5208,assinou_plano
5553,assistiu_1a_aula
1107,criou_conta
5554,assistiu_1a_aula
3784,assinou_plano
3148,visitou_site
3157,visitou_site
1043,renovou
2034,criou_conta
3376,visitou_site
5819,visitou_site
3520,visitou_site
1974,visitou_site
4333,visitou_site
1749,criou_conta
3898,criou_conta
4751,visitou_site
2262,assistiu_1a_aula
1499,criou_conta
5389,assistiu_1a_aula
1473,assistiu_1a_aula
4866,criou_conta
1271,Assinou_Plano
4806,assistiu_1a_aula
5451,assistiu_1a_aula
4010,criou_conta
3371,visitou_site
2392,criou_conta
2678,criou_conta
5508,criou_conta
5818,criou_conta
4876,visitou_site
1912,Assinou_Plano
1607,assistiu_1a_aula
5189,visitou_site
1441,visitou_site
4271,criou_conta
4273,assistiu_1a_aula
5354,assistiu_1a_aula
5878,assinou plano
5248,Assinou_Plano
5100,criou_conta
2413,visitou_site
4769,visitou_site
2091,visitou_site
4829,assistiu_1a_aula
5745,renovou
2461,visitou_site
1513,assistiu_1a_aula
4573,criou_conta
5579,visitou_site
4915,visitou_site
4582,assistiu_1a_aula
4912,Assinou_Plano
5025,criou_conta
2196,criou_conta
2681,visitou_site
1105,visitou_site
4603,visitou_site
3302,assinou_plano
4543,visitou_site
3190,visitou_site
2150,criou_conta
3687,visitou_site
3686,visitou_site
5608,visitou_site
5557,visitou_site
3222,assinou plano
4373,visitou_site
5839,Assinou_Plano
1373,visitou_site
1228,visitou_site
4536,visitou_site
2713,visitou_site
4568,visitou_site
2121,criou_conta
1288,criou_conta
3747,criou_conta
2734,criou_conta
5734,assistiu_1a_aula
5055,visitou_site
3576,criou_conta
3251,visitou_site
4398,visitou_site
2452,visitou_site
2690,renovou
5398,renovou
4315,assistiu_1a_aula
3713,criou_conta
1267,visitou_site
5519,assistiu_1a_aula
2081,visitou_site
2304,assinou_plano
4734,Assinou_Plano
2986,visitou_site
4472,visitou_site
4374,visitou_site
4707,visitou_site
4819,criou_conta
1210,renovou
4985,visitou_site
4292,visitou_site
4250,visitou_site
3890,visitou_site
1570,assistiu_1a_aula
5934,renovou
2975,criou_conta
1526,visitou_site
2521,visitou_site
2693,criou_conta
2096,assistiu_1a_aula
4838,assinou plano
3535,visitou_site
1374,visitou_site
1599,visitou_site
4726,visitou_site
1416,visitou_site
1874,visitou_site
4748,visitou_site
3408,Assinou_Plano
1859,visitou_site
5284,visitou_site
4908,criou_conta
2444,visitou_site
4309,criou_conta
3394,assistiu_1a_aula
2259,criou_conta
5638,criou_conta
4897,visitou_site
1095,criou_conta
3922,criou_conta
4093,visitou_site
3071,visitou_site
5626,assistiu_1a_aula
2582,visitou_site
3886,assistiu_1a_aula
5338,criou_conta
1951,assistiu_1a_aula
4498,visitou_site
4799,criou_conta
4329,criou_conta
2959,visitou_site
5538,criou_conta
3145,criou_conta
4884,criou_conta
4039,assinou_plano
2882,criou_conta
5252,assistiu_1a_aula
5191,criou_conta
3664,assistiu_1a_aula
5817,criou_conta
4134,criou_conta
3687,Assinou_Plano
4054,assistiu_1a_aula
1385,visitou_site
4907,criou_conta
5006,criou_conta
1398,visitou_site
2749,criou_conta
3277,criou_conta
4988,visitou_site
5159,assinou_plano
2709,visitou_site
2523,visitou_site
4794,criou_conta
4931,assistiu_1a_aula
5922,assistiu_1a_aula
2692,criou_conta
2213,assistiu_1a_aula
1477,visitou_site
5283,renovou
2337,assistiu_1a_aula
2876,visitou_site
5970,criou_conta
5609,assistiu_1a_aula
3314,renovou
5438,assinou_plano
2546,criou_conta
4260,criou_conta
3797,renovou
1079,visitou_site
2958,criou_conta
1525,visitou_site
3108,visitou_site
1680,visitou_site
2964,criou_conta
5692,criou_conta
4337,assistiu_1a_aula
4312,visitou_site
3888,visitou_site
4562,criou_conta
4682,assistiu_1a_aula
4901,visitou_site
4361,renovou
2627,visitou_site
5695,criou_conta
5507,criou_conta
3982,assistiu_1a_aula
2713,criou_conta
5959,visitou_site
3704,visitou_site
2324,assistiu_1a_aula
5779,renovou
2361,visitou_site
4475,assistiu_1a_aula
4738,assistiu_1a_aula
2148,visitou_site
4517,assistiu_1a_aula
3788,criou_conta
5070,visitou_site
5081,assistiu_1a_aula
4083,assinou_plano
2387,criou_conta
3610,assistiu_1a_aula
2042,assistiu_1a_aula
4008,criou_conta
2243,criou_conta
5219,visitou_site
5040,visitou_site
3630,visitou_site
1701,criou_conta
5841,assistiu_1a_aula
4657,visitou_site
1665,renovou
1971,criou_conta
4325,criou_conta
5464,criou_conta
1997,visitou_site
5891,criou_conta
1167,assistiu_1a_aula
1132,criou_conta
5345,visitou_site
3663,assistiu_1a_aula
4330,visitou_site
5984,visitou_site
2487,visitou_site
1033,criou_conta
4464,criou_conta
4453,criou_conta
5744,criou_conta
2647,renovou
1671,criou_conta
1066,criou_conta
5158,criou_conta
3680,visitou_site
1837,visitou_site
5930,assistiu_1a_aula
4703,visitou_site
2842,visitou_site
1499,renovou
1588,assistiu_1a_aula
3332,criou_conta
1917,visitou_site
2303,visitou_site
3517,criou_conta
4870,assistiu_1a_aula
5282,visitou_site
3664,criou_conta
5148,assistiu_1a_aula
3615,visitou_site
1651,assistiu_1a_aula
4482,assinou plano
3668,renovou
4791,criou_conta
3984,assistiu_1a_aula
4857,visitou_site
4405,assistiu_1a_aula
4258,criou_conta
2257,criou_conta
4753,visitou_site
3643,criou_conta
1825,assistiu_1a_aula
4686,visitou_site
3642,renovou
1269,assistiu_1a_aula
1274,criou_conta
5497,visitou_site
1629,criou_conta
3577,visitou_site
4430,assistiu_1a_aula
3919,criou_conta
4630,visitou_site
4296,criou_conta
2898,criou_conta
4687,assistiu_1a_aula
3016,criou_conta
5276,visitou_site
1159,visitou_site
2902,visitou_site
5828,assistiu_1a_aula
4944,visitou_site
4025,assistiu_1a_aula
4270,assistiu_1a_aula
3366,visitou_site
2310,assistiu_1a_aula
2483,visitou_site
2455,assistiu_1a_aula
1766,visitou_site
4228,visitou_site
2175,assistiu_1a_aula
5683,criou_conta
3805,visitou_site
1207,criou_conta
5405,renovou
3281,renovou
3715,criou_conta
3422,criou_conta
5926,criou_conta
1944,assistiu_1a_aula
4908,assistiu_1a_aula
3579,visitou_site
3982,Assinou_Plano
4426,visitou_site
1724,criou_conta
5424,criou_conta
5798,assinou_plano
5614,criou_conta
3355,assistiu_1a_aula
4118,visitou_site
1205,criou_conta
4207,visitou_site
1136,assistiu_1a_aula
1711,visitou_site
5170,renovou
5059,criou_conta
4818,visitou_site
5741,visitou_site
5087,visitou_site
2719,criou_conta
2195,assinou plano
3043,visitou_site
4934,assistiu_1a_aula
2123,assinou plano
4412,visitou_site
3343,visitou_site
1628,criou_conta
1628,assinou_plano
1445,criou_conta
5933,visitou_site
2417,criou_conta
4098,visitou_site
5509,criou_conta
2392,assistiu_1a_aula
4150,visitou_site
2436,criou_conta
1856,criou_conta
1422,criou_conta
2786,renovou
4974,renovou
4503,visitou_site
1389,assistiu_1a_aula
5539,visitou_site
3967,assinou plano
2986,criou_conta
5184,Assinou_Plano
5012,assinou plano
1107,visitou_site
2178,criou_conta
4512,visitou_site
4666,visitou_site
3646,visitou_site
5620,renovou
4594,assistiu_1a_aula
2263,assistiu_1a_aula
1472,assinou_plano
1026,criou_conta
1754,assistiu_1a_aula
1840,renovou
2571,visitou_site
5011,visitou_site
2016,criou_conta
2919,visitou_site
5715,criou_conta
3195,assistiu_1a_aula
1411,assistiu_1a_aula
5507,visitou_site
4727,visitou_site
4261,criou_conta
4810,assistiu_1a_aula
4948,criou_conta
2431,visitou_site
2646,assinou plano
2539,visitou_site
3773,visitou_site
2862,assistiu_1a_aula
2701,criou_conta
5589,assinou_plano
3626,assistiu_1a_aula
4197,criou_conta
3081,renovou
2170,assinou_plano
4028,assinou_plano
5677,criou_conta
5771,criou_conta
3018,criou_conta
1921,assistiu_1a_aula
3402,renovou
2917,criou_conta
2624,Assinou_Plano
1126,visitou_site
1338,visitou_site
5588,criou_conta
1403,visitou_site
5352,assistiu_1a_aula
5471,renovou
4787,assinou_plano
3471,criou_conta
1872,assistiu_1a_aula
5516,criou_conta
4127,visitou_site
3396,criou_conta
4716,visitou_site
2058,visitou_site
1624,criou_conta
2805,assistiu_1a_aula
3508,assinou_plano
4357,visitou_site
3586,visitou_site
4275,criou_conta
1785,assistiu_1a_aula
1923,criou_conta
4923,assistiu_1a_aula
5620,criou_conta
2515,criou_conta
5353,visitou_site
1731,criou_conta
5307,Assinou_Plano
5596,criou_conta
3769,assistiu_1a_aula
5453,criou_conta
1148,Assinou_Plano
2771,assistiu_1a_aula
3733,visitou_site
2130,assistiu_1a_aula
5925,assistiu_1a_aula
3668,assinou_plano
4050,criou_conta
4208,visitou_site
4120,visitou_site
5693,criou_conta
4169,assistiu_1a_aula
4269,visitou_site
1965,visitou_site
2569,visitou_site
1756,criou_conta
3514,visitou_site
2352,assistiu_1a_aula
4081,criou_conta
1031,criou_conta
4503,renovou
5711,visitou_site
1042,assistiu_1a_aula
2113,criou_conta
4912,renovou
4239,assinou_plano
3185,visitou_site
2185,assistiu_1a_aula
4636,criou_conta
3511,assinou_plano
3225,visitou_site
1737,visitou_site
4639,criou_conta
3825,criou_conta
4799,assistiu_1a_aula
2084,visitou_site
5109,visitou_site
4305,visitou_site
4659,criou_conta
4344,visitou_site
5380,criou_conta
4355,visitou_site
3215,visitou_site
5421,criou_conta
4716,assistiu_1a_aula
2124,assistiu_1a_aula
2235,visitou_site
2502,criou_conta
4297,assinou_plano
5952,visitou_site
4601,assinou_plano
1327,visitou_site
4588,renovou
3805,assistiu_1a_aula
4062,visitou_site
5312,criou_conta
3111,assistiu_1a_aula
2225,visitou_site
5497,criou_conta
3769,criou_conta
3456,assistiu_1a_aula
4165,assistiu_1a_aula
3178,assistiu_1a_aula
4658,criou_conta
3702,visitou_site
5034,criou_conta
5844,assistiu_1a_aula
3678,assistiu_1a_aula
2467,assistiu_1a_aula
1925,assistiu_1a_aula
2591,visitou_site
4503,assistiu_1a_aula
5686,visitou_site
3736,visitou_site
3392,assistiu_1a_aula
5129,visitou_site
2089,visitou_site
5290,criou_conta
5400,assistiu_1a_aula
4018,assistiu_1a_aula
4462,criou_conta
3583,criou_conta
5191,visitou_site
5737,visitou_site
5524,visitou_site
4947,criou_conta
1877,renovou
2573,criou_conta
5827,Assinou_Plano
3275,criou_conta
4403,assistiu_1a_aula
2345,assistiu_1a_aula
4710,assistiu_1a_aula
2211,assistiu_1a_aula
2423,criou_conta
2139,criou_conta
4911,renovou
3071,assistiu_1a_aula
2737,criou_conta
2470,visitou_site
1724,visitou_site
4504,visitou_site
4297,assistiu_1a_aula
3882,criou_conta
4097,visitou_site
5924,criou_conta
3582,visitou_site
3014,assinou plano
4466,visitou_site
5682,assistiu_1a_aula
3512,assinou_plano
2032,visitou_site
4301,visitou_site
1596,criou_conta
3851,assinou_plano
4007,criou_conta
5464,assinou plano
3780,assistiu_1a_aula
3904,assistiu_1a_aula
5484,visitou_site
5637,assistiu_1a_aula
1462,assistiu_1a_aula
3353,criou_conta
2199,visitou_site
3506,criou_conta
5355,criou_conta
3914,visitou_site
1046,visitou_site
2895,criou_conta
2855,visitou_site
3298,criou_conta
4171,criou_conta
3240,assistiu_1a_aula
1312,visitou_site
3761,assinou_plano
2316,assinou plano
5262,criou_conta
3682,assistiu_1a_aula
2049,assinou plano
4867,visitou_site
5282,assistiu_1a_aula
5815,visitou_site
3704,assistiu_1a_aula
5536,assinou plano
2423,visitou_site
3030,assistiu_1a_aula
3828,assistiu_1a_aula
3280,renovou
4137,criou_conta
3868,visitou_site
4265,visitou_site
5273,visitou_site
2818,visitou_site
2931,criou_conta
3680,criou_conta
2221,criou_conta
4122,assistiu_1a_aula
2258,Assinou_Plano
1088,visitou_site
3281,assistiu_1a_aula
1818,renovou
3765,assistiu_1a_aula
1350,assinou plano
3760,criou_conta
1468,criou_conta
2819,visitou_site
1958,visitou_site
5809,visitou_site
4796,assistiu_1a_aula
2298,criou_conta
4335,renovou
5954,visitou_site
3931,visitou_site
3003,assistiu_1a_aula
1164,assistiu_1a_aula
4307,visitou_site
2769,criou_conta
1767,visitou_site
1005,visitou_site
1049,assistiu_1a_aula
4231,visitou_site
3542,assistiu_1a_aula
3068,assistiu_1a_aula
3306,visitou_site
2095,visitou_site
5938,visitou_site
5472,visitou_site
4060,assistiu_1a_aula
3973,assinou_plano
4361,assinou_plano
2499,assistiu_1a_aula
4203,criou_conta
4500,Assinou_Plano
2529,visitou_site
4262,assistiu_1a_aula
2799,assistiu_1a_aula
4051,visitou_site
5834,visitou_site
3913,visitou_site
5161,renovou
4324,assistiu_1a_aula
1227,visitou_site
2427,visitou_site
4191,visitou_site
1229,assistiu_1a_aula
1062,assistiu_1a_aula
4071,assinou plano
5458,assistiu_1a_aula
5785,criou_conta
3728,visitou_site
5835,criou_conta
2799,visitou_site
5324,visitou_site
3749,criou_conta
5310,renovou
3177,visitou_site
1469,criou_conta
5594,visitou_site
5334,Assinou_Plano
3211,visitou_site
3954,visitou_site
3709,criou_conta
4356,visitou_site
3916,renovou
5583,visitou_site
4159,visitou_site
3919,assistiu_1a_aula
1926,criou_conta
1046,renovou
3922,visitou_site
5763,visitou_site
5051,assinou plano
5314,visitou_site
3826,assistiu_1a_aula
1420,assistiu_1a_aula
4497,assistiu_1a_aula
3999,criou_conta
4510,visitou_site
1613,criou_conta
1280,visitou_site
2603,criou_conta
1087,visitou_site
1161,assistiu_1a_aula
5956,assistiu_1a_aula
2382,visitou_site
3507,visitou_site
3314,assinou plano
1286,criou_conta
3072,assistiu_1a_aula
3561,assistiu_1a_aula
3833,assistiu_1a_aula
2208,visitou_site
4438,visitou_site
3902,visitou_site
3885,criou_conta
5798,assinou_plano
4362,assistiu_1a_aula
1935,assistiu_1a_aula
5170,visitou_site
1183,criou_conta
4294,criou_conta
5275,renovou
3602,visitou_site
2903,visitou_site
5188,visitou_site
3804,visitou_site
2388,renovou
1999,criou_conta
5913,criou_conta
2941,criou_conta
1324,visitou_site
1676,criou_conta
2618,visitou_site
1458,criou_conta
2254,visitou_site
5221,visitou_site
3241,criou_conta
3249,criou_conta
1434,assistiu_1a_aula
3160,criou_conta
4652,visitou_site
5334,visitou_site
4688,assistiu_1a_aula
2458,criou_conta
3494,visitou_site
4149,criou_conta
1025,assistiu_1a_aula
5283,assinou_plano
1586,visitou_site
3377,assinou_plano
4662,criou_conta
1970,assistiu_1a_aula
3995,renovou
1219,assistiu_1a_aula
2156,criou_conta
5236,assistiu_1a_aula
3561,visitou_site
4500,criou_conta
2476,criou_conta
2322,visitou_site
4585,assistiu_1a_aula
2896,criou_conta
2598,assistiu_1a_aula
3013,assistiu_1a_aula
3224,visitou_site
5564,visitou_site
1963,assinou_plano
5643,visitou_site
5541,visitou_site
2749,assistiu_1a_aula
1504,visitou_site
5488,visitou_site
3871,visitou_site
5198,visitou_site
5890,assistiu_1a_aula
3856,assistiu_1a_aula
1933,assistiu_1a_aula
3983,visitou_site
5674,assinou plano
4386,criou_conta
1435,assistiu_1a_aula
4284,visitou_site
1091,visitou_site
1473,criou_conta
1639,visitou_site
3313,criou_conta
4192,renovou
1730,renovou
3325,criou_conta
3270,criou_conta
4198,visitou_site
3764,visitou_site
1107,renovou
4445,visitou_site
4858,criou_conta
3585,assistiu_1a_aula
4423,visitou_site
4694,visitou_site
5502,assistiu_1a_aula
3245,visitou_site
4614,criou_conta
2978,visitou_site
3171,assistiu_1a_aula
3399,assistiu_1a_aula
3731,visitou_site
5870,visitou_site
3670,visitou_site
3205,visitou_site
4710,visitou_site
2524,visitou_site
2273,visitou_site
1462,assinou_plano
2449,criou_conta
2135,criou_conta
2481,assistiu_1a_aula
2619,criou_conta
3627,criou_conta
2209,assinou_plano
3750,criou_conta
4903,criou_conta
5663,assinou_plano
3145,visitou_site
3358,assinou_plano
3981,criou_conta
1783,renovou
3300,assistiu_1a_aula
4636,visitou_site
4100,visitou_site
2727,criou_conta
1333,criou_conta
1636,criou_conta
3842,visitou_site
4124,assistiu_1a_aula
2869,visitou_site
2420,visitou_site
3798,criou_conta
3167,criou_conta
1704,visitou_site
2323,renovou
1375,visitou_site
4323,visitou_site
3900,visitou_site
1271,assistiu_1a_aula
5435,visitou_site
2362,visitou_site
2699,assistiu_1a_aula
2527,criou_conta
5716,visitou_site
5201,assinou plano
5144,visitou_site
1886,visitou_site
4798,assistiu_1a_aula
2546,visitou_site
1328,visitou_site
2644,assistiu_1a_aula
1358,assinou_plano
1142,visitou_site
2240,visitou_site
1123,visitou_site
2385,criou_conta
1246,criou_conta
2405,visitou_site
2611,visitou_site
2793,visitou_site
1483,assinou plano
1870,criou_conta
1519,visitou_site
1944,visitou_site
4215,criou_conta
2437,criou_conta
2871,criou_conta
3118,visitou_site
3663,criou_conta
5138,criou_conta
5215,renovou
1788,criou_conta
2768,assinou_plano
1592,assistiu_1a_aula
1935,criou_conta
5274,criou_conta
3748,assistiu_1a_aula
1152,criou_conta
3927,visitou_site
1577,criou_conta
2107,assistiu_1a_aula
4295,criou_conta
1523,visitou_site
5444,assistiu_1a_aula
4722,visitou_site
1290,visitou_site
3788,visitou_site
4032,assistiu_1a_aula
3500,criou_conta
1709,assistiu_1a_aula
1484,assinou_plano
4270,renovou
2450,visitou_site
5195,assistiu_1a_aula
1972,assistiu_1a_aula
2619,assistiu_1a_aula
1106,criou_conta
4186,visitou_site
1774,visitou_site
4114,assistiu_1a_aula
4987,criou_conta
4537,criou_conta
4877,visitou_site
2601,visitou_site
1922,visitou_site
2563,criou_conta
2276,assistiu_1a_aula
1692,criou_conta
2667,visitou_site
5105,criou_conta
1547,visitou_site
4397,assinou plano
1399,visitou_site
5477,criou_conta
2457,assistiu_1a_aula
1205,visitou_site
2336,criou_conta
5292,renovou
3551,visitou_site
2915,assistiu_1a_aula
2971,visitou_site
3551,assistiu_1a_aula
4410,visitou_site
1573,visitou_site
1823,assistiu_1a_aula
2696,assistiu_1a_aula
1092,Assinou_Plano
5104,visitou_site
1081,Assinou_Plano
5337,criou_conta
3185,assistiu_1a_aula
2224,renovou
4206,criou_conta
3985,assistiu_1a_aula
4234,criou_conta
3611,visitou_site
1904,visitou_site
4012,visitou_site
3000,visitou_site
3387,visitou_site
1038,assistiu_1a_aula
3232,criou_conta
2163,visitou_site
5834,renovou
4260,Assinou_Plano
4179,criou_conta
3001,visitou_site
4615,visitou_site
3875,assistiu_1a_aula
5225,visitou_site
5364,visitou_site
4861,visitou_site
5413,visitou_site
4657,assinou plano
1349,assistiu_1a_aula
4220,visitou_site
3928,criou_conta
5423,assistiu_1a_aula
4552,criou_conta
4892,visitou_site
2764,criou_conta
2983,visitou_site
3728,assistiu_1a_aula
4563,visitou_site
1621,visitou_site
5375,visitou_site
4635,criou_conta
3734,visitou_site
4402,visitou_site
2083,assistiu_1a_aula
3363,visitou_site
2824,assistiu_1a_aula
5430,Assinou_Plano
3766,criou_conta
1575,visitou_site
1316,criou_conta
2344,visitou_site
3633,renovou
1508,visitou_site
2949,visitou_site
4800,assistiu_1a_aula
2788,visitou_site
5673,visitou_site
4844,visitou_site
2566,criou_conta
1593,assinou_plano
1913,criou_conta
1986,criou_conta
1326,visitou_site
4255,criou_conta
3431,visitou_site
3411,visitou_site
3389,criou_conta
1644,visitou_site
4753,Assinou_Plano
3220,criou_conta
3630,criou_conta
1789,assistiu_1a_aula
1187,criou_conta
3841,visitou_site
3862,criou_conta
3089,visitou_site
5233,visitou_site
4444,visitou_site
5956,criou_conta
4629,criou_conta
4411,assinou_plano
1617,Assinou_Plano
5027,visitou_site
4209,criou_conta
1080,visitou_site
5140,visitou_site
1148,assistiu_1a_aula
1643,visitou_site
3815,assinou_plano
4104,visitou_site
1869,assinou plano
5905,visitou_site
5719,renovou
3097,criou_conta
2780,visitou_site
4057,renovou
5535,criou_conta
5738,visitou_site
3682,criou_conta
3854,criou_conta
5669,visitou_site
3865,criou_conta
3201,criou_conta
5704,visitou_site
1321,criou_conta
5911,assistiu_1a_aula
2216,assistiu_1a_aula
5333,assistiu_1a_aula
3912,assistiu_1a_aula
2835,assinou_plano
2109,visitou_site
2673,assistiu_1a_aula
2173,assistiu_1a_aula
5833,criou_conta
1405,visitou_site
1188,renovou
4077,criou_conta
2843,visitou_site
3066,criou_conta
2280,criou_conta
1483,renovou
5204,criou_conta
3136,criou_conta
5207,visitou_site
1307,criou_conta
2604,visitou_site
1323,visitou_site
1229,visitou_site
5454,visitou_site
4273,criou_conta
4453,assistiu_1a_aula
2389,criou_conta
3558,visitou_site
1589,visitou_site
2259,assistiu_1a_aula
1243,criou_conta
2035,visitou_site
3594,criou_conta
5181,assistiu_1a_aula
5795,visitou_site
5145,criou_conta
4420,assistiu_1a_aula
3069,assinou plano
1293,assistiu_1a_aula
4769,criou_conta
1706,visitou_site
2491,criou_conta
4572,visitou_site
3166,assinou plano
3819,visitou_site
2055,visitou_site
2845,visitou_site
1656,visitou_site
1843,criou_conta
5961,visitou_site
5043,visitou_site
4517,criou_conta
2122,visitou_site
1281,criou_conta
5100,Assinou_Plano
2341,assistiu_1a_aula
1455,visitou_site
2432,visitou_site
4057,assistiu_1a_aula
5491,criou_conta
5734,visitou_site
2413,criou_conta
4227,visitou_site
4633,visitou_site
4651,assinou_plano
5593,assistiu_1a_aula
2762,visitou_site
2626,visitou_site
5743,renovou
4636,assistiu_1a_aula
3753,criou_conta
3719,assistiu_1a_aula
2407,criou_conta
5435,assistiu_1a_aula
4462,assinou plano
1397,visitou_site
1236,visitou_site
4712,visitou_site
5215,Assinou_Plano
1337,assistiu_1a_aula
3395,visitou_site
5873,criou_conta
4853,criou_conta
4231,criou_conta
3163,assistiu_1a_aula
2774,assinou plano
5127,assistiu_1a_aula
3009,criou_conta
2812,visitou_site
3201,renovou
4544,criou_conta
2821,visitou_site
5477,assistiu_1a_aula
3780,visitou_site
4084,assistiu_1a_aula
3877,assinou_plano
1936,assistiu_1a_aula
4195,visitou_site
2083,assinou plano
4395,assistiu_1a_aula
5292,criou_conta
5838,criou_conta
1630,criou_conta
5246,visitou_site
5698,visitou_site
2695,criou_conta
5690,assistiu_1a_aula
4917,Assinou_Plano
3413,criou_conta
2924,renovou
1896,criou_conta
3219,visitou_site
5119,criou_conta
1856,Assinou_Plano
1043,assistiu_1a_aula
1792,visitou_site
4638,criou_conta
1505,criou_conta
4449,visitou_site
3010,assistiu_1a_aula
1704,assinou plano
2700,criou_conta
2231,visitou_site
1896,visitou_site
3962,assistiu_1a_aula
4482,criou_conta
3498,visitou_site
3592,visitou_site
4356,assistiu_1a_aula
4364,criou_conta
3700,assistiu_1a_aula
3900,criou_conta
5088,visitou_site
1902,criou_conta
5121,criou_conta
4832,assistiu_1a_aula
3695,assistiu_1a_aula
4979,visitou_site
4687,Assinou_Plano
2621,criou_conta
5623,visitou_site
5593,assinou plano
5529,visitou_site
2927,criou_conta
2968,visitou_site
5492,visitou_site
5756,visitou_site
1706,assistiu_1a_aula
5761,visitou_site
5083,criou_conta
3812,visitou_site
4932,assistiu_1a_aula
4558,visitou_site
3384,visitou_site
3856,visitou_site
1304,visitou_site
1968,visitou_site
2385,assinou plano
2253,criou_conta
4863,assistiu_1a_aula
4154,assistiu_1a_aula
1969,Assinou_Plano
4559,visitou_site
5437,assistiu_1a_aula
1956,visitou_site
4615,criou_conta
5775,criou_conta
3064,assinou_plano
2624,assistiu_1a_aula
4306,renovou
1102,assinou plano
2921,visitou_site
2161,assinou_plano
3117,assistiu_1a_aula
1333,Assinou_Plano
4567,assistiu_1a_aula
1811,visitou_site
3622,visitou_site
3098,visitou_site
1178,visitou_site
2032,criou_conta
5207,renovou
3843,visitou_site
2790,criou_conta
1726,assistiu_1a_aula
3881,visitou_site
3598,visitou_site
3712,criou_conta
3644,Assinou_Plano
2294,assistiu_1a_aula
2354,visitou_site
4712,Assinou_Plano
5448,criou_conta
4778,visitou_site
4107,criou_conta
2615,criou_conta
2399,criou_conta
3007,visitou_site
1531,criou_conta
3473,assistiu_1a_aula
3088,visitou_site
1037,visitou_site
1148,visitou_site
4983,criou_conta
3429,criou_conta
4991,visitou_site
3729,criou_conta
3092,criou_conta
4664,assistiu_1a_aula
4741,visitou_site
2188,criou_conta
5404,criou_conta
2428,visitou_site
5891,visitou_site
4645,visitou_site
4532,criou_conta
4170,visitou_site
4740,criou_conta
5751,assistiu_1a_aula
1789,visitou_site
5222,visitou_site
3893,assinou plano
2388,assinou_plano
2261,criou_conta
1279,visitou_site
2460,criou_conta
2722,assinou plano
5727,criou_conta
5135,visitou_site
1761,Assinou_Plano
2925,assistiu_1a_aula
2057,criou_conta
2928,visitou_site
4660,criou_conta
4121,renovou
4803,visitou_site
1554,visitou_site
2652,assinou_plano
2896,assinou_plano
4848,assistiu_1a_aula
4229,assistiu_1a_aula
2369,criou_conta
4166,visitou_site
4060,visitou_site
2792,visitou_site
4201,criou_conta
1969,visitou_site
5676,renovou
2616,assistiu_1a_aula
5881,assistiu_1a_aula
4239,assistiu_1a_aula
5851,visitou_site
4195,assistiu_1a_aula
1606,assistiu_1a_aula
1674,visitou_site
1218,criou_conta
4576,visitou_site
4807,visitou_site
5626,visitou_site
4315,assinou plano
1355,visitou_site
2181,assistiu_1a_aula
2618,criou_conta
3946,visitou_site
3640,visitou_site
2565,visitou_site
5754,visitou_site
2533,criou_conta
1962,criou_conta
5138,assistiu_1a_aula
4451,assistiu_1a_aula
2610,criou_conta
3024,visitou_site
3067,assistiu_1a_aula
3989,criou_conta
1646,visitou_site
4596,criou_conta
1434,criou_conta
4004,visitou_site
4668,criou_conta
3084,assistiu_1a_aula
3644,visitou_site
1684,criou_conta
3475,visitou_site
5667,assistiu_1a_aula
5095,criou_conta
4814,visitou_site
3297,visitou_site
3288,assistiu_1a_aula
4717,visitou_site
2106,visitou_site
3692,criou_conta
4547,assistiu_1a_aula
2694,visitou_site
5418,visitou_site
4252,assistiu_1a_aula
2541,visitou_site
1592,criou_conta
3802,visitou_site
5839,renovou
5374,visitou_site
2789,renovou
2896,renovou
4230,assinou plano
1998,criou_conta
1006,assistiu_1a_aula
2500,visitou_site
5281,visitou_site
2701,assinou_plano
3336,visitou_site
2685,criou_conta
3416,visitou_site
2640,visitou_site
2304,renovou
1024,visitou_site
3060,assinou plano
3935,assistiu_1a_aula
2889,visitou_site
3997,criou_conta
4232,criou_conta
5776,visitou_site
5578,assistiu_1a_aula
3927,assistiu_1a_aula
2212,criou_conta
2236,renovou
1610,assistiu_1a_aula
2983,criou_conta
3495,criou_conta
4940,assistiu_1a_aula
3891,assinou_plano
1702,assistiu_1a_aula
1527,criou_conta
1377,visitou_site
4709,visitou_site
3815,renovou
4278,criou_conta
4056,criou_conta
2378,assistiu_1a_aula
5699,assistiu_1a_aula
2249,visitou_site
1101,assistiu_1a_aula
3329,criou_conta
3572,criou_conta
3077,visitou_site
1285,assistiu_1a_aula
4136,visitou_site
2564,visitou_site
3402,assistiu_1a_aula
5269,criou_conta
3056,visitou_site
1043,criou_conta
1451,renovou
1087,Assinou_Plano
2797,criou_conta
3025,assistiu_1a_aula
3553,criou_conta
1451,visitou_site
5643,assistiu_1a_aula
3559,criou_conta
2099,criou_conta
3891,visitou_site
1664,visitou_site
5787,visitou_site
5647,assistiu_1a_aula
5179,visitou_site
4314,criou_conta
5346,visitou_site
4352,visitou_site
4688,visitou_site
3337,visitou_site
2790,assistiu_1a_aula
3777,visitou_site
2018,assinou plano
2111,criou_conta
3462,assistiu_1a_aula
1580,visitou_site
3107,assistiu_1a_aula
2653,criou_conta
5931,visitou_site
5036,criou_conta
3792,criou_conta
4244,visitou_site
1315,visitou_site
5490,Assinou_Plano
2087,assistiu_1a_aula
1905,visitou_site
1268,visitou_site
4955,assistiu_1a_aula
4232,assistiu_1a_aula
2378,visitou_site
5195,criou_conta
3510,visitou_site
1369,visitou_site
1144,assinou plano
3336,criou_conta
3214,renovou
5385,criou_conta
5619,renovou
2501,visitou_site
3401,assistiu_1a_aula
3445,assistiu_1a_aula
5679,visitou_site
3792,visitou_site
2964,assinou_plano
1478,assistiu_1a_aula
5796,visitou_site
3156,assinou_plano
2033,renovou
5841,criou_conta
5244,visitou_site
2954,criou_conta
1166,assinou plano
2636,visitou_site
5332,visitou_site
5232,assinou plano
2568,criou_conta
3907,criou_conta
1989,criou_conta
5278,criou_conta
1667,visitou_site
4184,visitou_site
3014,assistiu_1a_aula
2324,criou_conta
5629,criou_conta
2932,visitou_site
5540,assistiu_1a_aula
5631,criou_conta
3088,criou_conta
2395,criou_conta
1770,visitou_site
2960,visitou_site
2676,renovou
3629,criou_conta
4714,visitou_site
2370,assistiu_1a_aula
4547,criou_conta
2969,visitou_site
5129,criou_conta
1619,visitou_site
1394,visitou_site
1647,assistiu_1a_aula
2238,visitou_site
2870,assistiu_1a_aula
4114,visitou_site
4894,assistiu_1a_aula
4848,visitou_site
4768,visitou_site
4318,visitou_site
4158,visitou_site
3282,visitou_site
2032,assistiu_1a_aula
4822,visitou_site
5678,assistiu_1a_aula
5231,criou_conta
2807,criou_conta
2635,criou_conta
3047,criou_conta
5053,visitou_site
1690,visitou_site
5354,visitou_site
2558,visitou_site
1177,visitou_site
2934,assistiu_1a_aula
1358,assistiu_1a_aula
3028,visitou_site
1769,visitou_site
5201,renovou
1604,assistiu_1a_aula
5536,visitou_site
1803,visitou_site
1730,criou_conta
1081,assistiu_1a_aula
2578,criou_conta
2559,criou_conta
3319,criou_conta
2681,assinou plano
5197,renovou
4532,assistiu_1a_aula
5151,criou_conta
4083,visitou_site
5270,assistiu_1a_aula
2290,assistiu_1a_aula
1396,assistiu_1a_aula
5831,criou_conta
4676,assistiu_1a_aula
2591,assinou_plano
1839,criou_conta
5988,visitou_site
4181,Assinou_Plano
3759,assistiu_1a_aula
2617,criou_conta
2731,criou_conta
5722,visitou_site
2453,assistiu_1a_aula
2833,criou_conta
2232,criou_conta
3272,Assinou_Plano
4516,visitou_site
5390,assinou plano
1386,criou_conta
3158,renovou
4852,visitou_site
3543,criou_conta
5298,assistiu_1a_aula
2557,visitou_site
5506,visitou_site
1242,visitou_site
5473,criou_conta
3432,criou_conta
5719,assistiu_1a_aula
4479,visitou_site
2363,visitou_site
1877,visitou_site
5668,assistiu_1a_aula
3745,assinou plano
2595,criou_conta
5950,visitou_site
5973,visitou_site
2238,Assinou_Plano
3684,visitou_site
2806,visitou_site
2459,assistiu_1a_aula
4072,criou_conta
3512,criou_conta
1484,renovou
3918,assistiu_1a_aula
3185,criou_conta
5323,assinou plano
3976,visitou_site
5428,criou_conta
1563,visitou_site
3420,criou_conta
2802,assistiu_1a_aula
2375,visitou_site
2526,assinou plano
3637,assistiu_1a_aula
2700,assistiu_1a_aula
5116,assistiu_1a_aula
2236,Assinou_Plano
4007,visitou_site
4532,visitou_site
5684,renovou
2731,visitou_site
1678,visitou_site
4329,visitou_site
1066,visitou_site
1939,visitou_site
5825,renovou
4847,assinou plano
3769,visitou_site
4584,visitou_site
1233,renovou
4882,visitou_site
2648,visitou_site
4407,assistiu_1a_aula
1522,visitou_site
1459,visitou_site
3001,assistiu_1a_aula
5254,criou_conta
5302,visitou_site
1487,criou_conta
3349,visitou_site
4031,visitou_site
4025,criou_conta
2442,criou_conta
2666,visitou_site
2735,assistiu_1a_aula
4020,criou_conta
1659,visitou_site
3180,criou_conta
4766,visitou_site
2867,visitou_site
5980,criou_conta
4668,visitou_site
3396,visitou_site
3887,assistiu_1a_aula
5745,assistiu_1a_aula
5948,assinou_plano
4012,assistiu_1a_aula
5244,criou_conta
2763,visitou_site
3908,visitou_site
5948,criou_conta
5829,assistiu_1a_aula
1719,renovou
2251,criou_conta
4804,assistiu_1a_aula
1733,criou_conta
5331,criou_conta
3257,criou_conta
1383,assistiu_1a_aula
1019,assinou plano
4924,renovou
1322,criou_conta
2569,assistiu_1a_aula
2305,visitou_site
4851,visitou_site
3460,assistiu_1a_aula
3810,Assinou_Plano
3035,criou_conta
2933,visitou_site
5580,visitou_site
2500,criou_conta
5990,renovou
3594,visitou_site
1569,visitou_site
4397,assistiu_1a_aula
4573,visitou_site
3199,criou_conta
5951,visitou_site
1344,assistiu_1a_aula
1468,assinou plano
1470,assistiu_1a_aula
5494,assistiu_1a_aula
2384,visitou_site
5664,visitou_site
3450,assistiu_1a_aula
3982,visitou_site
4940,visitou_site
3069,criou_conta
1829,visitou_site
4986,assistiu_1a_aula
5644,criou_conta
4069,visitou_site
4422,criou_conta
3714,visitou_site
2144,visitou_site
1231,visitou_site
3461,visitou_site
5718,visitou_site
1625,assinou plano
5315,criou_conta
4743,visitou_site
5414,assistiu_1a_aula
2099,assistiu_1a_aula
2359,visitou_site
5504,criou_conta
4648,visitou_site
1484,assistiu_1a_aula
4628,assistiu_1a_aula
4263,criou_conta
5174,visitou_site
4411,visitou_site
1840,assistiu_1a_aula
5003,visitou_site
5059,visitou_site
1349,visitou_site
1920,visitou_site
2135,renovou
5067,visitou_site
2495,criou_conta
2774,visitou_site
1842,visitou_site
1010,visitou_site
3765,visitou_site
2734,assistiu_1a_aula
2417,visitou_site
2535,criou_conta
3005,criou_conta
2165,criou_conta
3667,criou_conta
3730,visitou_site
3919,visitou_site
2755,criou_conta
4861,renovou
3929,renovou
5946,criou_conta
4145,visitou_site
1593,assistiu_1a_aula
2340,criou_conta
4535,visitou_site
3111,criou_conta
3050,criou_conta
2491,visitou_site
3821,assistiu_1a_aula
1407,visitou_site
2809,assistiu_1a_aula
5554,visitou_site
5673,assistiu_1a_aula
4728,visitou_site
3673,criou_conta
5307,visitou_site
5925,visitou_site
5072,assistiu_1a_aula
5325,assistiu_1a_aula
4292,criou_conta
3020,criou_conta
4569,assistiu_1a_aula
2067,criou_conta
1870,assistiu_1a_aula
3843,criou_conta
5075,visitou_site
5517,criou_conta
3585,visitou_site
2955,visitou_site
4910,visitou_site
3424,criou_conta
2477,assistiu_1a_aula
5460,visitou_site
3639,visitou_site
3013,criou_conta
1802,visitou_site
1893,assistiu_1a_aula
5564,assistiu_1a_aula
3554,criou_conta
2812,assistiu_1a_aula
3736,assistiu_1a_aula
5536,criou_conta
3719,visitou_site
3933,assistiu_1a_aula
1542,visitou_site
1826,criou_conta
1119,assistiu_1a_aula
1440,visitou_site
5771,visitou_site
1616,visitou_site
2116,assinou plano
3108,criou_conta
4100,assistiu_1a_aula
4002,assistiu_1a_aula
2374,visitou_site
1452,criou_conta
5859,criou_conta
1672,visitou_site
5305,visitou_site
4139,assistiu_1a_aula
1978,renovou
2737,assistiu_1a_aula
2877,visitou_site
5285,visitou_site
4571,visitou_site
4213,visitou_site
2594,visitou_site
1132,visitou_site
2498,criou_conta
5499,visitou_site
2972,visitou_site
3189,criou_conta
2644,renovou
2406,visitou_site
1851,renovou
2102,visitou_site
3189,assistiu_1a_aula
1332,criou_conta
3032,Assinou_Plano
4458,criou_conta
3460,renovou
3558,criou_conta
3214,criou_conta
5925,Assinou_Plano
3937,visitou_site
5374,criou_conta
3205,assinou_plano
5106,criou_conta
1282,criou_conta
3566,visitou_site
5274,assinou_plano
2699,criou_conta
4754,renovou
3266,assistiu_1a_aula
5339,criou_conta
4577,visitou_site
2112,assistiu_1a_aula
1520,assinou_plano
1053,criou_conta
3451,criou_conta
2130,Assinou_Plano
3536,assinou plano
4034,criou_conta
1715,assinou plano
5735,visitou_site
3858,criou_conta
5183,visitou_site
1534,visitou_site
5568,visitou_site
5061,visitou_site
1155,visitou_site
1351,visitou_site
1451,assistiu_1a_aula
2263,criou_conta
3540,visitou_site
4554,visitou_site
3181,visitou_site
3711,criou_conta
2598,criou_conta
3779,assistiu_1a_aula
3354,assistiu_1a_aula
1931,visitou_site
5378,renovou
2327,visitou_site
3805,criou_conta
2359,assistiu_1a_aula
4455,assistiu_1a_aula
3496,criou_conta
2662,assistiu_1a_aula
1409,visitou_site
4413,visitou_site
1772,visitou_site
5899,criou_conta
1508,criou_conta
4424,criou_conta
4137,visitou_site
3802,Assinou_Plano
1237,criou_conta
2458,assinou_plano
2128,assistiu_1a_aula
4925,criou_conta
2832,criou_conta
1678,criou_conta
2342,visitou_site
3828,visitou_site
2755,visitou_site
1469,assistiu_1a_aula
5948,assistiu_1a_aula
2397,assinou plano
5013,criou_conta
1938,Assinou_Plano
3874,criou_conta
1969,assistiu_1a_aula
4164,assistiu_1a_aula
5050,assistiu_1a_aula
3694,assistiu_1a_aula
5666,assistiu_1a_aula
3025,criou_conta
5558,visitou_site
5450,visitou_site
1807,criou_conta
4151,visitou_site
4142,criou_conta
1328,Assinou_Plano
4719,criou_conta
5031,visitou_site
3330,criou_conta
4291,criou_conta
1108,visitou_site
5012,renovou
3087,visitou_site
4203,visitou_site
2078,criou_conta
5441,visitou_site
4759,visitou_site
1046,criou_conta
2550,criou_conta
3702,assistiu_1a_aula
4808,assistiu_1a_aula
5718,assistiu_1a_aula
3324,visitou_site
4998,criou_conta
5566,visitou_site
3951,visitou_site
1138,renovou
5713,criou_conta
5569,visitou_site
2014,criou_conta
5652,assistiu_1a_aula
4333,criou_conta
4353,assistiu_1a_aula
2788,criou_conta
1474,criou_conta
2099,visitou_site
4288,visitou_site
2533,assistiu_1a_aula
2920,renovou
2958,assistiu_1a_aula
5789,criou_conta
5281,criou_conta
1798,criou_conta
1016,visitou_site
4286,assistiu_1a_aula
2284,criou_conta
3937,assistiu_1a_aula
4661,assistiu_1a_aula
4467,visitou_site
1662,assistiu_1a_aula
5112,assinou_plano
2150,assistiu_1a_aula
5628,visitou_site
4622,renovou
3855,visitou_site
4680,assistiu_1a_aula
1425,Assinou_Plano
2676,criou_conta
1425,visitou_site
1007,criou_conta
1426,criou_conta
4501,criou_conta
1306,criou_conta
4272,criou_conta
1494,assistiu_1a_aula
5935,visitou_site
2829,assistiu_1a_aula
1022,criou_conta
2371,criou_conta
5639,visitou_site
1600,visitou_site
4091,visitou_site
4538,visitou_site
4477,visitou_site
3398,criou_conta
1953,criou_conta
3799,visitou_site
1557,criou_conta
1074,criou_conta
1575,criou_conta
5588,renovou
4042,visitou_site
2641,assistiu_1a_aula
5682,visitou_site
1876,assistiu_1a_aula
3991,visitou_site
3540,assistiu_1a_aula
1925,renovou
3566,criou_conta
4806,criou_conta
4329,assistiu_1a_aula
2260,visitou_site
1650,renovou
5491,visitou_site
3878,visitou_site
4678,visitou_site
5947,visitou_site
4437,visitou_site
4621,visitou_site
2126,assistiu_1a_aula
3151,visitou_site
3536,visitou_site
2197,visitou_site
4163,visitou_site
5795,renovou
5082,visitou_site
1257,visitou_site
2350,visitou_site
1559,visitou_site
4744,assinou plano
4348,visitou_site
3739,visitou_site
5527,assistiu_1a_aula
2020,visitou_site
4839,criou_conta
5074,assistiu_1a_aula
4614,visitou_site
3169,criou_conta
3850,visitou_site
2810,criou_conta
3969,assistiu_1a_aula
2650,criou_conta
1777,criou_conta
2215,visitou_site
5384,visitou_site
2416,assistiu_1a_aula
1762,renovou
5333,renovou
5107,visitou_site
1337,visitou_site
4770,criou_conta
4912,visitou_site
1293,visitou_site
5670,visitou_site
4420,criou_conta
3509,criou_conta
1433,visitou_site
1176,criou_conta
2192,assistiu_1a_aula
3722,visitou_site
3492,visitou_site
2483,renovou
1844,assistiu_1a_aula
4257,criou_conta
2494,criou_conta
4920,visitou_site
2312,criou_conta
3263,visitou_site
4721,criou_conta
4972,visitou_site
4659,assistiu_1a_aula
5699,visitou_site
5239,visitou_site
5519,criou_conta
3924,criou_conta
2024,visitou_site
5652,assinou_plano
4192,assinou_plano
5071,visitou_site
3427,criou_conta
3564,visitou_site
5709,visitou_site
2845,assistiu_1a_aula
4406,assistiu_1a_aula
4913,visitou_site
5106,visitou_site
4869,visitou_site
5479,criou_conta
1440,assistiu_1a_aula
2337,criou_conta
4712,criou_conta
4697,renovou
4838,renovou
3974,assinou plano
4315,visitou_site
3814,assistiu_1a_aula
3738,visitou_site
3701,assistiu_1a_aula
1251,criou_conta
1048,Assinou_Plano
3532,assistiu_1a_aula
5446,assistiu_1a_aula
5926,visitou_site
2778,renovou
1241,assistiu_1a_aula
1169,assistiu_1a_aula
4179,renovou
3101,assistiu_1a_aula
4135,criou_conta
4943,assistiu_1a_aula
2220,visitou_site
3080,renovou
2496,assistiu_1a_aula
1146,assistiu_1a_aula
4896,criou_conta
4746,assinou_plano
3628,visitou_site
3149,visitou_site
1259,visitou_site
1848,criou_conta
5232,renovou
5844,criou_conta
4533,criou_conta
3170,assistiu_1a_aula
1602,criou_conta
5568,assistiu_1a_aula
3765,renovou
1096,visitou_site
1112,visitou_site
4084,visitou_site
1677,assistiu_1a_aula
4084,criou_conta
2631,renovou
5016,criou_conta
3959,assistiu_1a_aula
2846,criou_conta
3519,renovou
2140,visitou_site
2812,criou_conta
2430,assistiu_1a_aula
2641,visitou_site
5898,criou_conta
2457,criou_conta
3761,visitou_site
3273,visitou_site
3910,visitou_site
4146,criou_conta
2882,assinou_plano
5380,visitou_site
3628,criou_conta
3086,renovou
1344,visitou_site
1609,criou_conta
2158,visitou_site
3265,assinou_plano
3052,criou_conta
3066,visitou_site
2497,visitou_site
3310,criou_conta
1253,visitou_site
3153,criou_conta
4458,visitou_site
4385,criou_conta
2645,criou_conta
4461,renovou
4492,criou_conta
1190,criou_conta
4570,visitou_site
3736,criou_conta
3584,assinou_plano
3891,assistiu_1a_aula
3291,criou_conta
3936,visitou_site
5884,assistiu_1a_aula
2300,criou_conta
1233,visitou_site
2797,visitou_site
3180,visitou_site
5838,assistiu_1a_aula
2740,visitou_site
3955,visitou_site
3375,criou_conta
1888,visitou_site
5445,visitou_site
5650,assistiu_1a_aula
1001,renovou
3609,visitou_site
3228,visitou_site
2222,visitou_site
3432,visitou_site
1583,assinou plano
2985,visitou_site
5944,criou_conta
5210,criou_conta
2325,Assinou_Plano
3095,visitou_site
5719,assinou plano
2950,criou_conta
3140,visitou_site
1861,assistiu_1a_aula
3853,criou_conta
3225,assistiu_1a_aula
1481,criou_conta
3130,visitou_site
2115,visitou_site
3348,criou_conta
5142,visitou_site
1338,criou_conta
2921,assistiu_1a_aula
2692,assistiu_1a_aula
2543,visitou_site
1853,visitou_site
2974,visitou_site
5077,visitou_site
2717,criou_conta
3227,criou_conta
1560,assistiu_1a_aula
4499,criou_conta
2908,assistiu_1a_aula
3486,visitou_site
1946,assistiu_1a_aula
5496,visitou_site
3793,visitou_site
4413,criou_conta
2006,visitou_site
1791,criou_conta
1778,visitou_site
1619,assistiu_1a_aula
5803,visitou_site
3884,visitou_site
2416,criou_conta
5784,renovou
3571,visitou_site
2631,assinou plano
4765,assinou plano
3900,assistiu_1a_aula
2221,assinou_plano
3426,renovou
5937,criou_conta
5949,criou_conta
2868,visitou_site
5861,criou_conta
2229,criou_conta
1896,assistiu_1a_aula
3816,renovou
4008,visitou_site
3525,visitou_site
2951,visitou_site
5574,visitou_site
3591,visitou_site
5398,criou_conta
3941,visitou_site
1486,visitou_site
5205,visitou_site
2822,visitou_site
3093,assistiu_1a_aula
5337,visitou_site
2489,assistiu_1a_aula
4540,criou_conta
4181,visitou_site
3460,assinou plano
4889,visitou_site
4160,visitou_site
2087,criou_conta
5976,criou_conta
5721,criou_conta
5402,visitou_site
1851,criou_conta
3225,renovou
3885,visitou_site
5563,visitou_site
2014,assistiu_1a_aula
3357,assistiu_1a_aula
1543,assistiu_1a_aula
3959,criou_conta
5784,assinou_plano
1516,visitou_site
4932,renovou
1321,visitou_site
2172,assistiu_1a_aula
3206,visitou_site
3652,visitou_site
5037,criou_conta
4402,assistiu_1a_aula
5115,assinou_plano
3385,visitou_site
4462,assistiu_1a_aula
4942,visitou_site
1911,assistiu_1a_aula
1072,assinou plano
5204,assistiu_1a_aula
4841,visitou_site
3156,criou_conta
5652,visitou_site
4013,visitou_site
1592,assinou plano
2719,assistiu_1a_aula
1234,criou_conta
3532,criou_conta
2498,assistiu_1a_aula
4504,assinou_plano
3574,criou_conta
1721,criou_conta
1602,assistiu_1a_aula
1060,assistiu_1a_aula
3833,visitou_site
3129,visitou_site
5542,criou_conta
4420,visitou_site
4774,criou_conta
4328,criou_conta
5061,criou_conta
4256,visitou_site
3997,assistiu_1a_aula
5100,visitou_site
4560,visitou_site
2280,assistiu_1a_aula
2722,assistiu_1a_aula
4938,visitou_site
4792,visitou_site
4036,visitou_site
1826,assistiu_1a_aula
4825,assistiu_1a_aula
2049,criou_conta
3314,assistiu_1a_aula
4744,criou_conta
4785,assistiu_1a_aula
4415,visitou_site
5769,assistiu_1a_aula
3974,criou_conta
4912,assistiu_1a_aula
1350,criou_conta
5085,assistiu_1a_aula
2597,criou_conta
5315,visitou_site
5460,criou_conta
5194,visitou_site
5777,visitou_site
3953,visitou_site
1140,criou_conta
5962,criou_conta
5150,criou_conta
5045,assistiu_1a_aula
4517,visitou_site
1200,visitou_site
4129,criou_conta
5030,assistiu_1a_aula
3521,visitou_site
5827,assistiu_1a_aula
3715,assistiu_1a_aula
4332,visitou_site
3591,criou_conta
2145,criou_conta
1817,visitou_site
3380,criou_conta
4128,visitou_site
2238,criou_conta
1113,visitou_site
5156,criou_conta
2258,visitou_site
4223,criou_conta
2925,criou_conta
1340,visitou_site
2655,criou_conta
5270,criou_conta
3911,assistiu_1a_aula
1456,visitou_site
4854,visitou_site
2181,criou_conta
4335,assinou_plano
5922,Assinou_Plano
4313,visitou_site
1087,renovou
5249,assinou plano
4435,Assinou_Plano
5570,assistiu_1a_aula
3291,assistiu_1a_aula
3835,assistiu_1a_aula
3884,Assinou_Plano
1165,visitou_site
4475,criou_conta
4129,visitou_site
5818,assinou plano
2477,Assinou_Plano
2876,criou_conta
5586,criou_conta
1751,assinou_plano
1549,visitou_site
3590,assistiu_1a_aula
3320,criou_conta
4776,criou_conta
5409,visitou_site
2416,renovou
3706,visitou_site
4012,criou_conta
2508,criou_conta
4895,criou_conta
5221,assistiu_1a_aula
3110,assistiu_1a_aula
1061,visitou_site
2205,visitou_site
5968,visitou_site
4638,renovou
5665,Assinou_Plano
2317,visitou_site
3715,Assinou_Plano
5391,criou_conta
1692,visitou_site
2483,assistiu_1a_aula
4917,renovou
4611,visitou_site
2064,assistiu_1a_aula
5919,criou_conta
2149,visitou_site
3502,visitou_site
4996,visitou_site
1119,criou_conta
1565,visitou_site
5095,visitou_site
4939,visitou_site
4430,criou_conta
5493,visitou_site
1344,criou_conta
1432,renovou
5949,visitou_site
2583,criou_conta
3593,visitou_site
4448,visitou_site
3977,criou_conta
5571,visitou_site
1151,criou_conta
1206,assistiu_1a_aula
1183,Assinou_Plano
3793,criou_conta
4798,visitou_site
5137,visitou_site
1730,visitou_site
1803,criou_conta
2034,Assinou_Plano
5929,assistiu_1a_aula
5962,visitou_site
5469,criou_conta
5166,visitou_site
2649,criou_conta
4572,criou_conta
1367,criou_conta
1129,visitou_site
1154,criou_conta
3914,criou_conta
5768,criou_conta
3394,criou_conta
3392,visitou_site
4350,assistiu_1a_aula
4453,visitou_site
2659,assistiu_1a_aula
3397,visitou_site
4815,criou_conta
1403,assinou_plano
1681,assistiu_1a_aula
2283,visitou_site
3648,assistiu_1a_aula
4067,assistiu_1a_aula
1263,visitou_site
4847,assistiu_1a_aula
3003,visitou_site
2385,visitou_site
1428,visitou_site
5500,visitou_site
5353,criou_conta
1796,assistiu_1a_aula
3876,visitou_site
2353,criou_conta
1099,criou_conta
3342,assistiu_1a_aula
2490,renovou
3578,visitou_site
3216,visitou_site
2566,assistiu_1a_aula
5081,Assinou_Plano
4727,criou_conta
2103,criou_conta
5160,visitou_site
5684,assinou_plano
4783,criou_conta
2784,visitou_site
4690,assistiu_1a_aula
5257,visitou_site
5606,visitou_site
2892,visitou_site
4790,criou_conta
1591,criou_conta
1090,assistiu_1a_aula
5383,assinou plano
1161,criou_conta
2887,visitou_site
4077,assistiu_1a_aula
3137,assistiu_1a_aula
5717,assistiu_1a_aula
3069,assistiu_1a_aula
4400,visitou_site
1590,visitou_site
1348,visitou_site
2143,renovou
1300,assistiu_1a_aula
3966,assistiu_1a_aula
2100,visitou_site
4646,assistiu_1a_aula
1008,visitou_site
2389,renovou
5794,assistiu_1a_aula
3222,visitou_site
2117,criou_conta
2906,assistiu_1a_aula
3439,assistiu_1a_aula
4434,visitou_site
3335,visitou_site
1172,assistiu_1a_aula
5383,criou_conta
5808,visitou_site
5863,visitou_site
3031,assistiu_1a_aula
5726,criou_conta
5318,visitou_site
3859,visitou_site
3362,criou_conta
2662,criou_conta
5803,assistiu_1a_aula
4889,criou_conta
1328,criou_conta
1591,renovou
1752,visitou_site
4552,assinou_plano
3765,assinou plano
2421,assistiu_1a_aula
1219,criou_conta
3347,visitou_site
5241,visitou_site
4296,visitou_site
2633,assistiu_1a_aula
4543,assistiu_1a_aula
1383,visitou_site
2436,visitou_site
3201,assistiu_1a_aula
1330,visitou_site
4794,assistiu_1a_aula
5548,visitou_site
5038,visitou_site
4275,visitou_site
2909,criou_conta
2976,criou_conta
5840,visitou_site
5430,renovou
3762,visitou_site
5753,assistiu_1a_aula
2143,assistiu_1a_aula
2460,visitou_site
4081,visitou_site
4508,criou_conta
5337,assistiu_1a_aula
4610,assistiu_1a_aula
1307,Assinou_Plano
3300,visitou_site
5428,assinou_plano
2397,renovou
5701,Assinou_Plano
3123,assistiu_1a_aula
1230,visitou_site
3316,criou_conta
2916,visitou_site
1858,visitou_site
2439,visitou_site
3467,visitou_site
4974,assinou_plano
4249,assistiu_1a_aula
5287,visitou_site
2308,criou_conta
4917,visitou_site
5368,assistiu_1a_aula
3383,assistiu_1a_aula
1390,criou_conta
4138,visitou_site
4341,visitou_site
3531,visitou_site
3615,assistiu_1a_aula
1332,assistiu_1a_aula
2682,assistiu_1a_aula
5965,visitou_site
1710,assistiu_1a_aula
5187,Assinou_Plano
4173,criou_conta
3750,assistiu_1a_aula
1916,assistiu_1a_aula
1485,visitou_site
1356,assistiu_1a_aula
1019,criou_conta
2082,visitou_site
3006,criou_conta
4101,assistiu_1a_aula
5632,criou_conta
1207,assistiu_1a_aula
4490,assistiu_1a_aula
3837,criou_conta
1204,visitou_site
3653,visitou_site
5118,assistiu_1a_aula
2926,criou_conta
3740,assistiu_1a_aula
5348,visitou_site
1043,visitou_site
1237,visitou_site
3497,criou_conta
1306,assistiu_1a_aula
3739,criou_conta
3193,assistiu_1a_aula
5523,visitou_site
5806,visitou_site
5805,visitou_site
5705,criou_conta
4946,renovou
4152,visitou_site
2637,visitou_site
5021,criou_conta
1513,visitou_site
3514,renovou
5724,visitou_site
1748,criou_conta
4829,visitou_site
2307,assinou_plano
2212,visitou_site
1520,visitou_site
5861,visitou_site
1472,assistiu_1a_aula
3159,criou_conta
1386,visitou_site
2834,criou_conta
3191,criou_conta
4095,assistiu_1a_aula
2966,visitou_site
2593,criou_conta
4024,criou_conta
4890,visitou_site
4380,criou_conta
3398,assistiu_1a_aula
3711,assistiu_1a_aula
5649,criou_conta
4319,assinou plano
5834,assinou plano
5978,visitou_site
4140,criou_conta
5316,visitou_site
5745,criou_conta
1941,visitou_site
2733,criou_conta
4540,visitou_site
3080,visitou_site
3256,visitou_site
1862,visitou_site
4110,visitou_site
5680,criou_conta
3079,criou_conta
1647,criou_conta
5315,assistiu_1a_aula
4846,criou_conta
3272,criou_conta
5817,assistiu_1a_aula
4781,visitou_site
2135,assistiu_1a_aula
5575,visitou_site
5746,assinou plano
2066,visitou_site
3100,visitou_site
5534,visitou_site
4672,assistiu_1a_aula
3839,visitou_site
4395,visitou_site
3964,visitou_site
5947,assistiu_1a_aula
1712,criou_conta
4979,criou_conta
1566,visitou_site
2956,criou_conta
5220,criou_conta
3338,assinou_plano
3894,visitou_site
3880,visitou_site
5759,visitou_site
2613,criou_conta
5602,visitou_site
1493,assistiu_1a_aula
3139,visitou_site
4259,visitou_site
1721,visitou_site
1715,criou_conta
2473,visitou_site
4861,Assinou_Plano
4738,visitou_site
3559,assistiu_1a_aula
5570,criou_conta
1459,assistiu_1a_aula
5372,visitou_site
5282,assinou_plano
1521,assistiu_1a_aula
2626,criou_conta
3191,Assinou_Plano
4561,assistiu_1a_aula
4689,assistiu_1a_aula
1973,visitou_site
5203,visitou_site
3941,renovou
5020,visitou_site
2355,visitou_site
3873,visitou_site
3485,criou_conta
1905,criou_conta
3778,criou_conta
1592,visitou_site
2204,criou_conta
2137,criou_conta
3533,visitou_site
2472,assistiu_1a_aula
2955,assistiu_1a_aula
2536,visitou_site
4730,criou_conta
1020,criou_conta
2678,assinou plano
5185,visitou_site
4565,visitou_site
1461,criou_conta
3920,assistiu_1a_aula
1535,visitou_site
1992,renovou
4354,visitou_site
5900,visitou_site
4134,renovou
4679,visitou_site
3569,visitou_site
1898,visitou_site
3565,criou_conta
4061,criou_conta
2957,assistiu_1a_aula
4168,visitou_site
5378,visitou_site
4638,visitou_site
2564,assistiu_1a_aula
2248,criou_conta
2603,visitou_site
1680,assistiu_1a_aula
1872,visitou_site
2081,criou_conta
4340,criou_conta
2740,assistiu_1a_aula
4154,visitou_site
1179,criou_conta
5647,assinou_plano
3316,visitou_site
4187,assistiu_1a_aula
1700,visitou_site
2716,renovou
4677,criou_conta
4184,criou_conta
3084,visitou_site
4805,renovou
1702,assinou_plano
5986,visitou_site
1583,visitou_site
5111,visitou_site
5577,visitou_site
2096,visitou_site
4428,visitou_site
4454,visitou_site
1419,Assinou_Plano
1576,visitou_site
2147,visitou_site
4928,assinou plano
1065,visitou_site
4174,criou_conta
5179,criou_conta
3196,criou_conta
1784,criou_conta
1463,visitou_site
2668,visitou_site
2840,assistiu_1a_aula
3323,assistiu_1a_aula
1606,visitou_site
2098,assistiu_1a_aula
2143,visitou_site
4853,assistiu_1a_aula
2223,assistiu_1a_aula
3119,visitou_site
1405,assinou_plano
2204,assistiu_1a_aula
1451,criou_conta
4040,visitou_site
2948,assistiu_1a_aula
3912,visitou_site
4737,criou_conta
1139,visitou_site
1747,assistiu_1a_aula
2974,criou_conta
2266,visitou_site
5351,criou_conta
2114,visitou_site
5605,assistiu_1a_aula
3280,assistiu_1a_aula
1558,visitou_site
3191,assistiu_1a_aula
4289,visitou_site
5334,renovou
5273,assistiu_1a_aula
5197,criou_conta
4976,criou_conta
2090,visitou_site
3215,renovou
5794,visitou_site
4306,Assinou_Plano
5531,visitou_site
2123,renovou
4000,criou_conta
5407,visitou_site
2344,criou_conta
5198,criou_conta
5012,visitou_site
4576,criou_conta
5520,Assinou_Plano
4129,assistiu_1a_aula
3817,visitou_site
3832,criou_conta
2081,assistiu_1a_aula
3281,assinou plano
1729,visitou_site
3069,visitou_site
1565,assistiu_1a_aula
1522,renovou
2796,criou_conta
1500,assistiu_1a_aula
3280,assinou plano
1878,criou_conta
3683,renovou
5374,assistiu_1a_aula
5965,criou_conta
4034,renovou
2117,assistiu_1a_aula
2299,visitou_site
1588,criou_conta
1857,visitou_site
2023,criou_conta
1174,criou_conta
5769,criou_conta
3519,assistiu_1a_aula
1188,visitou_site
1347,assistiu_1a_aula
1596,Assinou_Plano
4182,visitou_site
4024,visitou_site
1915,Assinou_Plano
2545,criou_conta
2050,visitou_site
1589,assistiu_1a_aula
4805,assinou_plano
1389,criou_conta
4122,visitou_site
4396,visitou_site
5768,visitou_site
1779,visitou_site
2920,Assinou_Plano
3463,assistiu_1a_aula
3969,assinou_plano
4950,visitou_site
2675,assinou plano
3430,criou_conta
4390,visitou_site
5389,criou_conta
2813,criou_conta
3683,criou_conta
1289,assistiu_1a_aula
4776,visitou_site
5325,renovou
1897,assistiu_1a_aula
2885,criou_conta
5907,assistiu_1a_aula
5511,visitou_site
5199,criou_conta
1679,visitou_site
1681,assinou plano
1926,assinou plano
4202,criou_conta
1371,assistiu_1a_aula
1740,visitou_site
4499,assistiu_1a_aula
2693,visitou_site
5849,criou_conta
3816,visitou_site
1303,visitou_site
3933,criou_conta
5789,visitou_site
4661,assinou plano
3272,renovou
1045,criou_conta
3701,visitou_site
3659,visitou_site
1149,criou_conta
3956,criou_conta
2591,criou_conta
4734,assistiu_1a_aula
5871,assistiu_1a_aula
3665,visitou_site
3430,assistiu_1a_aula
1070,visitou_site
3861,assistiu_1a_aula
4888,visitou_site
1066,assistiu_1a_aula
1707,visitou_site
2516,criou_conta
1179,visitou_site
5884,criou_conta
5017,visitou_site
5485,assistiu_1a_aula
4106,criou_conta
1271,criou_conta
2603,assistiu_1a_aula
1092,assistiu_1a_aula
5962,assistiu_1a_aula
4492,assistiu_1a_aula
2649,visitou_site
4796,visitou_site
3973,visitou_site
3251,criou_conta
2256,assistiu_1a_aula
4501,renovou
3777,criou_conta
1129,assinou_plano
5423,visitou_site
3307,assistiu_1a_aula
2438,visitou_site
1045,assistiu_1a_aula
1233,assinou plano
2299,criou_conta
1533,criou_conta
3834,criou_conta
5536,renovou
2884,renovou
5436,visitou_site
5833,assistiu_1a_aula
5939,visitou_site
2653,assistiu_1a_aula
1881,visitou_site
5057,visitou_site
4757,criou_conta
1099,assistiu_1a_aula
5622,visitou_site
5357,criou_conta
3120,assinou_plano
5461,criou_conta
3168,criou_conta
4460,Assinou_Plano
5059,assistiu_1a_aula
4518,criou_conta
2904,visitou_site
5245,assistiu_1a_aula
4974,visitou_site
1067,visitou_site
2316,visitou_site
3571,criou_conta
4024,assistiu_1a_aula
5417,visitou_site
1577,visitou_site
1409,criou_conta
1617,renovou
1548,assinou_plano
1784,assistiu_1a_aula
4131,criou_conta
1367,visitou_site
5790,Assinou_Plano
1210,assistiu_1a_aula
2333,visitou_site
1197,criou_conta
1074,visitou_site
2305,criou_conta
3620,criou_conta
1907,assistiu_1a_aula
3821,Assinou_Plano
2906,criou_conta
4411,renovou
4735,assistiu_1a_aula
5438,visitou_site
2175,criou_conta
5504,renovou
2297,renovou
5438,assistiu_1a_aula
3570,criou_conta
2049,assistiu_1a_aula
2892,criou_conta
4251,visitou_site
5672,visitou_site
4757,visitou_site
3831,visitou_site
4215,visitou_site
1177,criou_conta
2063,criou_conta
1083,criou_conta
1826,assinou plano
1471,assistiu_1a_aula
3434,visitou_site
1316,visitou_site
5024,assistiu_1a_aula
3030,assistiu_1a_aula
4209,assistiu_1a_aula
4550,visitou_site
1754,criou_conta
5619,assinou plano
2542,criou_conta
5307,assistiu_1a_aula
2107,visitou_site
5949,assinou plano
3157,criou_conta
4225,visitou_site
5368,criou_conta
4632,criou_conta
4611,assistiu_1a_aula
1808,assistiu_1a_aula
4397,criou_conta
3067,criou_conta
5142,renovou
4488,visitou_site
2551,assinou_plano
5807,visitou_site
4254,criou_conta
3572,visitou_site
5058,visitou_site
3385,criou_conta
1817,criou_conta
4026,criou_conta
4365,visitou_site
2988,visitou_site
3995,assistiu_1a_aula
1852,assinou plano
5395,assinou_plano
2570,criou_conta
5604,visitou_site
3824,assistiu_1a_aula
1762,assinou_plano
1679,assinou plano
5748,visitou_site
1309,assistiu_1a_aula
1264,visitou_site
3524,criou_conta
4042,criou_conta
1136,Assinou_Plano
1081,visitou_site
2388,criou_conta
5192,visitou_site
4248,assistiu_1a_aula
4320,visitou_site
4922,criou_conta
3818,visitou_site
5277,visitou_site
4481,criou_conta
4745,visitou_site
3578,criou_conta
3049,criou_conta
5084,visitou_site
4306,assistiu_1a_aula
4860,assistiu_1a_aula
3618,assinou_plano
3631,criou_conta
4519,criou_conta
3411,assistiu_1a_aula
1899,renovou
4806,visitou_site
2145,visitou_site
4019,visitou_site
2282,visitou_site
4233,criou_conta
4682,visitou_site
5343,visitou_site
2798,visitou_site
1145,visitou_site
1472,visitou_site
1759,criou_conta
4202,visitou_site
1652,criou_conta
2105,criou_conta
4906,visitou_site
3717,criou_conta
1416,criou_conta
5226,criou_conta
2599,visitou_site
4426,Assinou_Plano
5439,visitou_site
1613,assistiu_1a_aula
5941,criou_conta
4489,criou_conta
3323,criou_conta
1146,criou_conta
2726,visitou_site
3373,visitou_site
1665,assistiu_1a_aula
3630,assistiu_1a_aula
4319,renovou
2052,criou_conta
5986,assistiu_1a_aula
5730,visitou_site
1414,criou_conta
5892,assistiu_1a_aula
4730,visitou_site
3246,criou_conta
3655,visitou_site
2360,assistiu_1a_aula
5793,Assinou_Plano
2286,visitou_site
2742,assistiu_1a_aula
2445,assistiu_1a_aula
4655,criou_conta
4636,renovou
3941,Assinou_Plano
1866,visitou_site
5582,criou_conta
5782,visitou_site
4946,criou_conta
1329,assistiu_1a_aula
4981,criou_conta
1097,criou_conta
1964,criou_conta
5173,visitou_site
5353,assistiu_1a_aula
2046,renovou
3176,visitou_site
3085,visitou_site
2884,assinou plano
5132,criou_conta
2563,assistiu_1a_aula
4813,visitou_site
4185,visitou_site
5463,assistiu_1a_aula
5152,assistiu_1a_aula
2005,criou_conta
5577,assistiu_1a_aula
3152,visitou_site
2227,criou_conta
2881,visitou_site
1076,visitou_site
5593,visitou_site
1483,visitou_site
1394,assistiu_1a_aula
4912,criou_conta
2281,visitou_site
5588,assistiu_1a_aula
4764,assistiu_1a_aula
1436,visitou_site
3838,criou_conta
2808,visitou_site
5892,visitou_site
1334,assistiu_1a_aula
3681,renovou
4456,criou_conta
5411,visitou_site
2364,assistiu_1a_aula
4071,assistiu_1a_aula
5564,criou_conta
5432,visitou_site
3092,visitou_site
5783,visitou_site
1051,visitou_site
2775,assistiu_1a_aula
5502,assinou_plano
1013,visitou_site
4834,visitou_site
4504,criou_conta
3977,visitou_site
2775,criou_conta
4928,criou_conta
4020,renovou
4588,assistiu_1a_aula
3739,assistiu_1a_aula
5503,visitou_site
2817,criou_conta
1941,renovou
1903,visitou_site
5372,renovou
1002,visitou_site
2936,criou_conta
3784,renovou
2511,criou_conta
3992,visitou_site
5544,visitou_site
1877,assistiu_1a_aula
5026,assinou plano
1671,renovou
2964,renovou
2913,criou_conta
2592,assinou_plano
3698,visitou_site
1936,criou_conta
3821,renovou
5565,criou_conta
4878,assinou plano
4554,criou_conta
3317,visitou_site
4302,visitou_site
4270,criou_conta
1698,visitou_site
2634,visitou_site
1622,assinou plano
1458,visitou_site
1119,visitou_site
2269,criou_conta
3519,criou_conta
5133,renovou
5936,criou_conta
5129,renovou
5020,assistiu_1a_aula
2898,visitou_site
3204,assistiu_1a_aula
5208,criou_conta
2318,criou_conta
4554,assistiu_1a_aula
1651,visitou_site
5851,criou_conta
2244,visitou_site
4795,criou_conta
3266,Assinou_Plano
2828,visitou_site
5031,criou_conta
4811,assistiu_1a_aula
1675,assistiu_1a_aula
3969,criou_conta
3758,visitou_site
4940,criou_conta
2856,visitou_site
2245,assistiu_1a_aula
4337,Assinou_Plano
5096,assistiu_1a_aula
5890,visitou_site
5496,assistiu_1a_aula
5244,assistiu_1a_aula
1176,assistiu_1a_aula
1748,assistiu_1a_aula
3623,visitou_site
5424,renovou
1859,criou_conta
2324,visitou_site
2834,visitou_site
2570,assistiu_1a_aula
5248,renovou
5917,visitou_site
4013,renovou
2392,visitou_site
3628,assistiu_1a_aula
2232,renovou
3039,criou_conta
5071,criou_conta
2801,assinou_plano
4211,visitou_site
3532,visitou_site
4176,visitou_site
1885,visitou_site
3171,visitou_site
4181,assistiu_1a_aula
2998,assistiu_1a_aula
1215,criou_conta
1928,visitou_site
2644,criou_conta
3494,criou_conta
2825,visitou_site
3156,visitou_site
5958,criou_conta
1727,criou_conta
1831,criou_conta
3166,visitou_site
3795,visitou_site
3718,visitou_site
3289,visitou_site
1234,visitou_site
5580,assistiu_1a_aula
2663,criou_conta
1069,visitou_site
1511,assistiu_1a_aula
1889,visitou_site
3726,visitou_site
1419,assistiu_1a_aula
3989,assistiu_1a_aula
3597,visitou_site
1810,visitou_site
5990,criou_conta
2905,visitou_site
2205,criou_conta
3316,assistiu_1a_aula
4260,visitou_site
2750,visitou_site
2269,assistiu_1a_aula
3528,assistiu_1a_aula
4213,assistiu_1a_aula
2554,criou_conta
1495,assistiu_1a_aula
1620,visitou_site
1448,assistiu_1a_aula
5311,visitou_site
1561,criou_conta
5824,criou_conta
4114,criou_conta
4620,criou_conta
3043,criou_conta
4812,assinou_plano
5665,renovou
3987,visitou_site
3200,renovou
5284,criou_conta
1519,renovou
3338,visitou_site
4602,visitou_site
5268,visitou_site
1037,assistiu_1a_aula
3973,assistiu_1a_aula
1033,visitou_site
4095,visitou_site
1313,assistiu_1a_aula
3073,assistiu_1a_aula
3194,visitou_site
2095,assistiu_1a_aula
3254,assistiu_1a_aula
3183,visitou_site
5549,visitou_site
5276,assinou plano
1269,criou_conta
2336,assinou plano
2397,visitou_site
2931,visitou_site
5889,visitou_site
2075,assistiu_1a_aula
5561,assistiu_1a_aula
4946,visitou_site
3352,visitou_site
3779,criou_conta
5230,visitou_site
4766,criou_conta
4899,visitou_site
2258,criou_conta
4936,visitou_site
1873,visitou_site
4431,visitou_site
1326,assistiu_1a_aula
2471,criou_conta
3865,visitou_site
1961,visitou_site
3954,assistiu_1a_aula
5964,assistiu_1a_aula
1522,criou_conta
4568,assistiu_1a_aula
2267,criou_conta
2646,assistiu_1a_aula
3211,assinou plano
1502,assistiu_1a_aula
2154,visitou_site
4196,visitou_site
2326,assistiu_1a_aula
2998,visitou_site
4557,criou_conta
3344,renovou
2230,criou_conta
3682,visitou_site
4898,assistiu_1a_aula
5074,criou_conta
1806,criou_conta
2281,assinou_plano
5556,assistiu_1a_aula
1367,assistiu_1a_aula
5688,visitou_site
2594,renovou
5397,criou_conta
5663,visitou_site
1004,Assinou_Plano
5696,criou_conta
2989,criou_conta
2550,assistiu_1a_aula
2546,renovou
2205,assistiu_1a_aula
3813,assistiu_1a_aula
3326,visitou_site
1063,assistiu_1a_aula
5936,visitou_site
1684,visitou_site
5086,visitou_site
2526,criou_conta
5247,visitou_site
2703,visitou_site
3884,criou_conta
5950,assistiu_1a_aula
5732,assistiu_1a_aula
2718,assistiu_1a_aula
2822,criou_conta
4405,visitou_site
4296,assistiu_1a_aula
2013,visitou_site
4107,assistiu_1a_aula
1137,visitou_site
5235,criou_conta
2241,criou_conta
5614,assistiu_1a_aula
3180,assinou_plano
4750,assistiu_1a_aula
3657,assistiu_1a_aula
4893,visitou_site
5310,criou_conta
1652,assistiu_1a_aula
3926,renovou
4113,visitou_site
3631,visitou_site
5429,visitou_site
4497,criou_conta
5875,criou_conta
5781,visitou_site
3745,renovou
1172,visitou_site
5177,criou_conta
2512,visitou_site
2343,assinou_plano
4014,visitou_site
2509,visitou_site
3323,visitou_site
1468,visitou_site
2113,visitou_site
2067,visitou_site
5306,visitou_site
1991,Assinou_Plano
5309,assistiu_1a_aula
3596,visitou_site
4903,visitou_site
2326,criou_conta
1697,visitou_site
2154,criou_conta
1503,visitou_site
3801,assistiu_1a_aula
3118,criou_conta
1358,renovou
2934,visitou_site
2048,visitou_site
5056,assistiu_1a_aula
3785,visitou_site
5169,assistiu_1a_aula
5614,visitou_site
1472,renovou
5163,criou_conta
5490,criou_conta
3587,assistiu_1a_aula
2901,visitou_site
1708,criou_conta
5264,criou_conta
1705,assistiu_1a_aula
4175,visitou_site
2045,visitou_site
5522,assistiu_1a_aula
5444,criou_conta
1595,visitou_site
2951,criou_conta
5327,visitou_site
4933,visitou_site
1868,renovou
2004,criou_conta
3990,criou_conta
5251,visitou_site
3673,assistiu_1a_aula
5278,visitou_site
5309,renovou
1476,criou_conta
1986,visitou_site
1107,assinou plano
5539,criou_conta
2735,assinou_plano
2977,criou_conta
2823,visitou_site
5347,criou_conta
4738,criou_conta
4361,assistiu_1a_aula
1556,criou_conta
3807,visitou_site
5024,renovou
3269,visitou_site
5288,visitou_site
3354,criou_conta
2293,assinou_plano
1479,assistiu_1a_aula
2276,criou_conta
1432,visitou_site
2076,assistiu_1a_aula
3875,visitou_site
1808,visitou_site
1523,criou_conta
5421,visitou_site
4083,assistiu_1a_aula
4676,criou_conta
1803,Assinou_Plano
3103,visitou_site
5215,assistiu_1a_aula
2126,criou_conta
2138,assistiu_1a_aula
4729,visitou_site
3942,visitou_site
4794,assinou_plano
1094,visitou_site
5871,visitou_site
5843,assistiu_1a_aula
2459,assinou plano
4941,criou_conta
2809,Assinou_Plano
3481,visitou_site
4224,criou_conta
3765,criou_conta
5155,visitou_site
2881,assistiu_1a_aula
3770,visitou_site
5942,criou_conta
4881,visitou_site
5119,assistiu_1a_aula
3183,assistiu_1a_aula
1221,visitou_site
2870,criou_conta
1579,visitou_site
2899,visitou_site
2838,visitou_site
2311,assinou plano
4749,visitou_site
3070,criou_conta
2443,visitou_site
1708,assistiu_1a_aula
3098,criou_conta
5371,visitou_site
2365,visitou_site
1371,visitou_site
2943,criou_conta
1175,criou_conta
1686,visitou_site
5092,criou_conta
5383,assistiu_1a_aula
1473,assinou_plano
3664,renovou
1390,visitou_site
2804,visitou_site
1782,visitou_site
2786,assinou plano
2947,visitou_site
2125,criou_conta
2364,visitou_site
2199,assistiu_1a_aula
2376,visitou_site
2210,visitou_site
4341,assistiu_1a_aula
3954,criou_conta
4020,assistiu_1a_aula
4955,criou_conta
2650,assistiu_1a_aula
1731,visitou_site
2793,criou_conta
2136,visitou_site
2649,assistiu_1a_aula
5218,visitou_site
2815,criou_conta
5889,criou_conta
3506,visitou_site
2448,renovou
3972,assistiu_1a_aula
3605,visitou_site
3788,assistiu_1a_aula
2067,assinou plano
3787,visitou_site
5456,assistiu_1a_aula
4835,criou_conta
3710,visitou_site
5742,visitou_site
1719,visitou_site
3144,criou_conta
2701,assistiu_1a_aula
2487,criou_conta
2950,visitou_site
1408,criou_conta
4173,assistiu_1a_aula
4925,visitou_site
4141,criou_conta
2065,visitou_site
5625,assistiu_1a_aula
4975,visitou_site
3260,visitou_site
3561,criou_conta
3401,criou_conta
4705,visitou_site
4372,visitou_site
2026,criou_conta
5271,assinou plano
2336,assistiu_1a_aula
2044,criou_conta
3972,criou_conta
5836,visitou_site
5929,criou_conta
1794,criou_conta
4439,visitou_site
3226,assistiu_1a_aula
1034,visitou_site
1863,visitou_site
1716,assistiu_1a_aula
4522,renovou
1806,visitou_site
3687,criou_conta
4475,visitou_site
3974,assistiu_1a_aula
1286,assistiu_1a_aula
4846,assistiu_1a_aula
2377,visitou_site
2021,visitou_site
1481,assinou plano
4400,assistiu_1a_aula
1409,assistiu_1a_aula
5340,assinou plano
5685,criou_conta
2241,assistiu_1a_aula
2039,visitou_site
5766,visitou_site
1665,criou_conta
3610,assinou plano
2239,assistiu_1a_aula
4179,assinou_plano
1419,criou_conta
2153,assistiu_1a_aula
3600,visitou_site
3966,assinou plano
4608,criou_conta
5940,criou_conta
4838,criou_conta
5738,assistiu_1a_aula
5885,renovou
4350,visitou_site
5851,assinou plano
1190,renovou
3401,visitou_site
2636,assistiu_1a_aula
1411,criou_conta
5699,criou_conta
2778,assistiu_1a_aula
4811,visitou_site
3882,assistiu_1a_aula
5171,Assinou_Plano
1166,assistiu_1a_aula
1978,criou_conta
2861,criou_conta
4870,criou_conta
5056,criou_conta
1410,criou_conta
4711,criou_conta
4253,visitou_site
4952,criou_conta
5462,criou_conta
3443,assistiu_1a_aula
5565,visitou_site
4844,assinou_plano
5861,assinou_plano
3014,visitou_site
2570,visitou_site
2681,criou_conta
4235,visitou_site
4405,criou_conta
5886,renovou
4948,assinou_plano
1831,assistiu_1a_aula
3217,criou_conta
1671,visitou_site
2327,criou_conta
1633,visitou_site
3287,renovou
3049,Assinou_Plano
2758,visitou_site
5884,visitou_site
4449,criou_conta
1543,assinou_plano
3520,criou_conta
2171,visitou_site
5504,assistiu_1a_aula
2402,visitou_site
2447,criou_conta
1401,visitou_site
2655,assistiu_1a_aula
2859,visitou_site
4198,renovou
3171,criou_conta
5142,Assinou_Plano
2469,assistiu_1a_aula
4237,visitou_site
2004,Assinou_Plano
2659,visitou_site
4588,criou_conta
4734,criou_conta
1604,criou_conta
4169,criou_conta
3802,assistiu_1a_aula
4556,visitou_site
4038,criou_conta
5301,visitou_site
2424,visitou_site
4119,Assinou_Plano
4609,criou_conta
5941,assinou_plano
3700,criou_conta
1173,visitou_site
5620,Assinou_Plano
3327,visitou_site
1268,renovou
5151,visitou_site
4248,visitou_site
1434,assinou plano
